-1.086515421705266160e+00,5.136631055910351185e-01,1.254842088828823365e-01
-1.151740677745402897e+00,-1.670225732914713546e-01,-5.906133842703834708e-02
-1.325486723945459522e+00,2.736659213152708436e-01,1.258160945766095273e-01
-1.107650912301784585e+00,5.517579263180752980e-01,1.820298499233361789e-01
-1.035266296705422473e+00,1.008890206181676519e-01,-1.625876347262604771e-01
-1.291347893176851169e+00,4.623591266072196726e-01,2.405207607427500838e-01
-1.054313487706052044e+00,-1.019572721505865448e-01,-1.504091104473233020e-01
-1.155548114737123377e+00,3.585293779278915238e-01,4.473951545616076941e-02
-1.124147928046779210e+00,-5.452658687196196979e-02,-1.064514313171622123e-01
-9.175774820405709908e-01,1.334915881907255096e-02,-2.160999247222217534e-01
-8.381116204374774448e-01,-3.480463436453323234e-01,-8.573547136502412958e-02
-9.289365690909275886e-01,2.851080194345708696e-01,-1.335200786385435379e-01
-1.096693721141666300e+00,2.848756643388628551e-01,-4.963144757408199936e-02
-1.132337782518337388e+00,-3.886130148106752003e-02,-1.013305596493930399e-01
-9.249964106060144520e-01,-8.471364896267580269e-02,-2.082152326417222588e-01
-1.056109421859908082e+00,-2.187223343596212677e-01,-1.117829170431302033e-01
-1.119530128120174162e+00,-2.173030878265794219e-01,-6.587806205513564717e-02
-1.001791044755312665e+00,-2.122666644019733928e-01,-1.458700240275285498e-01
-9.668486140913915561e-01,-3.533245554964282720e-01,-8.048552022824405350e-02
-8.950591084231773742e-01,5.248755344973383696e-01,5.829643235546755342e-02
-1.125529691936395515e+00,-6.066372816591962536e-02,-1.046395602916188328e-01
-7.606507749525814877e-01,-2.362721980937797506e-01,-1.057287860282453557e-01
-1.090084788255099912e+00,1.606682278915496850e-02,-1.354729750574068248e-01
-7.029790701547865561e-01,6.037277721441465517e-02,-1.001114598138798800e-01
-9.127142991512918746e-01,3.799759711018897007e-02,-2.152608185558944065e-01
-1.049815651025497454e+00,9.492218970419079305e-02,-1.547149309593838784e-01
-1.049404521595262985e+00,-3.612959773941246677e-01,-3.345447836341788883e-02
-9.170389527027551502e-01,-6.605815675390606934e-02,-2.119677446125391163e-01
-8.683222808666692938e-01,2.653098506947148549e-01,-1.442880905655907486e-01
-8.748221360873624786e-01,9.031064186787833570e-02,-2.075055250743535751e-01
-8.228176863003724417e-01,-2.385615755690738415e-01,-1.439333537525253892e-01
-1.042156693024850700e+00,1.622026512342047977e-01,-1.422544249796996174e-01
-1.010687454148614384e+00,1.544830021382389562e-01,-1.626228331838144026e-01
-7.850654445893026079e-01,3.578526331527674964e-01,-5.178114060608107749e-02
-1.197494405745165302e+00,6.911396282693240689e-01,4.290019851122440775e-01
-1.071342246513311780e+00,-4.566688825650736527e-01,5.929312801980513026e-02
-8.760910028827632035e-01,5.060816495136898074e-02,-2.132643120263681691e-01
-1.285982438526566796e+00,9.981253424305533417e-02,3.270017392240706644e-02
-8.829067031123816189e-01,-9.683021085886166224e-02,-2.071740943463868945e-01
-8.922353454122804450e-01,7.276234413651448685e-02,-2.118258884563998246e-01
-1.028391478383663404e+00,-7.030633186034686288e-02,-1.718662603157076751e-01
-9.420099399244655780e-01,5.899589189721898830e-02,-2.088308886044353552e-01
-9.831696359059435286e-01,6.270787749745258821e-02,-1.952954937913175260e-01
-9.466044172724018546e-01,-2.120820365449251343e-01,-1.662577362256458247e-01
-8.402668538948798727e-01,3.852326837895392320e-02,-2.061236082719829776e-01
-9.738149283233791254e-01,3.791311227988971577e-01,-5.912152494038844242e-02
-1.090330120492185362e+00,-1.186755213867373426e-01,-1.214652030293467133e-01
-9.890624626426605115e-01,1.339206735064382148e-01,-1.788163823268733299e-01
-9.938344733788170293e-01,-1.087360796625198023e-01,-1.828189194473859303e-01
-9.012833630444189170e-01,-1.960614818102710821e-01,-1.787751821843887867e-01
-8.268284596633712624e-01,-1.413944671645911977e-01,-1.825701106379530869e-01
-9.160553202104746440e-01,1.275952604899708853e-01,-2.001443363906366679e-01
-9.760457065940678634e-01,-3.462415269640623516e-01,-8.214586358777402342e-02
-1.134873632552016343e+00,2.341845121395326745e-01,-4.594373142103165553e-02
-9.953876065735601797e-01,-8.418568342586556230e-02,-1.868493847079528425e-01
-9.554297313464531483e-01,-4.342178226606586144e-01,-2.034597981314334447e-02
-1.121553910060046677e+00,2.675794912771760070e-01,-3.989328795419712359e-02
-1.185584899784920543e+00,1.108523717191368108e-01,-4.638910148035430003e-02
-1.228504717772890942e+00,-1.223659445008719662e-02,-2.267448874710470755e-02
-9.421727313588084129e-01,3.546234166470861870e-01,-8.651728629744553922e-02
-1.109624407486011322e+00,-7.784564962732461353e-03,-1.208152726514048619e-01
-7.218098027636115077e-01,4.027969922448094153e-01,3.738787346409308543e-02
-8.251800062815833892e-01,-5.875454542937957880e-01,1.433412299491844122e-01
-9.521979274463636678e-01,5.147083615239024246e-01,5.513234399491601101e-02
-8.779045342917938255e-01,-3.792418507207648837e-01,-7.221958201481076811e-02
-1.085407274242209841e+00,-5.721202295326500292e-02,-1.359048402584778492e-01
-9.221422406595513044e-01,-3.889785363127998830e-01,-6.446181829769020988e-02
-1.088180561446955297e+00,2.507075440924860787e-01,-7.428558983600155874e-02
-1.161834311318992174e+00,1.646206921139404533e-01,-5.147597544561666183e-02
-9.934143895005498326e-01,2.535707227646318285e-01,-1.305336178897772703e-01
-1.014389039284620209e+00,-5.899854217653191513e-02,-1.810742153070487859e-01
-8.938757681540270283e-01,2.747659283529211294e-01,-1.416743680437765884e-01
-9.805261081266510859e-01,1.674316367034377473e-01,-1.722588325499652961e-01
-9.125478246777858349e-01,2.460920142874558139e-02,-2.161114326944816588e-01
-9.034726543395408260e-01,7.352123506016179644e-02,-2.117661567958719626e-01
-1.344338058817849735e+00,-9.806753449396579669e-02,7.278384904199916572e-02
-6.907143722615081138e-01,3.285051831293336333e-01,1.903871400709915285e-02
-1.014164088925216589e+00,1.395716919889574414e-01,-1.651936505418634682e-01
-1.016836804700844921e+00,-4.314761654698211213e-02,-1.813882844437724740e-01
-1.158677410343046832e+00,5.505338294385450290e-03,-8.117397962381164844e-02
-1.141000886171282369e+00,-1.635196252478014756e-01,-6.905466738462993914e-02
-1.041951394084085880e+00,7.867720299251738936e-02,-1.625013316285784659e-01
-1.024706757789727751e+00,1.565995706877909843e-01,-1.543890064691770259e-01
-9.698017460704979609e-01,3.119065729885096006e-01,-1.070203827844727063e-01
-1.268185933630694207e+00,6.927600813057911422e-01,4.890180782531890480e-01
-8.725105011528828669e-01,-2.045730191258607333e-01,-1.734891271463871454e-01
-1.035162267472282238e+00,7.995267900263300920e-01,4.664145504003786025e-01
-1.032005667112093406e+00,1.380934815700652143e-02,-1.745121006237262962e-01
-1.040631467710422253e+00,4.210437082608036174e-01,7.770919954348726177e-03
-1.045226775843110190e+00,2.150569662000816895e-01,-1.203957189476590195e-01
-9.556576561269446435e-01,-4.024184122966087962e-01,-4.688512812275083541e-02
-8.171102417710960353e-01,1.591210094462525426e-01,-1.729123791314374214e-01
-1.087308180339666475e+00,-3.492641642715062222e-02,-1.365628932121373817e-01
-9.659546339191136255e-01,1.779606843850205788e-01,-1.739542236524032615e-01
-1.010339697722116625e+00,8.875409033743567044e-02,-1.787895747005280311e-01
-9.477458389303375919e-01,3.669312738123021167e-01,-7.631527953829561617e-02
-8.428728548330258752e-01,6.023059683631846184e-01,1.543121285801664910e-01
-1.230154537322547537e+00,2.084098447146220112e-01,2.196971378589505919e-02
-9.405631207578277753e-01,1.904700804367563949e-01,-1.763499776415877740e-01
-8.522935824551629569e-01,2.564454358382861621e-01,-1.454413854630298708e-01
-8.834680078915804202e-01,-1.267688150342817788e-01,-2.005278699984788526e-01
-7.235384913536415663e-01,-1.778165902703019441e-01,-9.506870613109906498e-02
-1.248998964123112065e+00,-4.212000999451537275e-01,1.712956354259329295e-01
-1.125943578517047738e+00,-5.220038982080420498e-01,1.644998674255553073e-01
-7.233686685310414255e-01,-3.538953624015859778e-01,-1.266556662097240160e-03
-1.189883031120757106e+00,-1.032482068828830674e-01,-4.440529429163701108e-02
-1.082947010893798412e+00,3.523988392342674025e-01,-1.678755145655345948e-02
-8.761376710064052720e-01,-3.911273801540689488e-01,-6.285072671495522956e-02
-1.061512164008009851e+00,1.971244285186649348e-01,-1.171556535689008416e-01
-9.817422795049300932e-01,4.451032298556232836e-01,-1.689233384181060282e-03
-9.289017026316324088e-01,5.113243594084663224e-01,4.664041902364782222e-02
-9.845281222954972433e-01,4.929375937648874384e-01,4.431799574077238679e-02
-6.536069637245905950e-01,-3.857170457682346232e-01,1.101900713195092529e-01
-1.028119920241076013e+00,-1.725889458908258234e-01,-1.471788388718652807e-01
-1.028764318823708113e+00,-2.214854545327816226e-01,-1.275381101802515460e-01
-9.714569023740196041e-01,7.673881523385057968e-02,-1.978301237712260241e-01
-7.465505554948477229e-01,2.090329688391423801e-01,-1.056118224022332408e-01
-1.174389606811182096e+00,-3.809424242085471257e-02,-6.662568313092652461e-02
-1.094151906884837100e+00,-3.738818198673546367e-01,7.089841954386666423e-03
-8.833231632916092035e-01,-5.294272001180906351e-01,6.370717976561454665e-02
-1.043979917401019364e+00,-1.575489622263435696e-01,-1.426062707464539059e-01
-1.197511954595013028e+00,-5.981393923210991375e-04,-4.865691109049253421e-02
-9.045813809682626827e-01,-2.723721486019605731e-01,-1.429529512032721716e-01
-1.062673975485991074e+00,1.955992475225462324e-01,-1.169684793965184433e-01
-1.184657672263683681e+00,5.725414111893806224e-01,2.683472031586813800e-01
-1.032645669547690215e+00,-1.090945347716905378e-01,-1.624237519618375314e-01
-7.259920474295487036e-01,-8.832510298914798552e-01,6.508789199186565400e-01
-1.147727247100492676e+00,1.158443545784504231e-01,-7.685108640638989297e-02
-9.171748856389663196e-01,6.486379955478758230e-01,2.044131362065197133e-01
-1.085842536707325001e+00,1.358280917049813630e-01,-1.204099672361060580e-01
-1.215763779505723008e+00,3.359057472188000520e-02,-3.225756599949101966e-02
-1.052953574878026322e+00,2.514093257650603097e-01,-9.848684127562626345e-02
-8.300037711160653808e-01,4.238976173505446671e-02,-2.020560987583733814e-01
-9.628814978944424396e-01,9.004525897131251955e-02,-1.985217691479874147e-01
-1.103700264713182388e+00,8.743675746912783764e-02,-1.178071699470252254e-01
-7.817360613888219012e-01,2.643679048062321790e-01,-1.076737579410061568e-01
-8.748549953120264844e-01,2.399554187337007705e-01,-1.580872957190823103e-01
-1.122723645984097463e+00,-2.774207748953570474e-01,-3.359859779053647744e-02
-8.257330994958531623e-01,-4.556450062690316494e-01,5.509222668785507260e-03
-8.020321711337566883e-01,-8.037873169993371703e-02,-1.839069081104811876e-01
-1.061873113717623607e+00,-2.472621846385136268e-01,-9.463124485073258485e-02
-8.696872815852099148e-01,3.017606214445339718e-02,-2.139935776371762466e-01
-9.701424508115390477e-01,1.921089870276351114e-02,-2.038171573334029985e-01
-9.749418722899766410e-01,5.226475686747753674e-03,-2.024165373180139005e-01
-9.885551796240052980e-01,-3.530588195804718055e-01,-7.231937787005654483e-02
-1.008036195154357495e+00,-5.900145830380108120e-02,-1.843604014630651489e-01
-1.096262425862567280e+00,1.556904892122704387e-01,-1.068713936099007500e-01
-1.042053320755108814e+00,-2.672378471665580110e-02,-1.679140829610373531e-01
-8.890166701981390140e-01,1.319624807875481587e-01,-1.995640780860091223e-01
-9.171397521998814195e-01,-3.021319963164829647e-01,-1.250378196047416401e-01
-1.208053007689160685e+00,6.532580444276481213e-01,3.869236185871796629e-01
-1.124532478442157535e+00,-2.625234038654627455e-01,-4.019878517069049029e-02
-7.704944812959071410e-01,-8.825844898402418481e-02,-1.615823769813010957e-01
-1.098244510414892128e+00,4.222487011613526575e-03,-1.295950887750564329e-01
-1.084825170261322747e+00,1.966315330679924422e-01,-1.009398404081477685e-01
-9.568287211541426363e-01,3.552541183123426038e-01,-8.228046492658019906e-02
-1.093528199806436785e+00,4.391706060043826798e-01,5.970574784293064541e-02
-8.833861239953351152e-01,9.584411737616514992e-01,7.020181760203012544e-01
-1.007239139684358298e+00,2.069964193314531853e-01,-1.453959768633911465e-01
-1.122721023289784847e+00,-2.294539560121334199e-01,-5.791385611477095630e-02
-1.112750974351467192e+00,-4.299980606173243319e-02,-1.165883631079683708e-01
-1.116827819196006377e+00,8.938990899153645420e-02,-1.072443775080911682e-01
-8.647839718747578619e-01,1.964035949980237061e-01,-1.754652096635819780e-01
-8.313287187327875749e-01,-2.232063668200156004e-01,-1.545523283850726015e-01
-8.366176203048688587e-01,-7.524384678463469367e-02,-2.006835964780380455e-01
-8.412788066077107052e-01,1.385603651476660092e-01,-1.887446157642953537e-01
-1.015102950448307340e+00,-3.152853426149160310e-01,-8.477176737275649021e-02
-1.087403609203760446e+00,4.589822326081424153e-01,7.295218937074360310e-02
-1.274723596656325286e+00,-6.442195925238018983e-01,4.291881458045956887e-01
-1.298987929145466902e+00,-7.926061282495360238e-01,6.605843403717970297e-01
-8.191888245370364530e-01,-1.301717329801344303e-01,-1.822618880268226660e-01
-9.542463228738178316e-01,-1.398451771276864319e-01,-1.896700738403247488e-01
-9.987909965420386227e-01,-3.478236321530039227e-02,-1.911470446304620874e-01
-1.024632820521917509e+00,-5.318914333909566250e-02,-1.761250843928658105e-01
-1.166309064306805254e+00,1.458328931028979314e-01,-5.357427924152655119e-02
-8.698898161174548616e-01,3.194302606814541923e-01,-1.129012149462125247e-01
-8.861001696404741113e-01,-6.168254715037108094e-02,-2.129951157086945879e-01
-1.075974808638358926e+00,-2.217845811236679732e-01,-9.679660219222263606e-02
-1.026901315352352295e+00,4.941496828009809411e-02,-1.752234162012098195e-01
-1.095098513644319427e+00,-1.419034255985381077e-01,-1.118505196255241141e-01
-8.671814824600418969e-01,-1.762953104365790613e-01,-1.833996225278048120e-01
-9.501497689248805667e-01,-6.145328192227365038e-01,1.673123037867374208e-01
-8.970716277422265961e-01,-7.476792907565155133e-02,-2.116363356838936727e-01
-1.393509798192536397e+00,1.628805781753965010e-01,1.172621477724022643e-01
-9.541406966986968330e-01,1.848814915405929127e-01,-1.750752246181383753e-01
-1.066280486730935007e+00,6.913635985205773306e-03,-1.527171240126804497e-01
-1.058411165145094035e+00,2.698312146031440761e-01,-8.528566486313848838e-02
-9.201842111389086920e-01,5.801886563471453373e-01,1.206199782689551248e-01
-1.111091283214974190e+00,6.760405938944814563e-01,3.372971499261673278e-01
-8.989134856992354594e-01,-5.552724425025206134e-01,9.109400278352902669e-02
-9.949993271178333432e-01,2.696487005128712089e-01,-1.214035419263197607e-01
-1.063341944474713863e+00,-4.866091504636276266e-01,8.201450038046170787e-02
-1.026046465760757087e+00,1.954241848223502720e-01,-1.399623750100011388e-01
-1.024813645312144583e+00,-3.667773609298446980e-02,-1.775068054432543119e-01
-1.075380457416795554e+00,-2.953297451991530598e-01,-5.918750478005600779e-02
-7.499727063366110613e-01,-4.511164337304186533e-01,5.111400215902006661e-02
-9.324557203346131029e-01,-1.503261023298853305e-01,-1.916202217433250476e-01
-8.876367387867729608e-01,-3.231487093979273917e-01,-1.124746080267939041e-01
-8.698053614320973015e-01,-5.923455113475275535e-01,1.359499195136835148e-01
-7.015153708384682663e-01,-1.118431987304609534e-02,-1.019021798273661294e-01
-9.891981689057736116e-01,-4.131623510803445476e-01,-2.598929739716515641e-02
-8.256417241102689264e-01,1.161288961148057575e-01,-1.885785794596874787e-01
-9.877720863630812254e-01,-1.337191122452731917e-01,-1.794247870759582697e-01
-1.117403606656077963e+00,-6.775074675015382297e-01,3.442357237579968809e-01
-8.438461692517820190e-01,1.428135031416547795e-01,-1.883727242738508223e-01
-7.091874130032151946e-01,-8.909283097253750672e-02,-1.030108897222584280e-01
-1.008577557645965905e+00,5.566396805128638325e-01,1.222804846660055234e-01
-1.251385847668321727e+00,-7.632166623361207325e-01,5.783038371469816363e-01
-8.421962371720220775e-01,-2.459805590208656023e-01,-1.477364232531818145e-01
-1.296171366467253838e+00,9.811671242279416949e-02,3.992947717232900318e-02
-7.718362463083943137e-01,-7.234210700460171062e-02,-1.651576419792720740e-01
-1.106061720411900762e+00,-1.185236489583573749e-01,-1.095873409851766400e-01
-9.924467508699711393e-01,6.497291899436543616e-01,2.268829719724552441e-01
-9.504788854887393779e-01,-1.515227789202313879e-01,-1.872927329532706187e-01
-1.060689883006775691e+00,5.427963075568325094e-03,-1.565384918827582295e-01
-8.422159378938067764e-01,3.821474451068971878e-01,-6.221256012404405289e-02
-1.014550449848732772e+00,2.659037720603987243e-01,-1.137648260827106156e-01
-1.007029006153112194e+00,3.626817438726790410e-01,-5.681101651068368175e-02
-8.538146012112991512e-01,1.475655579225746417e-01,-1.898240405402145670e-01
-7.468904653688929196e-01,2.557790451021350608e-01,-8.419338652412540480e-02
-1.238162047186470271e+00,1.427085362314901018e-01,5.465616527049365486e-03
-8.090660626367910391e-01,-3.668780004980655152e-01,-5.961082916459681247e-02
-9.453351098564680699e-01,-1.047609367467715463e-01,-2.005687434028256555e-01
-8.584539916304025908e-01,-2.692539201271434424e-01,-1.402197022215925237e-01
-7.937923553550472189e-01,-1.216946423396292054e-01,-1.706679635400257244e-01
-8.418720585819539082e-01,-1.683071754267897180e-01,-1.798103802695436293e-01
-1.102161642998523483e+00,2.132627736379606453e-01,-8.115010825259316718e-02
-1.127510372473451206e+00,3.475331551653379480e-01,1.404776965082567275e-02
-8.979346102576419852e-01,-2.600869617693401525e-01,-1.495868833455787916e-01
-1.083982091963256567e+00,-1.977505041200875724e-01,-1.011138679611589264e-01
-1.141445283298542224e+00,-1.087509530052085949e-01,-8.360298795748215273e-02
-9.139430260499350478e-01,3.304562476712609165e-01,-1.074072121087575465e-01
-1.015328953145047564e+00,-2.192365887529034579e-02,-1.835757905677755375e-01
-7.503439158712658097e-01,1.423516721625291692e-01,-1.324583672447339489e-01
-1.071906697517762908e+00,2.754248349228974879e-01,-7.299901481777534840e-02
-1.016796780240713849e+00,2.458415385344334958e-01,-1.228334490655436789e-01
-7.360410867478703878e-01,-6.292875110565987473e-02,-1.354196009877547124e-01
-1.067766980585777681e+00,-1.324797954825434887e-01,-1.341893770019268739e-01
-1.198319289641089913e+00,-6.173098940152176306e-01,3.330919090900779644e-01
-1.098276656323269762e+00,1.426575991149929556e-01,-1.092373719310819891e-01
-1.157666576255307334e+00,1.629881551121596384e-01,-5.547951824309701324e-02
-9.046012957443212432e-01,-2.426446722236523523e-01,-1.582624667071898805e-01
-9.162116928888969225e-01,4.619747338648595991e-01,-2.989710608469892117e-03
-7.589339804503014708e-01,3.787873711435798540e-01,-1.664822819886652150e-02
-1.129887035839036269e+00,3.289050693602643682e-01,3.359072264037435418e-03
-9.108768735568589792e-01,-3.331292309794608997e-02,-2.157237747690597951e-01
-9.360851784559549582e-01,-1.311861088333863834e-01,-1.963368450714165769e-01
-1.117185692586053491e+00,-4.993730643217399456e-01,1.344208243184646379e-01
-1.316371808421716638e+00,1.672464604379531872e-01,7.267803600247410567e-02
-1.002505748549096021e+00,-3.502894499863655198e-01,-6.787878740557962143e-02
-9.919218712644445324e-01,-5.437202736106265810e-01,1.001332000194240235e-01
-1.041237703167197326e+00,-2.528391168058237715e-01,-1.052053910264832415e-01
-9.732298992747576705e-01,-8.189756916751658733e-02,-1.963695995710179054e-01
-9.873164266403875455e-01,-1.782856520424215829e-01,-1.657139895319586498e-01
-9.213593300372149297e-01,-1.901024720951841329e-01,-1.797226093321027118e-01
-9.721584088162840143e-01,5.356294719540510840e-01,8.343240738098328668e-02
-1.164615585952656351e+00,5.371737513350639814e-02,-7.337039031019396140e-02
-1.107206909723616572e+00,2.192616525721101384e-01,-7.467486907245721173e-02
-9.211661565566331422e-01,-2.557799419893636017e-01,-1.504612449725271361e-01
-8.434217461341289024e-01,5.724947769078292392e-02,-2.053572762733789914e-01
-1.076322498462946475e+00,4.562777477356246836e-01,6.245172193206782740e-02
-7.510396971980257685e-01,4.059636880497988209e-02,-1.516911644687357064e-01
-8.991596362423861510e-01,3.056465478675243208e-01,-1.238131964670418361e-01
-1.085503771884330337e+00,4.130586259354271927e-01,3.151001980444376183e-02
-8.007014743941167634e-01,2.013053494425708356e-01,-1.490825030565522957e-01
-1.114011750252121846e+00,5.125774709914119320e-01,1.452859794288067774e-01
-9.458759010793029720e-01,-7.958637244334317018e-02,-2.050797187684729461e-01
-1.055411184029457106e+00,-9.138898416479591946e-02,-1.517310415434831583e-01
-1.049979719084857432e+00,2.163002119635290266e-01,-1.168338390073383609e-01
-9.488270618431381420e-01,-5.653876994167919001e-01,1.089828921472279499e-01
-1.103454103565914224e+00,-1.342364068524978249e-01,-1.076218111964861168e-01
-8.566238517370065031e-01,-4.951298775492521953e-01,3.286206599468297074e-02
-1.240322063079463133e+00,-7.042748522378105003e-01,4.828638109852101956e-01
-8.261994343218613812e-01,-8.723018412825128687e-02,-1.946904998577200785e-01
-1.163339210662251988e+00,4.141653726930849544e-01,9.421183982238101606e-02
-1.213610789102174348e+00,-5.617223250854345984e-02,-3.202494824343396496e-02
-1.208817494020133942e+00,3.197717507579854734e-01,6.307084925748254745e-02
-8.539140330097850784e-01,-4.528247054675553496e-02,-2.095744134506238032e-01
-7.920879302898545804e-01,-7.033349137281824648e-02,-1.794667514580207124e-01
-9.477885830867920358e-01,-2.751207568359216871e-01,-1.352517020333570130e-01
-1.019758222401237813e+00,2.698315194050035504e-01,-1.088557650546420619e-01
-9.224827707396024978e-01,4.383910627798897619e-01,-2.353690362384291968e-02
-4.401690367902705292e-01,-5.178070267622083556e-01,6.352552216442247657e-01
-9.848193658044879228e-01,2.051191305118126307e-01,-1.564749330031749985e-01
-9.884362841679431577e-01,-4.423434527226160484e-01,-1.353303692310764417e-03
-9.088746306535093744e-01,-1.454466938922109043e-01,-1.957989469045918196e-01
-7.379448855008898800e-01,1.175324658847557713e-01,-1.274144467986333684e-01
-9.273793585847289744e-01,4.498383374682646957e-02,-2.130236861835871631e-01
-1.020999629336070358e+00,1.177811980911285805e-01,-1.671098172762750800e-01
-8.442950581210706407e-01,-5.799623468555843014e-02,-2.055450347554838575e-01
-1.089016485317473082e+00,2.466662384406484998e-01,-7.567813064175345217e-02
-1.009533217151975082e+00,-3.520994114456426072e-01,-6.310636075299139169e-02
-1.003893243142398140e+00,3.672795707675307053e-01,-5.501059416566272953e-02
-1.109611491177165954e+00,5.522712667599788405e-01,1.841176384912976138e-01
-1.355859104722954456e+00,4.479067080348136248e-02,7.222121582723367572e-02
-1.043716356124197553e+00,-1.883667232682449677e-01,-1.321107840413699996e-01
-7.580758827117184406e-01,1.615727110012482870e-01,-1.333031345313563376e-01
-7.943850037516119178e-01,1.105013320110525589e-02,-1.857211902277018656e-01
-8.605087369467827596e-01,2.092419286264541600e-01,-1.693899631693259189e-01
-8.041326458042759029e-01,-1.474111089919621365e-01,-1.698170601390309731e-01
-9.299739976514685980e-01,-3.393010968728513155e-01,-9.951438503176765482e-02
-1.073276846748561830e+00,-3.010684712156380671e-01,-5.725243690866058111e-02
-1.073022621531018794e+00,-4.621363971702256990e-01,6.549633220038622583e-02
-1.009725612157648778e+00,1.110329117944278549e-01,-1.746536214606211057e-01
-7.920059747944403483e-01,-4.262006964884608728e-01,-2.714902780150407757e-03
-8.574380192784747390e-01,1.066386239753857740e-01,-2.011115998934454308e-01
-1.094026501322974632e+00,2.483105546123605678e-01,-7.113366034402286708e-02
-1.129460555688010182e+00,-6.150778545197301828e-01,2.731576820991111210e-01
-1.148993914601190935e+00,3.874282972381355994e-01,6.087396509636974762e-02
-1.086607424709063796e+00,2.580556712659475282e-01,-7.170527559962140696e-02
-1.257941219226408558e+00,1.243120583007413515e-01,1.649022034157662797e-02
-1.005610001366967099e+00,3.690615725178989504e-01,-5.285121683783317037e-02
-9.731495080467901237e-01,2.801227134870694080e-01,-1.246374884884768885e-01
-1.014415367236692900e+00,2.523699311263038481e-01,-1.208505375612753119e-01
-1.213485816341759893e+00,2.350699791093870394e-01,1.997339833426965000e-02
-8.974024823713092625e-01,-3.417507279825525712e-01,-1.004356191131998560e-01
-1.032350725138904135e+00,-1.238925243756444639e-02,-1.743459776105298342e-01
-9.290453545780943401e-01,-5.679839468675696584e-02,-2.115633413516484207e-01
-9.278316075700838717e-01,-1.876317698841238890e-01,-1.797729431978099535e-01
-1.057594136254298656e+00,-2.895988105674176527e-01,-7.477104299597089887e-02
-8.485020287815235873e-01,3.114690667823160064e-01,-1.131510801148872536e-01
-8.813991366592296428e-01,-3.469506723191861930e-01,-9.603769039996895573e-02
-8.963348604168323019e-01,-3.286183041812876238e-01,-1.092286544124395908e-01
-1.157983309191939147e+00,-6.004570956043721042e-01,2.787673196494184213e-01
-1.023544669534435902e+00,-1.609511663804248649e-01,-1.536610128452765289e-01
-8.721552107750136784e-01,4.501864106623658102e-01,-1.261920208230216112e-02
-8.293598746131607413e-01,4.982066971590639048e-01,4.461367109861349989e-02
-1.037664309182810385e+00,-8.944930902107536830e-02,-1.633193202681111067e-01
-9.942906174715090417e-01,3.380385080241005702e-01,-8.016610837570904702e-02
-1.188826179940557060e+00,-4.964575833134102223e-02,-5.348889173826713167e-02
-1.394706497088101127e+00,-3.366564640938938396e-02,9.245078268433760960e-02
-1.138577408353730336e+00,-1.442370355057306375e-01,-7.696836041095660164e-02
-1.067694493837611613e+00,2.190112387229395940e-01,-1.038244446947167998e-01
-8.094905181916072223e-01,-1.040552363525093366e-01,-1.836049359493063804e-01
-9.552176695823380026e-01,-3.317443494549929262e-01,-9.889740789261527998e-02
-9.873103865170006488e-01,-5.993360328060346465e-01,1.617013487003443606e-01
-8.783958809793873668e-01,1.297374201400769422e-01,-1.992681449929334381e-01
-9.547936817395247244e-01,-2.841885785800335462e-01,-1.283091582678080877e-01
-1.002719763776747541e+00,1.006091918132669127e-01,-1.803553881379552914e-01
-9.344463475581664680e-01,4.743931268825266057e-02,-2.116074412854508924e-01
-1.140857210762009855e+00,1.258208379022180967e-01,-8.007995754926885978e-02
-6.456008693462734760e-01,-3.781646138754326536e-01,1.162723915413474696e-01
-1.196815235418719592e+00,6.070916259535117376e-01,3.193180534879112575e-01
-9.112669968034741164e-01,1.423713507857728988e-01,-1.965380453079648149e-01
-9.801450869680867761e-01,2.375936954000676671e-01,-1.439924283939518490e-01
-1.025798141273230435e+00,-2.931026427196377071e-01,-9.238505104844967064e-02
-9.809967716878245092e-01,-1.553074051583021031e-01,-1.759844200706113526e-01
-1.018621745652907196e+00,-8.486645796507535922e-02,-1.750827042229066988e-01
-8.259727904334606130e-01,3.220945736667690240e-01,-9.845937580923919130e-02
-1.065043939143505813e+00,-3.734976177610329628e-01,-1.411255551227236227e-02
-8.269395451268810593e-01,-2.500729027485399936e-01,-1.400722278759489736e-01
-7.950819532904512821e-01,-1.877377919601723108e-02,-1.859181712512494866e-01
-9.963230455601020941e-01,-1.510243267605070328e-01,-1.706985672529423292e-01
-8.157936578828328678e-01,-4.264952644055390318e-01,-1.570261533432470991e-02
-1.210032839571035357e+00,-1.146680103852585342e-01,-2.501848116988428239e-02
-1.325963206561593166e+00,-1.873527086554832022e-01,8.634391674462676969e-02
-9.840918309077113513e-01,-1.006147344351074856e-02,-1.987483769110484633e-01
-7.881355088883236215e-01,9.109831519026430346e-02,-1.735780001053579269e-01
-8.858084891152742113e-01,-9.517701678963655376e-02,-2.077207492175780768e-01
-1.027339808585855163e+00,9.873854309060715873e-02,-1.676648301033073218e-01
-8.660030998775405386e-01,-6.567424638521375257e-01,2.170431518064962484e-01
-9.974606534502898914e-01,-1.593705560679585798e-01,-1.675807621538237258e-01
-9.599783877993467440e-01,-4.017549731283976966e-01,-4.613387603412416604e-02
-9.958397204278819359e-01,3.416234401965610734e-02,-1.925622954207214799e-01
-8.516181263327801121e-01,-4.262533015160547417e-02,-2.092093918883835835e-01
-8.973398542009864975e-01,3.055458648520111287e-01,-1.238704572052928554e-01
-1.084884680269946999e+00,1.050217315829733211e+00,9.633961019710923779e-01
-1.143514914275860717e+00,-1.200139761015393547e-01,-7.933071581443068565e-02
-1.097225399522622213e+00,1.378709408689922644e-01,-1.113756605666069432e-01
-1.171591923329130758e+00,-8.532969054723580360e-01,6.576940950691948506e-01
-8.571945055804579550e-01,2.284805666053924336e-02,-2.119043830931006955e-01
-1.086612396398836333e+00,-4.923481506624343140e-01,1.041123483799940297e-01
-1.103030759824165763e+00,-4.406691012815784625e-02,-1.240238945699228823e-01
-9.994341955017512769e-01,1.679687397936912019e-01,-1.638397516628627149e-01
-1.102560878362449426e+00,1.015932024345785750e-01,-1.160044808829904239e-01
-1.000053034247207595e+00,4.858954504138273123e-01,4.433475415989204804e-02
-1.062083644980695185e+00,4.090563067742861714e-01,1.169962397545570854e-02
-1.096079375997102812e+00,1.865868616133514457e-01,-9.643423458681112115e-02
-1.099610179150246170e+00,-3.007039081445294082e-01,-3.815368051791824533e-02
-1.030933582421691419e+00,-1.450431967043818923e-02,-1.751217010311983124e-01
-1.162451310070790722e+00,4.867399941006779751e-01,1.588542056537954883e-01
-7.595570864427920732e-01,-3.447952550747104272e-01,-4.176373346228771932e-02
-1.266071676474236796e+00,1.925142964440679227e-01,4.451087152497647942e-02
-9.664360877799326177e-01,1.572502961740239735e-01,-1.807351973849388449e-01
-1.052264019405569240e+00,-6.781327502450454903e-01,2.977216917650894468e-01
-8.965640640727912114e-01,-5.519740425086063981e-03,-2.171909624529362037e-01
-9.864593617742615228e-01,3.018380323051279013e-01,-1.067565014522549455e-01
-1.020686164876809965e+00,3.268058388045564366e-01,-7.435303190961180253e-02
-1.132113263230252409e+00,-2.711643052539901011e-01,-2.949224510997286441e-02
-1.276926927827384262e+00,1.715995092402551048e-01,4.530875619470964288e-02
-1.156493063966240076e+00,2.143415740045169771e-01,-3.707716942917074071e-02
-9.285282058948902684e-01,-1.135966332860257194e-01,-2.019667353491904904e-01
-1.274453734004412864e+00,3.851467302009453086e-01,1.622993712187919269e-01
-9.930616289252981455e-01,-2.549359349774905636e-01,-1.299977992871815258e-01
-8.781480924429301282e-01,-1.884990499398217501e-01,-1.805399912821449571e-01
-9.488335213015589575e-01,-6.597746275529245974e-01,2.246238511213348166e-01
-9.930589836715648655e-01,1.346877859169828273e-01,-1.768505164931823415e-01
-1.173888058531013412e+00,3.485578595671615654e-01,5.299522303344438023e-02
-1.099407956706432099e+00,3.505754007479044421e-01,-5.827091390434288587e-03
-1.045849400417456998e+00,2.294392194643971872e-01,-1.136102771015721768e-01
-8.896248840311330452e-01,2.575179085019260183e-01,-1.506939373529814774e-01
-1.021848354155405980e+00,-4.629743909023588122e-01,3.383278534691711026e-02
-1.033640642656215247e+00,-2.922966560016253268e-02,-1.728816174419749441e-01
-7.381671419602653383e-01,-2.389615480703009831e-01,-8.434007803934528980e-02
-7.800875291107062237e-01,6.612217491502229982e-02,-1.720398037659966739e-01
-1.150160738032962815e+00,-1.799806072315817407e-01,-5.587060623554462868e-02
-1.079653684436787220e+00,4.182041968849216362e-02,-1.416048630442865164e-01
-9.652919678160499783e-01,7.558305181228915925e-01,3.654351148357932177e-01
-1.031711727010625523e+00,3.644838495773429776e-01,-4.202722510617160068e-02
-1.004371534600794647e+00,-1.031096383050610216e-01,-1.790383568149895577e-01
-8.798502761253133020e-01,1.124876749618109878e-01,-2.036041654129100431e-01
-1.096286952993835939e+00,-3.862849130875467552e-02,-1.296002701141849844e-01
-1.010844099469257129e+00,-3.376922241640523126e-01,-7.237100472206373092e-02
-9.352365033833656138e-01,1.811867228402227470e-01,-1.808808693538223045e-01
-1.084872442918530799e+00,-5.634403733222550018e-03,-1.395375060367993469e-01
-9.191345785278026703e-01,4.641125136970887521e-02,-2.139615526179385885e-01
-9.841086959166674974e-01,-1.164276527035485245e-02,-1.987071076178905105e-01
-8.705288518763267813e-01,-4.759364667631298812e-02,-2.127734892928081767e-01
-9.737613008525782821e-01,-1.385710916084883226e-01,-1.836797444133565216e-01
-8.973956158310193443e-01,1.247290947851526638e-01,-2.016717841972011094e-01
-9.044764062266834603e-01,4.730402977342683668e-01,6.624273334298269589e-03
-1.207922923119788106e+00,1.894878628170027779e-01,-4.025614904833052510e-03
-6.756193444350445665e-01,1.917617646110013618e-01,-3.258762137891009492e-02
-1.144181879813813918e+00,-2.624725197354992878e-01,-2.429495110628013266e-02
-8.555737049522824655e-01,-6.787950499406596172e-02,-2.074306853103728976e-01
-1.067475552372542991e+00,1.659406758952605143e-01,-1.244052858112653509e-01
-8.533405407265755027e-01,-1.138109476612973216e-02,-2.113487719421516531e-01
-6.565049248364940304e-01,2.127010403272635297e-01,2.449698313212921030e-03
-9.499980447918584536e-01,3.180260522277058022e-01,-1.092373697481726913e-01
-1.049353817584657511e+00,1.943935169167645416e-01,-1.262329607123196251e-01
-9.756815891541810171e-01,-3.091989719463484332e-01,-1.065624580268948740e-01
-1.197322817739634448e+00,1.551290229788102604e-01,-2.475103341969428147e-02
-1.052220670435283445e+00,-1.651836180343131955e-01,-1.348848794974730758e-01
-1.036835463298528826e+00,8.400350350643803754e-02,-1.647656496753029387e-01
-9.861248330757971248e-01,1.407519383737076135e-01,-1.781924369647408524e-01
-1.241995651173518622e+00,3.353049994668554912e-01,1.006513532115141801e-01
-7.995106183792413113e-01,5.240288222997755430e-01,8.569043533982331762e-02
-9.080304090478268364e-01,1.591165974478540163e-02,-2.167448054321085282e-01
-1.104268499097510681e+00,1.918074456437827147e-01,-8.822587798857747798e-02
-8.899495522028842975e-01,5.207166591451012350e-02,-2.143137875309521212e-01
-8.513207911703799535e-01,9.797266144902398721e-02,-2.013478708767812153e-01
-9.885800856714289653e-01,3.004040766746050514e-02,-1.960567648200268742e-01
-1.051553465389616360e+00,-2.428008633447062692e-01,-1.036511872041760152e-01
-7.588082078786477780e-01,-1.453754952731095285e-01,-1.388889340035903419e-01
-1.141340251281582896e+00,7.605453347020645072e-02,-8.973141322962399635e-02
-1.027153423180139136e+00,1.260478778262037469e-01,-1.616328835819208221e-01
-9.321386268777382966e-01,-9.656850879640036522e-01,7.182739665956385799e-01
-9.181927771523332726e-01,-4.910064675010733515e-01,2.487196556532536573e-02
-1.206238223022842337e+00,-3.039782404747236044e-01,5.106173890859631859e-02
-1.211310908766477956e+00,1.563245559392330286e-01,-1.266222864195725578e-02
-9.710966716260008846e-01,-1.412586911970705739e-01,-1.838937526428069125e-01
-8.946574186163633868e-01,1.936049230716362646e-01,-1.797066516114872448e-01
-1.117718478995761267e+00,-1.147315082754952857e-02,-1.144003770215816923e-01
-1.085698700205044220e+00,6.083638543835171442e-01,2.311419406539833854e-01
-1.063996695453079067e+00,5.703449144280591243e-01,1.709650827737868306e-01
-8.486840223544883655e-01,3.672307805127945080e-01,-7.535755320879153341e-02
-9.497551831690751456e-01,-3.306269593420913533e-01,-1.011270066717029348e-01
-9.008661576760763623e-01,2.388759338579502234e-01,-1.601589822107890304e-01
-9.572964008491834376e-01,-6.290954548036219174e-02,-2.043908936140902133e-01
-1.165719437346475873e+00,-1.248118360911236041e-01,-5.975613609455152075e-02
-1.079150905748548217e+00,3.111719914208436744e-01,-4.688721853563107556e-02
-9.148005764803049944e-01,4.363178505750662795e-01,-2.616352631841833976e-02
-1.022796884972696940e+00,-2.822796634073410083e-01,-1.003028083753739613e-01
-1.123162112544103142e+00,-9.056286201633693966e-02,-1.020097276252243390e-01
-1.067686251439712519e+00,1.585659590267070040e-01,-1.266528993472555431e-01
-8.782515931223532357e-01,5.159861621840998724e-01,5.015807356851317844e-02
-1.002687079526437763e+00,-2.783402215524341528e-01,-1.130201957114758682e-01
-1.221254822529901807e+00,-7.170786899133640979e-02,-2.367912830141605945e-02
-8.656767491866617092e-01,2.944889028873363679e-01,-1.274836257862015099e-01
-1.064627842604860541e+00,2.926691815712053057e-01,-6.824228517515881776e-02
-1.029663544602214431e+00,3.380430457083893336e-01,-6.179961237589816359e-02
-7.436698581682300579e-01,2.957196932356919716e-01,-5.920313972551476123e-02
-1.200697944766292657e+00,4.430663476188631544e-02,-4.402068942637533955e-02
-9.093509094470977328e-01,-1.002129574262218548e-01,-2.068843909116747648e-01
-1.160342407336419468e+00,3.857581497020308170e-01,6.899059061872857279e-02
-9.670008643010647997e-01,-6.025666248779242007e-02,-2.016413715592142997e-01
-8.712466593128460612e-01,1.375585483027063349e-01,-1.962277753843564565e-01
-1.059888875130701846e+00,-2.999229537621614372e-01,-6.715237835577780867e-02
-9.445154647695561678e-01,3.187469874314919904e-01,-1.101381509126346664e-01
-8.408552246131870689e-01,1.417904115218689698e-01,-1.876991980104908975e-01
-9.253290399526603593e-01,3.290457097418478943e-02,-2.142625795331761229e-01
-1.190213141219124804e+00,-9.947382732373284686e-02,-4.489304900234960399e-02
-9.894894865018944996e-01,-4.095965074781319770e-01,-2.879685823251354471e-02
-1.092574867890042434e+00,-6.310664003665973631e-02,-1.298954151339406227e-01
-1.125903410318643161e+00,1.005649505180502695e-01,-9.790706988155112311e-02
-1.002760906674875052e+00,3.520793502270819914e-02,-1.892180071785044548e-01
-1.325015392538223091e+00,-2.656278179467393419e-01,1.211643213211669734e-01
-9.552207326915136409e-01,4.605944015666298408e-01,3.196355664047273448e-03
-1.060306113444133835e+00,-8.424705941603762849e-01,5.529306779053897447e-01
-1.032263965891775159e+00,1.245266145378109979e-01,-1.590437529803997441e-01
-1.137640821887758724e+00,1.835164950608192125e-01,-6.485774935510822681e-02
-1.007563736363185303e+00,5.539289968887225329e-02,-1.850117247057568581e-01
-1.031258207058549425e+00,-5.788928317958839942e-02,-1.717907564151685273e-01
-8.680932726846494196e-01,6.316951787908185734e-02,-2.106479243563531556e-01
-1.057592436509881662e+00,-1.676386001385547775e-01,-1.305369436033451402e-01
-1.016991772505297265e+00,5.077510863924646761e-02,-1.805885538339378205e-01
-8.984183499769259340e-01,1.219381514790176257e-01,-2.023645268177457490e-01
-1.016467689374477068e+00,4.083097822542644528e-01,-1.673127810278954297e-02
-1.009846396797142498e+00,-7.201448580385279019e-01,3.316885490346813681e-01
-1.026439431993430018e+00,1.119036545525853993e-01,-1.654066562559537434e-01
6.559913470826447268e-01,-4.845752910860219587e-02,-3.970212261624848915e-02
9.541749085652565521e-01,1.606387519394267827e-01,-1.834419862491347697e-01
8.767623096284433704e-01,-4.778443799997447727e-01,1.242670963350225866e-02
1.086090120832981176e+00,-2.734832403741353501e-01,-6.388462675522907364e-02
1.214218053451623369e+00,1.776055605735456788e-01,-3.130177674076667360e-03
8.088479107710487837e-01,2.048918159445931308e-01,-1.521150427677030459e-01
1.159908713169422345e+00,-4.456311013490055761e-01,1.184072665732099072e-01
9.663773415174417014e-01,4.954296774220401933e-01,3.996796628244211891e-02
7.871762336581955566e-01,1.767090205973112782e-01,-1.500205479856922819e-01
8.339679794085986808e-01,-6.147220349487846347e-01,1.725047144822605405e-01
9.262662444654891081e-01,-1.129526132705239577e-01,-2.024533969057748795e-01
9.305600729955987305e-01,-7.276845621425112598e-02,-2.092476174340579531e-01
1.201885625949149494e+00,2.148138835201121033e-01,1.157262303389416935e-03
1.287084997832160571e+00,1.144664278421014640e-02,2.369625851426209601e-02
9.257391658643410182e-01,-2.006163842889958082e-01,-1.750404407468361956e-01
9.498238778851321173e-01,1.226124662064951992e-01,-1.953895126578792940e-01
9.093336632803761255e-01,3.722166053293270993e-01,-7.838281275058678332e-02
1.027460494151667625e+00,4.182725640348138874e-01,-2.392963385923457809e-03
9.343642405932798267e-01,8.112674016677521305e-01,4.442816205670372387e-01
1.020598277539083831e+00,-6.409744161955394093e-02,-1.770950108736759898e-01
1.085173151150936155e+00,-6.897016016505704838e-01,3.363389214703543795e-01
1.015459951285150320e+00,1.520568921957237418e-01,-1.608653973363209366e-01
7.812832402238486518e-01,-4.883808277937444209e-01,6.126649178617812885e-02
1.166195363815542674e+00,1.855050636412519383e-01,-4.052438920059620725e-02
8.733654452517991551e-01,5.042139885140010103e-01,3.876974786022749364e-02
9.615420461350648873e-01,-3.259669575327226454e-01,-1.008005273229385240e-01
9.167125543534599963e-01,-6.247807290168936323e-01,1.739879632928928443e-01
1.231167702652561147e+00,2.693595341877605409e-01,5.192327161331486418e-02
1.232009321958752457e+00,8.827670547430672976e-02,-1.214664031478305053e-02
1.027062944413827505e+00,1.299294313002209711e-01,-1.606911074568129760e-01
1.026436890544071501e+00,-5.421446371929426050e-02,-1.749913257578602499e-01
9.800722102885641718e-01,-8.059157816974209243e-02,-1.939770030816760360e-01
1.036632642860154663e+00,-2.093085763077582873e-01,-1.281346077406349815e-01
7.907557848429440650e-01,4.568990003558742914e-03,-1.835485363242001788e-01
8.789897911941029207e-01,-7.611618194816262284e-02,-2.103721114594059860e-01
1.068431481950908646e+00,-6.476978554222579954e-01,2.682320734745486934e-01
1.335130457254054548e+00,4.929005046442971327e-01,3.002440334200187078e-01
8.768500634166132013e-01,4.940804373926387938e-01,2.819627032071744810e-02
1.158377635931720606e+00,3.716450985665428752e-01,5.666650569016920547e-02
1.121804589958277809e+00,-6.286068919352190143e-01,2.838539538875677337e-01
1.023024563565009926e+00,1.983307927989254038e-01,-1.405223467045376706e-01
1.008245909146316288e+00,9.126861923359302908e-02,-1.794054726508435005e-01
9.431784781984875465e-01,5.160634277029720884e-01,5.427381909230580281e-02
1.001044960096943992e+00,-6.322638765712730591e-02,-1.872883606107768606e-01
7.506388217586539291e-01,8.717263465580496473e-02,-1.453851201117054015e-01
1.031989476393308847e+00,4.389158570835494100e-01,1.793479986734236586e-02
1.027904695160282378e+00,1.799729995229055746e-01,-1.446993982063465856e-01
9.497612633694652029e-01,-5.895790671144192363e-02,-2.069635779075859883e-01
1.021503448273863413e+00,3.039396051465098614e-02,-1.797798949204555130e-01
1.048939955816005298e+00,3.653258440805723928e-01,-3.082414004006864272e-02
1.280942732243195437e+00,-4.221282370218967794e-02,2.071008014666307975e-02
8.104658007020399957e-01,-4.045900751945347706e-01,-3.124549929768324907e-02
9.699658819373431218e-01,1.121350147646259232e-01,-1.916741436856869152e-01
9.558440578304339130e-01,-5.611765249387820065e-01,1.061470417484007556e-01
1.159965740750907859e+00,-2.247290867693582661e-01,-2.962917981675187301e-02
1.148579348525594401e+00,-1.964570594971617734e-01,-5.097326788621414639e-02
9.708204025849320740e-01,1.453957399128899541e-01,-1.828062461598602972e-01
1.060621500321999866e+00,6.695120056921756956e-03,-1.565691431392931543e-01
1.046254457780837033e+00,-7.298658630455002738e-01,3.667075614906559755e-01
1.254264195199930931e+00,-1.198881475767222815e-01,1.248137306121830520e-02
1.161582939154955252e+00,-2.185984379136887146e-01,-3.100015749230629336e-02
1.115205374443916542e+00,-7.952889956765744062e-01,5.159721984260754457e-01
9.650665928459583043e-01,8.731135706425402487e-02,-1.982959065583287939e-01
9.631511678921926833e-01,-3.822855659041009269e-02,-2.050819393678523228e-01
9.810143859170682434e-01,1.337653599844716157e-01,-1.822046081838837872e-01
9.737223766305094230e-01,-5.653323017570354159e-01,1.167045860571175320e-01
1.006625053825631833e+00,7.066810627587001292e-01,3.108465788243185424e-01
9.380497374452336778e-01,9.195522269642261715e-02,-2.047002933972794647e-01
1.025165302143335788e+00,5.504085499957674099e-02,-1.756236782070526026e-01
1.122083880667758660e+00,-8.259929946904273623e-02,-1.042477658745736974e-01
9.815876170805201140e-01,-2.919028802281640744e-01,-1.146609844172046949e-01
9.622399068364365649e-01,1.597120198057514762e-01,-1.813266035080722538e-01
1.078950482928596966e+00,-3.870247277748778414e-01,5.929000927472144467e-03
9.367410731088194886e-01,-3.105865656263633312e-01,-1.169543314531140965e-01
9.843406375123014973e-01,-2.618832620612379092e-01,-1.301641370383772311e-01
9.328828573411456215e-01,-1.357837670681169839e-01,-1.957052897341416409e-01
1.249270541354296604e+00,2.153444448890651508e-01,4.047790596927337836e-02
1.073914603565403469e+00,-1.130559212184981677e-01,-1.346631570677562506e-01
1.013992546623081248e+00,-1.123916141105765903e-01,-1.721325546770247072e-01
1.007112538072772345e+00,3.566262884360954510e-01,-6.112480806639772335e-02
8.967727885365772700e-01,-2.578987169524264433e-01,-1.507119691848469445e-01
9.981184989790125028e-01,-1.950323441959638804e-01,-1.546349695853820039e-01
8.078371078803932015e-01,2.713270447116257200e-01,-1.199425266734686774e-01
8.692501279616300369e-01,-3.280196367385882494e-01,-1.072358331484712102e-01
1.187513784164754060e+00,-5.532105683711761035e-01,2.489854703682640447e-01
1.268810789303173925e+00,-1.150393724824200388e-02,9.721013762883298770e-03
1.183025017959451031e+00,-4.504138561650406491e-01,1.420444708419182356e-01
9.423892266326727718e-01,-2.218807478552036749e-01,-1.629954476948354825e-01
8.656689647504500762e-01,-3.127380209361119157e-01,-1.164008271071588357e-01
1.030594100265515900e+00,-4.186050541678461023e-01,-3.003724437966592831e-04
9.658040522653280613e-01,-4.155868566129787278e-01,-3.296205440333646597e-02
1.094272987212414616e+00,-2.909783779995379904e-03,-1.325985014490220215e-01
1.045442335162362957e+00,3.174665010099148726e-02,-1.655015803179376854e-01
9.975603592387036755e-01,1.626712186111234082e-01,-1.664713658869978186e-01
8.614466417927744146e-01,1.149007005776077756e-01,-2.001693750661297233e-01
1.268348551820598802e+00,-2.452252831785275144e-01,6.936381639896208040e-02
8.995200309810758021e-01,-3.710684398261494214e-03,-2.172179526713453324e-01
9.778191053052013304e-01,4.363563384872007900e-01,-1.094490430429811978e-02
7.950816500316131297e-01,-2.044384131498341584e-01,-1.444753759264175708e-01
8.463738524204159619e-01,2.464969714299871384e-01,-1.487813515108492302e-01
1.091089493847324565e+00,-1.704570685900287652e-01,-1.059292464830361713e-01
9.877773942859406908e-01,5.807003495333259990e-02,-1.939311921493941937e-01
1.162058600571107547e+00,-6.766887811810121112e-02,-7.380992569881239529e-02
9.223934992913591646e-01,7.052746113644320358e-01,2.816774529025563023e-01
1.272773555094115938e+00,1.799032696175148494e-01,4.502964829967705251e-02
9.028673399757439766e-01,3.412278018917775935e-01,-1.007497954658986283e-01
9.154344777323690785e-01,-1.361931725663257930e-01,-1.979327039447158765e-01
9.117664871461521603e-01,-2.888561688179322462e-01,-1.333354555938943142e-01
9.169815619403690610e-01,8.281229767989328749e-02,-2.094791393227718734e-01
1.017430954822122757e+00,2.770787251501829473e-01,-1.061574108891501361e-01
1.125312038263882153e+00,-1.255821675175090302e-01,-9.272297909393879822e-02
1.037457938861979789e+00,1.008677478698933594e-01,-1.612713225914075288e-01
1.081071977214400626e+00,3.288890370490433201e-01,-3.416323148907943197e-02
1.132590277425214342e+00,-3.443671889085293814e-02,-1.014506153991884402e-01
1.412569761808502466e+00,9.781487758041824965e-02,1.091083432096227879e-01
1.163088892944796005e+00,3.474358102345190269e-01,4.318172326643486547e-02
1.011291026105323620e+00,4.082479498526225270e-01,-1.950966615360885670e-02
1.003303182516573244e+00,4.151739830018030264e-01,-1.782407300373894943e-02
9.202402701521587014e-01,-2.628401084619323980e-01,-1.469075856819320736e-01
7.792243078140081991e-01,1.669526243639301022e-01,-1.479287017179603259e-01
8.969957431004723647e-01,6.588697889455973067e-02,-2.128848043648721156e-01
8.944751018502121731e-01,2.271199621742295283e-01,-1.656019470627768941e-01
1.108585881145481178e+00,5.920742779353642682e-01,2.288695665521666145e-01
1.248726132583904747e+00,-4.012484340499808955e-01,1.546667584311625931e-01
8.971193419331839891e-01,-7.186355335674235456e-02,-2.120626203532413601e-01
1.080294059505825466e+00,-3.237537706513998192e-01,-3.807615718305072672e-02
9.181980730603337415e-01,4.757715888188520093e-01,1.014376773606495696e-02
8.388220678466227209e-01,-3.154754101462846072e-01,-1.075926593176722845e-01
1.236276792439663375e+00,4.732049086671712979e-01,2.074822955703792549e-01
1.076042982721591379e+00,-1.101962501612660794e-01,-1.337933131422935906e-01
9.914255804225915458e-01,-9.187840499074691799e-04,-1.957174502080712697e-01
1.062360595657208195e+00,3.048507233757860035e-01,-6.250597994627318799e-02
9.586230901549336325e-01,1.041938761139441227e-01,-1.970967718255442758e-01
9.601183428141155662e-01,2.579154797139003863e-01,-1.409774971011895639e-01
1.031038804833287914e+00,1.578687687570048612e-02,-1.750212536106678374e-01
9.577015841568859988e-01,-3.798387694992896302e-01,-6.395111992973973036e-02
1.014312277747994040e+00,-9.885375266143668627e-02,-1.748235601849997822e-01
8.321962492066703465e-01,-3.515877510630490144e-01,-8.109446757451160837e-02
1.163545823228154807e+00,5.133837941373696756e-01,1.864141736980843012e-01
1.258068347686877475e+00,2.811389296709526087e-01,8.017677367179587566e-02
9.871195217822198442e-01,1.326876646016016681e-01,-1.799773942905593671e-01
7.342286849099841639e-01,1.524773597546098813e-01,-1.143496624070549639e-01
1.107287482344382568e+00,-3.472443799772353401e-01,-2.109556908489088056e-03
8.193149367147462003e-01,1.031392137619560612e-02,-1.991584780858623449e-01
1.141266025948314722e+00,2.082476437330714469e-01,-5.220935629381863452e-02
9.957153883621405743e-01,2.112020616585493227e-01,-1.491801251189951161e-01
1.015216222080060904e+00,-2.643820593565044952e-01,-1.142185316396046313e-01
9.492878859026664395e-01,1.350053267627840392e-01,-1.923356797695053300e-01
1.044467390515594341e+00,1.906966986872966341e-01,-1.307572495411692126e-01
7.125554664585564968e-01,1.053400701233053322e-01,-1.036571703195086902e-01
1.243865815719982670e+00,3.418716220395169314e-01,1.066158000937046796e-01
7.911349430552486739e-01,-1.272714378117532075e-01,-1.676127743322325114e-01
9.341457690941046277e-01,2.020471913227847305e-01,-1.730905153513301320e-01
1.172211084418111060e+00,-3.057961617945718635e-01,2.360847273806844504e-02
1.101459728731944754e+00,-4.374629621905194443e-01,6.420637035338003229e-02
1.206795921306502262e+00,-3.945681736370307280e-01,1.148098129005756668e-01
9.635988505053065811e-01,1.633482323670675807e-01,-1.797163026543322217e-01
1.082319587786526593e+00,4.723492816469947175e-02,-1.391968758715987908e-01
1.117067386470707024e+00,2.624356450049749601e-01,-4.617350910250249407e-02
9.324880378842358430e-01,1.728912906045431686e-01,-1.843210693057077132e-01
8.145507274291656774e-01,2.100003917720537350e-01,-1.528951725854924004e-01
1.123461669516250483e+00,3.175221193410406317e-01,-9.152123134522363590e-03
9.167339894293574654e-01,4.408471337163354931e-01,-2.201474439916709103e-02
1.121379970284258398e+00,5.888530941324379708e-02,-1.081629009256966506e-01
9.396601340291926840e-01,1.005154870193565725e-01,-2.027184274444037981e-01
1.009621182610390466e+00,9.718661675986223214e-02,-1.775901323616273231e-01
9.111219734450558549e-01,3.148692330064043476e-01,-1.176747267387856233e-01
1.041426717077868158e+00,1.073554703450395331e-01,-1.574910164788842493e-01
9.896914798229539123e-01,2.394881808881823559e-01,-1.391238152861341282e-01
9.899662007509244521e-01,4.026042278820939069e-02,-1.947378898504145417e-01
1.001182164134171604e+00,1.077257161284120822e-02,-1.911040694772964676e-01
1.399840571365381425e+00,-1.033256995416270141e-01,1.044562256236877401e-01
8.340547796242209211e-01,-2.668682445465171416e-01,-1.341921462875436122e-01
8.995834055216438419e-01,-2.515992263458487477e-01,-1.539292520683176457e-01
1.202364456955353544e+00,3.616561347369896644e-03,-4.457320682323209077e-02
1.033562733419831625e+00,5.339138318755682899e-01,1.112817247154196387e-01
1.054356620994313154e+00,-7.900042256651942374e-01,4.633305651133003966e-01
9.291901041668254591e-01,-4.144653653074873989e-01,-4.298479836918833730e-02
1.060192122453815111e+00,-3.635742688325235838e-01,-2.471635422517559633e-02
1.109194211961177512e+00,-1.981506723744453080e-01,-8.194648322733957824e-02
9.660490362785170149e-01,1.509362705254887749e-01,-1.828109100546090326e-01
1.129742747603520447e+00,2.547542602498686221e-02,-1.042867516337225298e-01
1.129488064582946816e+00,-1.176784444210720593e-01,-9.129271154244342212e-02
1.038098553142539959e+00,-6.108257643179767007e-03,-1.710194654970522143e-01
1.188307135358619426e+00,2.527421551885369322e-01,7.488826314158154862e-03
1.008255030996173751e+00,1.646952781654243692e-01,-1.606062784436689816e-01
7.814406991223470378e-01,2.279009031495973225e-01,-1.254201310245645629e-01
8.125472275247070941e-01,5.182851663527521247e-01,7.262011366768170162e-02
9.202151718021006621e-01,2.857780151948570713e-01,-1.343262973673139682e-01
9.835148767968054928e-01,1.604070353873870425e-01,-1.733561954318914300e-01
8.867516108072077685e-01,9.600351129590932453e-02,-2.076271131678419923e-01
1.057509793452434010e+00,-6.832505669931028258e-01,3.081367719394579874e-01
9.082690500417567314e-01,-1.898961454865754350e-01,-1.809253017282216880e-01
1.280638130149907017e+00,-2.293673151849127678e-01,7.130590563275064631e-02
1.046218334742972322e+00,-1.841054141005863676e-01,-1.321246641778301978e-01
1.215398402964285030e+00,-3.669643587867764678e-01,1.009726004209970801e-01
6.322137082677758979e-01,-1.759073770222467081e-01,2.478262254269686729e-02
8.446983310336112494e-01,8.575938501715103524e-01,5.264337056066048515e-01
1.103672115732269976e+00,4.139207479370439757e-01,4.585642637192813287e-02
9.672631013405937894e-01,2.062373092754613557e-01,-1.626494215943340982e-01
1.173090690328707275e+00,5.982989862282505483e-02,-6.558611639350669931e-02
1.035540549005140587e+00,-9.516264810958316445e-02,-1.635458720734936644e-01
1.011792962456954603e+00,2.935511408810443368e-01,-9.974349861094618241e-02
1.205298400035419215e+00,-1.343914863806832949e-01,-2.406685243194466375e-02
9.822979120102646178e-01,1.080514222949964659e-01,-1.879068818232788318e-01
8.577870770425154445e-01,-2.453594868486510816e-01,-1.523631878051784350e-01
1.134246780187920134e+00,2.826393509460046749e-01,-2.140967929808934578e-02
9.129563375996846419e-01,-6.864391088799862706e-01,2.545123163381726172e-01
1.342848730031474425e+00,3.051244199784307609e-01,1.553316837448626420e-01
1.133199991896788772e+00,6.800015807209024432e-01,3.602591774543246750e-01
9.254116250897814755e-01,4.342858542829494128e-01,-2.672949347676611964e-02
8.250384901053590125e-01,2.449293220784851954e-01,-1.418177035562459554e-01
1.045392165908827220e+00,-1.776809017583045325e-01,-1.349705427079646580e-01
1.105777988450729499e+00,6.855618965270500187e-01,3.461410781715967833e-01
9.759465518912938675e-01,8.659172915637917967e-02,-1.945684042933307212e-01
1.085257703408772478e+00,-4.181931865122288650e-01,3.559802191575647812e-02
1.033806026471606021e+00,-1.103931198010752318e-01,-1.614510766803827491e-01
1.017148040003252207e+00,-2.812311281758736459e-01,-1.039915976793395758e-01
1.071263100934222612e+00,-4.860512048956893705e-01,8.693704139905883421e-02
1.129252163774398854e+00,4.173339768974160813e-01,6.883674255966747146e-02
1.045898798394276685e+00,6.684497650996562568e-01,2.806036520135906098e-01
1.072812883648475824e+00,1.598099521360959452e-01,-1.226821030664655282e-01
1.304513197518733847e+00,-2.781949898622698703e-01,1.137433321881904658e-01
9.656591581448684680e-01,3.126158391657363200e-01,-1.079940942300822854e-01
1.082237831500592495e+00,-2.855004650210600237e-01,-5.997679185274439051e-02
1.019499865024410035e+00,2.711803471250950892e-01,-1.082674201478112941e-01
9.733962622851246582e-01,5.884192885941764289e-02,-1.995534849405864453e-01
1.188817497334450968e+00,-8.688028134212372753e-04,-5.596013460800762507e-02
7.878429505403062860e-01,4.429142650712437623e-01,1.448775873517607615e-02
8.297143540825357988e-01,4.391735624150609058e-02,-2.018091642205200875e-01
1.082866237760619299e+00,-4.223839887695021167e-01,3.737704954509762922e-02
5.540479126929578335e-01,-2.661275916965744059e-01,2.018149574185510997e-01
1.181322236499817713e+00,2.040151822386862268e-01,-2.063631512838426385e-02
9.439556651998655123e-01,6.447179402551270755e-01,2.037926494896187268e-01
6.293329797502638101e-01,4.570899406524385755e-01,2.073192775339171567e-01
1.073393352350192176e+00,-3.299519267539995360e-01,-3.894427843271221212e-02
1.186735292018571419e+00,1.491122281976268449e-01,-3.547620436259615873e-02
9.884642571925525978e-01,3.025317800781359145e-01,-1.054835324115139666e-01
1.097083306000786296e+00,4.835906355294581349e-01,1.033684816255460437e-01
8.862580568986183627e-01,5.429911341070836617e-01,7.802865391566748965e-02
9.392459971633350113e-01,9.494854930107593516e-02,-2.038937338307914571e-01
9.689506347647026674e-01,2.548521647829236625e-01,-1.396537062073563151e-01
8.124060349766556444e-01,-7.964265770282585866e-02,-1.895853313861570466e-01
1.157754020152795160e+00,9.746270472023904619e-02,-7.247300517011399934e-02
5.734686661965959775e-01,3.188194457461334119e-01,1.960971684434158757e-01
1.283569692569190401e+00,-5.121769394956975363e-01,2.832444591570768555e-01
9.789365293747364083e-01,-5.933266122533836784e-02,-1.973977625736474950e-01
1.027809844311905474e+00,3.685114232116978861e-01,-4.134356258777110993e-02
9.703231599370623073e-01,-2.000425675321270413e-01,-1.641053982264332189e-01
8.046417896312842988e-01,5.999348859470057249e-01,1.680929801670864587e-01
9.558210833917852867e-01,4.114834235207151525e-01,-3.946006448413472145e-02
1.263455695708000981e+00,-8.577005066209762718e-02,1.275226927592526538e-02
1.118095086566684326e+00,-2.032944807526488595e-01,-7.290579263046927105e-02
7.974751389392908951e-01,-1.148075816895094414e-01,-1.745343152536610876e-01
1.165311153199008576e+00,-5.250009250795022869e-02,-7.291889052796703130e-02
1.077699979917917217e+00,-5.878426804948787970e-02,-1.412994016733231384e-01
1.006622954162433192e+00,5.962579366611434756e-02,-1.849973612426449587e-01
1.018636831667260934e+00,-1.320244038001186226e-01,-1.648463732809540838e-01
9.365977434309629146e-01,-6.428573548761542522e-01,1.998190163529072749e-01
1.038141176691476097e+00,-5.704570626539634537e-01,1.543904015207998304e-01
8.874193727629784423e-01,1.121534933074268964e-01,-2.043079641542615010e-01
1.055978893381835704e+00,2.533957149147888499e-01,-9.549919655517948025e-02
9.488897758937211435e-01,9.283564531541649290e-02,-2.020458689380409401e-01
1.149087388734523874e+00,1.495102753436159670e-01,-6.679628390468625443e-02
8.844807534599654630e-01,-2.088504747951157869e-01,-1.730618534857569502e-01
6.721247003462461622e-01,3.759982154745639127e-01,7.671887979898477095e-02
7.433588340756549506e-01,-8.276597995662955398e-01,5.386570050799416309e-01
1.021548967054624502e+00,5.747155985659187227e-02,-1.773754991978042650e-01
1.010744811454817205e+00,1.570086790961429668e-01,-1.618065347302599100e-01
1.222849432050128193e+00,4.861621821181691949e-01,2.088546632334274400e-01
8.365451580667822018e-01,3.665113451173807602e-01,-7.198878959689025692e-02
8.775004421188795645e-01,1.149734226598827236e-01,-2.027780119427023131e-01
8.552747295437312935e-01,-1.583385203331151014e-01,-1.868939510540016391e-01
1.076950765862334958e+00,3.387566741106882301e-03,-1.452785343268402363e-01
8.312321813177329100e-01,2.488461112440583378e-02,-2.037166067501214040e-01
8.922249332743875661e-01,-4.825746983588238281e-01,1.575845977513409824e-02
1.110912974952813936e+00,-2.459108405219990745e-01,-5.940061132702987440e-02
9.733185504757102535e-01,-1.009654726939185343e-01,-1.928503186174718165e-01
1.155117752656196650e+00,-4.962722564168146888e-02,-8.169794972127557287e-02
1.060395197519893973e+00,5.173850300270077529e-01,1.109211158514940565e-01
1.198343667972211923e+00,-7.852119891765040050e-02,-4.179355641995854964e-02
9.404479074066861566e-01,1.385840966900414861e-01,-1.934481181350179713e-01
1.029306740017930766e+00,3.195714671189659462e-01,-7.415391687376818308e-02
1.088657940024041038e+00,-4.534803338160152686e-01,6.885701464515875392e-02
7.374312520227053191e-01,9.481305375294779569e-02,-1.317422376513671389e-01
1.019275873035972779e+00,-6.802195715759579153e-01,2.807700719529857558e-01
1.086066216068028556e+00,2.160962217792358753e-01,-9.199766504212150697e-02
9.509253823687998652e-01,-4.303795934959389058e-01,-2.490726660017342220e-02
7.828118397882070090e-01,2.107942409437554565e-01,-1.338727176701016708e-01
1.030169314603330610e+00,2.696884693376522257e-02,-1.750510792701251428e-01
6.529672751527628716e-01,2.921172864418169479e-01,4.767917727224470908e-02
1.285405529410125425e+00,4.584901851831260644e-02,2.440588307693833045e-02
9.552770053906765035e-01,-1.964430089791665557e-01,-1.703449235693305919e-01
8.920753383524198110e-01,3.016788317593691593e-01,-1.261044176222534396e-01
1.076442932754453352e+00,3.658612585387019944e-01,-1.179745995269793069e-02
1.014226057556812943e+00,-4.977657227765129866e-01,6.312953343319327448e-02
1.134710604363472486e+00,-4.613706055493219105e-01,1.119444124924227346e-01
7.437793324964359076e-01,-5.314759339259987891e-01,1.357116220236210258e-01
8.864283743954630701e-01,-3.596472332583077192e-01,-8.747615056066432304e-02
9.974179946141359387e-01,4.158207876812469728e-01,-2.009266833144707221e-02
1.152013780258391407e+00,9.202371633454105304e-02,-7.826361851894096666e-02
9.182123927521474993e-01,-2.206668658215087397e-01,-1.675194874421163105e-01
1.111002279750489485e+00,-2.679880228495142291e-01,-4.798555219534837712e-02
1.036591714461864822e+00,5.164872870436277852e-01,9.478973558054137882e-02
9.264098378092892050e-01,-1.970984400143817594e-01,-1.763430316466451375e-01
1.103399569769600852e+00,-3.517446631005771707e-01,-1.958742893448064959e-03
9.639894465389908795e-01,-3.361275879600509331e-01,-9.329045827817694647e-02
7.313753523288106795e-01,-3.696580346259000782e-01,1.892156021184476788e-03
8.741404362113947002e-01,-8.032044229697499205e-01,4.295676815237414736e-01
9.550540915784350160e-01,6.896247617122822082e-02,-2.042425194747501116e-01
8.484840042703463148e-01,-7.070058719743027575e-02,-2.051603318380069985e-01
8.490040866101274952e-01,-2.946235790408195943e-01,-1.235038139207319391e-01
1.289582124174729172e+00,6.679794877619703308e-02,2.989367226230808458e-02
8.063545080255589692e-01,-4.312477410640707526e-02,-1.909053341950076588e-01
8.587813833274828834e-01,4.024388330361641231e-01,-5.083447372697200151e-02
9.373990716186650918e-01,1.763073016642170698e-01,-1.822032517530981222e-01
1.485451918030745055e+00,2.564076103096163406e-02,1.232231590232301388e-01
9.170308565400846490e-01,-2.363885619518298620e-01,-1.604526622235524780e-01
9.968962588939614955e-01,1.186598684324880332e-01,-1.791617487201254688e-01
9.026444716011033931e-01,-1.284108939294934248e-01,-2.007017590398003926e-01
1.152364055372020246e+00,1.867305561551682036e-01,-5.157387393093121331e-02
8.392840895386797229e-01,-3.010754190377215034e-01,-1.166291233773958380e-01
7.984524812686815132e-01,5.786671616779285321e-01,1.465608813287528067e-01
1.062101988681530162e+00,2.262082985675219204e-01,-1.044448313447187138e-01
1.107408613974913303e+00,-3.487895964409535310e-01,-9.403149083713202572e-04
8.459142059655062607e-01,-3.488676406151963727e-01,-8.769561517875623657e-02
1.117985462372713235e+00,-4.394143676796957165e-01,7.876390868179651561e-02
1.153477713585048248e+00,-1.420956335404359172e-01,-6.532900754803677712e-02
1.086926416558179787e+00,-2.561887720512727173e-01,-7.243089496456230070e-02
9.878358523236329125e-01,4.450623082170933054e-01,8.021108691787237621e-04
9.515531527306902992e-01,-3.558994077042155202e-01,-8.330194872134888406e-02
1.104523652708067738e+00,3.974152828864546683e-01,3.311906347284510055e-02
7.533084930076925367e-01,-1.220601525256933551e-01,-1.404311943716355371e-01
1.230644974347956611e+00,2.262725990413564092e-01,3.013798959614244141e-02
1.061205776998532357e+00,5.213312220544552567e-01,1.155658198910206325e-01
8.888256637956389872e-01,-6.040872811574558160e-02,-2.133187273635804293e-01
7.666900745533313799e-01,-1.810725935053232039e-01,-1.336342889808019019e-01
9.961866594974830846e-01,6.750044709227106532e-01,2.620612580139053405e-01
9.894644744817496784e-01,7.540151102167658159e-01,3.719617746580445861e-01
1.263265061488128449e+00,-5.117570642180124807e-01,2.671410540265766187e-01
9.380704268907357202e-01,-2.719011789185276640e-01,-1.392215911865465339e-01
1.206301685909220822e+00,5.213176283539341371e-01,2.304841627833870144e-01
1.000149166995691452e+00,-6.407427283681255137e-01,2.188373528045494121e-01
1.076245658564590535e+00,-3.445412206603841176e-01,-2.708369534654765654e-02
9.268158874684230275e-01,5.730607133019828270e-01,1.132673155364430639e-01
8.686698671138384231e-01,4.721985104162375602e-01,8.235264744591325181e-03
8.832349069619924720e-01,6.869322524024638055e-01,2.552974437346485770e-01
1.041996113692900128e+00,-1.465203304796645345e-01,-1.471955062058198094e-01
1.219147785658478700e+00,-4.429068529656167152e-01,1.655958445290465209e-01
1.086825862856185765e+00,-3.383690551930015888e-01,-2.364388312760941357e-02
1.015525653130936234e+00,-4.076587124883522262e-01,-1.776606825898627284e-02
9.450944443867832501e-01,-3.328668938088861270e-03,-2.115898708390044070e-01
8.420560674920738453e-01,1.547046927341741984e-01,-1.842639185394506773e-01
1.028630379781433568e+00,4.812562115707649246e-01,5.493621890417857423e-02
1.283629238079514012e+00,-8.827321120730425852e-01,8.001802205834988024e-01
1.219707300636429403e+00,1.431606174051958114e-01,-9.610837400357164634e-03
6.800178719048820541e-01,-5.595225221808976246e-02,-7.205192644578770067e-02
8.266075232396538075e-01,-1.327264443598827059e-01,-1.848541302611299564e-01
9.317321124320830927e-01,-1.216922307914308082e-02,-2.141961324061727456e-01
7.504750162811357761e-01,6.609548639663322123e-02,-1.484702121056327151e-01
9.350053138507348205e-01,1.700748960298957904e-02,-2.134639916986147135e-01
7.606722783777227770e-01,2.003330949581642317e-01,-1.214377242035384052e-01
1.234533083818695642e+00,-1.344192450617865686e-01,2.002343512080978494e-04
1.104376553159457153e+00,-3.734848816769967272e-01,1.455802752775360587e-02
9.985730912748994603e-01,4.207429764798111815e-01,-1.543470012886777321e-02
1.147281805532903265e+00,3.125945120728284565e-01,7.077402988220862778e-03
9.479806712150811165e-01,4.964002780921553670e-01,3.551832363440049489e-02
1.113720144172727355e+00,-3.551208826531708496e-02,-1.164172306985447602e-01
1.006795396104932516e+00,-2.357933520709662445e-01,-1.328677303148551592e-01
6.706238457339073200e-01,-2.209074398649288618e-01,-1.381404812154639339e-02
1.240759966132867653e+00,1.059094677186652733e-01,-1.566015012424634700e-03
1.011921451349800050e+00,-1.176571828895470323e-01,-1.720057823666982788e-01
8.952119591664785547e-01,-1.432843665454119064e-01,-1.966704399937248271e-01
1.151735371027892141e+00,4.304001055942282411e-02,-8.510982477407409708e-02
1.116881435598960248e+00,7.007111879384851916e-01,3.758035177115147674e-01
7.981895144157648003e-01,-3.040099276134611284e-01,-9.571736997193927565e-02
1.044790263644087336e+00,4.132561166997158475e-01,3.860849442449354463e-03
8.506347040494338652e-01,-1.930454277091887827e-01,-1.734938544237430436e-01
1.174432623489982230e+00,-2.554242395818132061e-01,-2.799243321484568003e-03
8.019436364654335403e-01,-7.070654264324785152e-03,-1.902673427050773913e-01
1.043855129717655705e+00,2.759337045960928436e-01,-9.136661871189728779e-02
1.085943914645044694e+00,-9.206407598592608599e-02,-1.303091292211068786e-01
1.136316695453619685e+00,-2.617366487764176686e-01,-3.110766956681207396e-02
8.722339043555076277e-01,-4.505805798148977415e-01,-1.227578059842834857e-02
9.410896527996942540e-01,-4.354086481237570694e-01,-2.293379386047766921e-02
9.487141223339856655e-01,-2.395270481602262413e-01,-1.533359770680357836e-01
1.078383145891870454e+00,1.507720791367381935e-03,-1.442637441816805866e-01
1.035618340815636751e+00,4.633751002031600424e-02,-1.704079536486988733e-01
9.623125434522192823e-01,5.073317764990050716e-01,5.057407066908398141e-02
1.134545706220423611e+00,-4.611663162071332756e-01,1.116221539628729775e-01
1.026486621133144927e+00,5.805529250844391198e-01,1.591395366366684938e-01
9.072817989319519327e-01,2.654840317663669236e-01,-1.465523286748966481e-01
1.090088984541473405e+00,5.871570232355831365e-02,-1.322804715262597963e-01
9.236752259810667720e-01,1.197161089186807720e-01,-2.012382055852340590e-01
1.024439884993560312e+00,5.156504163686282949e-01,8.683235792108276452e-02
1.057385814621610631e+00,2.941545004909079108e-01,-7.225005223630652507e-02
1.131981946916131854e+00,2.762800476604844735e-01,-2.679782741162507753e-02
1.117899988381328535e+00,-6.835426000764963095e-02,-1.097163136123029681e-01
1.282700161712879705e+00,6.831960880829930360e-01,4.870183680578182295e-01
1.238613921977092858e+00,2.416111114061465781e-01,4.384456049714988146e-02
1.208228282616359728e+00,-4.136168560208095535e-01,1.314030502836950887e-01
7.472891716889989988e-01,2.367790116339127046e-02,-1.494180269487423440e-01
1.138069146564117506e+00,5.224417470047750672e-02,-9.545760210217475727e-02
1.273951775342013093e+00,-2.201032755798851548e-01,6.201982218292558663e-02
8.196716679013483775e-01,4.266632545451018999e-01,-1.738767161415025186e-02
1.015835329327295478e+00,3.191023594741582703e-01,-8.196019674215884732e-02
9.552215236779172391e-01,-1.744566110559805927e-01,-1.785155121498906150e-01
8.279933024342945869e-01,-1.407197755975109765e-01,-1.832409553906810540e-01
1.097961005333898843e+00,-1.417722144926105987e-01,-1.097282743516335424e-01
1.206240185436399770e+00,4.509224618250709526e-01,1.619916775744272008e-01
9.834186744846635797e-01,-1.813125825347666475e-01,-1.662517439220924653e-01
1.145664348860908177e+00,-2.717570717278879333e-01,-1.811697434509916549e-02
8.072035803761469230e-01,-5.211917155054136552e-01,7.841831294343623582e-02
1.035563715574784993e+00,-2.010723810223080388e-01,-1.321577989017717891e-01
1.004675942390762744e+00,-1.015559082930733298e-01,-1.792063871825939625e-01
1.032990735382934844e+00,1.503176737572423441e-02,-1.738953728428865309e-01
9.520072809920143708e-01,-3.271259175719779533e-01,-1.028326333651598673e-01
1.039630387258545730e+00,1.826570585648563949e-01,-1.367582049327111249e-01
8.944679509138491191e-01,3.457339141304612840e-01,-9.765332063004703023e-02
1.207412059860559106e+00,2.865850221926271590e-01,4.177232833671756101e-02
1.037608201680941589e+00,-4.509100944097779035e-02,-1.693213321039160335e-01
1.075755261245118666e+00,7.121115173917411112e-02,-1.410700123595612088e-01
1.207816944612035703e+00,1.226714275556886335e-01,-2.497163794208134141e-02
1.122259003381625098e+00,1.623402467403340654e-01,-8.457663708661383728e-02
8.526714338288250428e-01,1.048379573611051274e-01,-2.003137968139822866e-01
9.674793074024811146e-01,1.370405760262729533e-01,-1.863295334886562737e-01
8.735168905737107359e-01,-2.008322757823171600e-01,-1.751497042665662862e-01
9.140916028391895543e-01,-2.226151152423760243e-02,-2.161008130541577643e-01
1.225817647419845002e+00,6.450010039909082060e-01,3.909837561357829561e-01
1.100289969031701620e+00,-8.441077107553271452e-02,-1.209341774792537794e-01
9.755568216153375216e-01,3.658636658099868599e-01,-6.835719210972623916e-02
1.130406098862922981e+00,5.844627090302658701e-01,2.371956848281692176e-01
7.455406768222325731e-01,-3.216324582824043460e-02,-1.473477904848874143e-01
1.045069931622730097e+00,-3.054618575716900875e-01,-7.343698576524848587e-02
9.970650455984032545e-01,-1.385912295245749493e-01,-1.739561082148485260e-01
1.034920147523463507e+00,-2.489704025314433411e-01,-1.109871614438925347e-01
7.804142293521408869e-01,-1.449278296392075283e-01,-1.556375509861366579e-01
9.191033232274739007e-01,-1.080370821329201536e-01,-2.044469322779215170e-01
1.201267647856188114e+00,-4.906772288645893654e-01,1.952581912954661769e-01
9.537741558400764097e-01,-2.404942713062723642e-02,-2.087804802894403788e-01
9.883192692872951879e-01,2.372893503135782012e-01,-1.407650593047374554e-01
7.906038156223474944e-01,2.426395493830739436e-01,-1.245984635076807789e-01
1.077106825375077737e+00,-3.278193691273159072e-01,-3.771313467594608615e-02
1.004244270733949840e+00,4.717793695623235251e-01,3.284322681393311849e-02
8.835474462836300225e-01,6.844252390466634695e-02,-2.119204764179526690e-01
8.997412084705286306e-01,-9.466555455366270494e-03,-2.171409677959837692e-01
1.102145834667673130e+00,-5.067174138692077251e-02,-1.240755827690465662e-01
1.030126387140198663e+00,-6.320646568609373794e-01,2.237023198931883672e-01
9.085594661818402473e-01,-2.544183882039642297e-01,-1.522419514881829805e-01
1.041781478062320687e+00,3.599218321709530266e-01,-3.925297947641634422e-02
7.505645876013774531e-01,2.952396116156269512e-01,-6.575190438001550508e-02
9.358417799413927263e-01,-1.297219483408118823e-01,-1.967659267064444939e-01
1.062258560671911045e+00,-1.863940281637768703e-01,-1.207663103945194050e-01
8.434778311665680484e-01,2.833152485171871460e-01,-1.283849704856090956e-01
8.229464819575761370e-01,-3.044206321619261080e-01,-1.082297327717653829e-01
9.272054892183921870e-01,3.629050949769116463e-01,-8.337322496777707648e-02
9.530183151612604542e-01,-3.205941795614410811e-02,-2.085403675188559902e-01
1.052787073124104467e+00,-3.047349690506704900e-01,-6.893859049288000862e-02
1.133123540827873921e+00,1.211237313477435268e-01,-8.753392002927637416e-02
9.579854939694729676e-01,-7.128408905942669460e-02,-2.030627318308765583e-01
1.210454998646163016e+00,-1.851582339377928488e-01,-3.530931429007073963e-03
9.942886691291733525e-01,3.186206569047693171e-01,-9.291790121365180177e-02
9.171491827032756117e-01,2.052234736356119971e-01,-1.742039632709881658e-01
9.163398985830599752e-01,6.496819643205887784e-01,2.056882902859507589e-01
9.475282195325287482e-01,-1.200681901632982551e-01,-1.965918427655145295e-01
1.020874136681184874e+00,5.379777325601737825e-01,1.083685691755530700e-01
9.844299388369723847e-01,3.429232597415682315e-01,-8.111371969318116604e-02
1.109669457924125746e+00,-3.835763653695259401e-01,2.628998155857094343e-02
8.135327582077455100e-01,-1.981029541525753390e-01,-1.572476027649267194e-01
1.089329803899056648e+00,-1.315746398240148218e-01,-1.189786582678748345e-01
8.037809887543854170e-01,5.579159227651808717e-01,1.199186444539275254e-01
1.131544064084757828e+00,-6.954031958255392221e-01,3.801032366781780247e-01
9.203128967837133079e-01,9.488453930808889158e-02,-2.069811294975707205e-01
1.103158828792018875e+00,1.322976542835654634e-01,-1.083649649310021584e-01
9.815668671620871866e-01,6.046492281880414543e-01,1.657240816567419894e-01
9.361120620513598833e-01,4.047083492227237511e-01,-4.975257537539148900e-02
1.059930613235443575e+00,-1.611714072529004949e-01,-1.311019320083142425e-01
8.158751887754159826e-01,-3.525836830331129934e-01,-7.332495896324128792e-02
7.223792614950605984e-01,3.045884013515548494e-01,-3.268825407567814423e-02
9.540745085917519130e-01,3.584386551535623938e-02,-2.079901565393461882e-01
8.115835784687599475e-01,-1.179593420949615057e-01,-1.815971908671877855e-01
9.065334269668510192e-01,-6.438088788505010873e-01,1.974226528538697567e-01
9.398366645429288013e-01,-3.684742857045617548e-01,-7.701108005563497838e-02
8.950992620580102699e-01,2.783945800641438387e-02,-2.164236476412996213e-01
1.041018043112075020e+00,-3.391622802451351726e-01,-5.423755460452722721e-02
8.643017082533404061e-01,-2.409132822757516501e-01,-1.559078322299433106e-01
1.040374586096142195e+00,-9.460057054095648288e-02,-1.607157006634447050e-01
1.228192062927847994e+00,6.668448051099800100e-01,4.215999379829932781e-01
8.127228797101639923e-01,-3.995161326216930542e-01,-3.647456121515033067e-02
1.078771545541938881e+00,2.046543002934999092e-02,-1.435687130169137071e-01
1.307214250245229081e+00,-4.164895582485893255e-02,4.001438225254322356e-02
1.231939137239923543e+00,3.722222861851952058e-01,1.185523390037588609e-01
8.731620725074753508e-01,-1.321422919452480971e-01,-1.979715917301829164e-01
9.839088568599468898e-01,-3.384548754454063668e-01,-8.437321900066134528e-02
9.103682681937849130e-01,-3.979251832098706920e-01,-5.852160613542856105e-02
1.133542027077544034e+00,-1.362213523556725092e-01,-8.330967331585129032e-02
8.010110851805969379e-01,-1.495363816358788178e-01,-1.674233245346619103e-01
1.026669651231636893e+00,-1.415034733875362438e-01,-1.577744382250179933e-01
8.696577265222628084e-01,1.773778645305548185e-01,-1.834364690333863401e-01
1.196126756359754850e+00,2.047179866605818299e-01,-7.910818871837137223e-03
