,xtr_0,ytr_0,xte_0,yte_0,modelte_0,epi_0,loss,x_epi_0,y_epi_0
0,-1.5829779952974259,0.9662141511492748,-4.0,4.898587196589413e-16,-7.8845377,1.0,0.4116325249671936,-3.7974021,1.0
1,-1.279675506557842,0.7698630357936138,-3.959798994974874,0.1259597050677177,-7.7451286,1.0,0.24053223288059233,-0.014641511,1.0
2,-1.9998856251826551,0.000359319078194409,-3.919597989949749,0.2499129623703082,-7.6057196,1.0,0.2023917093873024,-0.014641511,1.0
3,-1.6976674273681602,0.8133025202658843,-3.879396984924623,0.369885285416548,-7.4663086,1.0,0.1885496928691864,-0.014641511,1.0
4,-1.8532441091828868,0.4448862350367828,-3.8391959798994977,0.483965601142838,-7.3268986,1.0,0.178019122838974,-0.014641511,1.0
5,-1.9076614052312022,0.2860387063779303,-3.798994974874372,0.5903366919365289,-7.1874905,1.0,0.17715309572219848,-1.0854865,1.0
6,-1.8137397886223292,0.5523275271250853,-3.758793969849246,0.6873041426091845,-7.048081,1.0,0.1772580213546753,-0.014641511,1.0
7,-1.6544392729569521,0.8845885523454862,-3.7185929648241207,0.773323331215339,-6.9086714,1.0,0.17416236793994905,-0.014641511,1.0
8,-1.60323252576933,0.9478693757128499,-3.678391959798995,0.8470240337722996,-6.7692637,1.0,0.1745161509513855,-0.014641511,1.0
9,-1.461183265996643,0.9925737516365071,-3.6381909547738696,0.9072322509454811,-6.6298532,1.0,0.17056263029575347,-0.014641511,1.0
10,-1.5808054855967053,0.9679507489980838,-3.5979899497487438,0.9529889090158394,-6.490444,1.0,0.16731065058708192,-2.7706773,1.0
11,-1.3147804996032404,0.8354285670633269,-3.557788944723618,0.98356513723637,-6.3510356,1.0,0.1591543722450733,-0.014641511,1.0
12,-1.7955477502684825,0.5990432330954866,-3.5175879396984926,0.9984738782203788,-6.211626,1.0,0.16477814757823944,-0.014641511,1.0
13,-1.1218825636090546,0.3736170111812786,-3.477386934673367,0.9974776464163388,-6.072218,1.0,0.16396291574835778,-0.014641511,1.0
14,-1.9726124068020738,0.08593454110720072,-3.4371859296482414,0.9805923110824042,-5.932808,1.0,0.1685874952673912,-0.014641511,1.0
15,-1.3295324898215979,0.8599934562565188,-3.3969849246231156,0.9480868435005093,-5.7934003,1.0,0.15848059916496277,-1.1990896,1.0
16,-1.582695197632873,0.9664427555766607,-3.35678391959799,0.9004790324567514,-5.6309204,1.0,0.1591156823039055,-0.014641511,1.0
17,-1.4413101715542482,0.9830501940093126,-3.3165829145728645,0.8385272362373773,-5.4577403,1.0,0.15762985956668854,-0.014641511,1.0
18,-1.8596130614047661,0.4268788875939333,-3.2763819095477387,0.7632183025251686,-5.284562,1.0,0.15313466036319734,-0.014641511,1.0
19,-1.8018985109151213,0.5829495673115249,-3.2361809045226133,0.6757518486236092,-5.111385,1.0,0.16819870841503143,-0.014641511,1.0
20,-1.1992554313244632,0.5858912488544809,-3.1959798994974875,0.5775211524135879,-4.9381886,1.0,0.35353543162345885,-3.1313727,1.0
21,-1.0317384242806025,0.0995440657721476,-3.1557788944723617,0.4700909584360025,-4.764893,1.0,0.10308257728815079,-0.014641511,1.0
22,-1.6865758218407572,0.833079143316727,-3.115577889447236,0.3551725526334265,-4.5915985,1.0,0.06072812579572201,-0.014641511,1.0
23,-1.307677384330686,0.8229572323396676,-3.0753768844221105,0.23459650279236882,-4.418302,1.0,0.0609464068710804,-0.014641511,1.0
24,-1.1236108477039617,0.3786478514509084,-3.035175879396985,0.11028349891127548,-4.245007,1.0,0.04106727629899978,-0.014641511,1.0
25,-1.1053933364961526,0.32508625115620254,-2.9949748743718594,-0.015786242013636178,-4.0717115,1.0,0.05393789410591125,-0.98636,1.0
26,-1.914955788630222,0.2640070187681999,-2.9547738693467336,-0.14160451942495228,-3.898417,1.0,0.03813584223389625,-0.014641511,1.0
27,-1.9609452167671177,0.1223866145425433,-2.914572864321608,-0.265167138398679,-3.7251205,1.0,0.04997323215007782,-0.014641511,1.0
28,-1.830169580435431,0.5085827809366517,-2.8743718592964824,-0.3845058350320108,-3.551825,1.0,0.044807714745402336,-0.014641511,1.0
29,-1.1218574965705868,0.3735439624638416,-2.834170854271357,-0.4977196294756828,-3.37853,1.0,0.02268008068203926,-0.014641511,1.0
30,-1.90165316616695,0.3040734659508064,-2.7939698492462313,-0.603005107179614,-3.2052345,1.0,0.041358824074268344,-1.3760281,1.0
31,-1.5788923749949477,0.9694426632488619,-2.7537688442211055,-0.698685145993307,-3.0319395,1.0,0.04827877119183541,-0.014641511,1.0
32,-1.042110469849498,0.1319083857322396,-2.7135678391959797,-0.7832356315188906,-2.8586438,1.0,0.01611070193350315,-0.014641511,1.0
33,-1.466834715026983,0.994576941473116,-2.6733668341708543,-0.8553097351604119,-2.6853485,1.0,0.028436812460422515,-0.014641511,1.0
34,-1.3081228860495266,0.8237515349181933,-2.633165829145729,-0.9137593681374366,-2.5120533,1.0,0.027703345566987992,-0.014641511,1.0
35,-1.684484368993937,0.8366956278447218,-2.592964824120603,-0.9576534697159294,-2.3387578,1.0,0.02379233278334141,-0.18812129,1.0
36,-1.3134990723184163,0.8332092701240986,-2.5527638190954773,-0.9862928383380029,-2.165462,1.0,0.039705830961465835,-0.014641511,1.0
37,-1.1653743281026272,0.49647982446376226,-2.5125628140703515,-0.9992212694012756,-1.992167,1.0,0.023153162486851217,-0.014641511,1.0
38,-1.9817117226558083,0.057422713530703724,-2.472361809045226,-0.9962328222710067,-1.8188713,0.9999999,0.017315061837434767,-0.014641511,1.0
39,-1.2498556850550324,0.7067861213204565,-2.4321608040201004,-0.9773751007667071,-1.6455762,0.9999994,0.06208996616303921,-0.014641511,1.0
40,-1.0111389110935054,0.03498677958688386,-2.391959798994975,-0.9429484948674373,-1.4722805,0.99999726,0.1906244957447052,-3.63204,1.0
41,-1.2518343456201606,0.7111699087697887,-2.351758793969849,-0.8935013957148741,-1.298985,0.9999893,0.17159901881217957,-0.014641511,1.0
42,-1.7195560079355947,0.7714015988233429,-2.3115577889447234,-0.8298214601357254,-1.12569,0.9999583,0.15464998978376387,-0.014641511,1.0
43,-1.2107206715485115,0.6146944368056666,-2.271356783919598,-0.7529230638333768,-0.9523942,0.9998374,0.163217338681221,-0.014641511,1.0
44,-1.896773993422358,0.3186397255140036,-2.2311557788944723,-0.6640311431104307,-0.7790988,0.9993658,0.15628203201293944,-0.014641511,1.0
45,-1.5521064738240948,0.9866314873032482,-2.190954773869347,-0.5645616825119184,-0.6058038,0.9975288,0.1551407381296158,-0.9211983,1.0
46,-1.0914044969069043,0.28322553519470134,-2.150753768844221,-0.4560991592070158,-0.4325084,0.99041843,0.15703049278259276,-0.014641511,1.0
47,-1.7063858516263206,0.7970629892396291,-2.1105527638190953,-0.34037130340411215,-0.25921273,0.963532,0.1593226236104965,-0.014641511,1.0
48,-1.7122246614136514,0.785852154322267,-2.07035175879397,-0.21922157684769095,-0.14769989,0.8929548,0.16245321667194365,-0.014641511,1.0
49,-1.8699714278817223,0.397230268485854,-2.030150753768844,-0.09457980779484401,-0.017527282,0.8189476,0.15372644171118735,-0.014641511,1.0
50,-1.980633042129703,0.06080556052468847,-1.9899497487437188,0.031568549764810244,0.089848936,0.748625,0.15764317965507507,-1.3515807,1.0
51,-1.321164467060109,0.8462824763767096,-1.949748743718593,0.15721404296725106,0.19722527,0.661107,0.15224031065404414,-0.014641511,1.0
52,-1.788371883999941,0.6169405645288185,-1.9095477386934672,0.28035522921701517,0.30460155,0.55903023,0.155053555727005,-0.014641511,1.0
53,-1.7344533406277738,0.7407858226266749,-1.8693467336683418,0.3990305577323406,0.41197774,0.4486043,0.1609327130317688,-0.014641511,1.0
54,-1.5084268407196617,0.9996495920465868,-1.829145728643216,0.5113496156423267,0.50518394,0.35644156,0.15582874846458436,-0.014641511,1.0
55,-1.9466374548829197,0.16685923237389166,-1.7889447236180902,0.6155232409081798,0.5793414,0.29217696,0.15599588692188263,-2.1469293,1.0
56,-1.4258823945079868,0.9730133229193327,-1.7487437185929648,0.7098920223913331,0.6534984,0.2323869,0.14897313380241395,-0.014641511,1.0
57,-1.85327142509419,0.44480937817492067,-1.708542713567839,0.7929527330827791,0.70660776,0.19298865,0.15150268793106078,-0.014641511,1.0
58,-1.4106944630967158,0.9609000802639347,-1.6683417085427137,0.8633822754312233,0.70660776,0.19298865,0.14820854938030242,-0.014641511,1.0
59,-1.3002416399790688,0.809462969214786,-1.6281407035175879,0.9200587573381745,0.70660776,0.19298865,0.15426684963703155,-0.014641511,1.0
60,-1.8976655711721742,0.315983503189854,-1.587939698492462,0.9620793630944631,0.70660776,0.19298865,0.2872264069318771,-4.1344666,1.0
61,-1.5859440121804318,0.9637706090192686,-1.5477386934673367,0.9887747345870026,0.70660776,0.19298865,0.07631046190857887,-0.014641511,1.0
62,-1.305599842272255,0.8192318385225349,-1.507537688442211,0.999719633693478,0.70660776,0.19298865,0.04493145704269409,-0.014641511,1.0
63,-1.5858207304730974,0.9638738424621597,-1.4673366834170856,0.994739716020657,0.70660776,0.19298865,0.043590119183063505,-0.014641511,1.0
64,-1.9500465410539127,0.15629005046059935,-1.4271356783919598,0.9739143080855377,0.70660776,0.19298865,0.049574341624975204,-0.014641511,1.0
65,-1.4641035940844884,0.9936479870559808,-1.386934673366834,0.9375751437008247,0.70660776,0.19298865,0.03853141516447067,-3.7288804,1.0
66,-1.336205354780211,0.8705014522029949,-1.3467336683417086,0.8863010796932088,0.70660776,0.19298865,0.03538722723722458,-0.014641511,1.0
67,-1.4851108879416914,0.9989062245765975,-1.3065326633165828,0.8209088751292625,0.70660776,0.19298865,0.03481444865465164,-0.014641511,1.0
68,-1.0554052440091866,0.17318311472069844,-1.2663316582914574,0.7424401809292835,0.70660776,0.19298865,0.04185626551508904,-0.014641511,1.0
69,-1.413444959498007,0.9632568134331709,-1.2261306532663316,0.6521449471151866,0.70660776,0.19298865,0.03634846478700638,-0.014641511,1.0
70,-1.0965980847121166,0.29883518797374276,-1.1859296482412058,0.551461512003107,0.70660776,0.19298865,0.019901896193623543,-2.6871002,1.0
71,-1.8625252958537626,0.418587566741932,-1.1457286432160805,0.4419936905055793,0.70660776,0.19298865,0.03889347469434142,-0.014641511,1.0
72,-1.8607236527492415,0.4237211391556388,-1.1055276381909547,0.3254852265102114,0.70660776,0.19298865,0.026117417439818384,-0.014641511,1.0
73,-1.1926087112904762,0.5688427711823256,-1.0653266331658293,0.20379201629015253,0.70660776,0.19298865,0.018396283090114592,-0.014641511,1.0
74,-1.6023231630144665,0.9487758669383869,-1.0251256281407035,0.07885254540747635,0.70660776,0.19298865,0.03981608685106039,-0.014641511,1.0
75,-1.8346458028830672,0.4964249251850297,-0.9849246231155777,-0.04734298997155865,0.70660776,0.19298865,0.018071265667676927,-0.03879251,1.0
76,-1.072491419603966,0.22577500686292445,-0.9447236180904524,-0.1727843854740994,0.70660776,0.19298865,0.013397538736462593,-0.014641511,1.0
77,-1.6522341402544933,0.8877981538966313,-0.9045226130653266,-0.2954734496346705,0.7657334,0.2444761,0.043383006416261194,-0.014641511,1.0
78,-1.2491878968638446,0.7053004422404765,-0.8643216080402008,-0.413455833652135,0.93733,0.47716862,0.015139805898070336,-0.014641511,1.0
79,-1.2740020146495485,0.7583660408649052,-0.8241206030150754,-0.5248521627644684,1.1315173,0.91437733,0.01823465347290039,-0.014641511,1.0
80,-1.1166939087941903,0.35844784746974706,-0.7839195979899496,-0.627887973340859,1.2361219,0.9902971,0.1661024417579174,-1.3372203,1.0
81,-1.3763277929443911,0.9254678096950667,-0.7437185929648242,-0.7209219788147161,1.2823861,0.9967228,0.1659309124946594,-0.014641511,1.0
82,-1.2490575659726628,0.7050101229668895,-0.7035175879396984,-0.802472214201578,1.3021271,0.9982194,0.14766006428003312,-0.014641511,1.0
83,-1.6511016580221574,0.8894299476812447,-0.6633165829145726,-0.8712396427384599,1.3218684,0.9990331,0.1539761538505554,-0.014641511,1.0
84,-1.730072108234974,0.749961240298803,-0.6231155778894473,-0.9261288486078412,1.3313705,0.9993006,0.14771688663959504,-0.014641511,1.0
85,-1.104113781803933,0.32128213534260025,-0.5829145728643215,-0.9662654861260219,1.3382056,0.99945474,0.1471057339310646,-1.9005319,1.0
86,-1.571908810128705,0.9745910822034503,-0.5427135678391961,-0.9910102074427921,1.3450408,0.99957514,0.15682046151161194,-0.014641511,1.0
87,-1.0351599528516144,0.11023376925854146,-0.5025125628140703,-0.9999688468941563,1.3422468,0.99952817,0.15664719700813293,-0.014641511,1.0
88,-1.336558502181552,0.8710469474320987,-0.4623115577889445,-0.9929986997786695,1.338176,0.99945116,0.16623788583278656,-0.014641511,1.0
89,-1.3783042797908782,0.9278022057996606,-0.42211055276381915,-0.9702107955409863,1.3341053,0.99936163,0.15372099685668944,-0.014641511,1.0
90,-1.8852540270466247,0.35272820065309846,-0.38190954773869334,-0.9319681291524347,1.3300345,0.99925745,0.1583884506225586,-2.5501752,1.0
91,-1.0505107412929289,0.15801904951621568,-0.341708542713568,-0.8788798788614606,1.3259637,0.9991361,0.14597192481160165,-0.014641511,1.0
92,-1.5500878665200595,0.987645120668432,-0.3015075376884422,-0.8117917024210207,1.321893,0.9989952,0.15311065888404846,-0.014641511,1.0
93,-1.4216103856128681,0.9698289260318179,-0.2613065326633164,-0.7317722663670764,1.3178222,0.99883115,0.16028571435809136,-0.014641511,1.0
94,-1.5918631972387187,0.958644195654816,-0.22110552763819102,-0.6400962229271073,1.3137513,0.99864054,0.14758736902475358,-0.014641511,1.0
95,-1.7629730197569722,0.6777087671971893,-0.18090452261306522,-0.5382239057242882,1.3096806,0.9984187,0.16515021666884422,-1.1786983,1.0
96,-1.096620479437746,0.2989023274445373,-0.14070351758793986,-0.42777806771021004,1.3056098,0.9981607,0.14299935150146484,-0.014641511,1.0
97,-1.4263205133277141,0.9733300018893294,-0.10050251256281406,-0.31051803187416877,1.2921338,0.99783576,0.1463645052909851,-0.014641511,1.0
98,-1.997129672968841,0.009017276108991324,-0.06030150753768826,-0.18831166648971728,1.2672732,0.99742043,0.14762588846683503,-0.014641511,1.0
99,-1.3828550863792761,0.9330409405018342,-0.0201005025125629,-0.06310563131267392,1.2405317,0.99691916,0.15800700581073762,-0.014641511,1.0
100,1.326644901772096,-0.8553288373219352,0.020100502512562457,0.06310563131267252,1.2066855,0.99631286,0.13422009438276292,-1.0542358,1.0
101,1.5270581022576093,-0.9963892045552099,0.06030150753768826,0.18831166648971728,1.1549586,0.9955596,0.061473127901554105,-0.014641511,1.0
102,1.8859420993107745,-0.35070467317132714,0.10050251256281406,0.31051803187416877,1.1025006,0.99465156,0.03932031586766243,-0.014641511,1.0
103,1.3572697600024997,-0.9011417758034916,0.14070351758793986,0.42777806771021004,1.0500424,0.993559,0.03100830651819706,-0.014641511,1.0
104,1.9085351509197992,-0.28340736847943854,0.18090452261306567,0.5382239057242895,0.99758434,0.99224484,0.0357460418343544,-0.014641511,1.0
105,1.6233601157918027,-0.9258387901695622,0.22110552763819058,0.6400962229271063,0.9451263,0.99066484,0.037501581981778144,2.6689227,1.0
106,1.0158212428465563,-0.049683437428963396,0.2613065326633164,0.7317722663670764,0.8926681,0.9887663,0.020259227231144906,-0.014641511,1.0
107,1.9294372337437613,-0.21986830316268247,0.3015075376884422,0.8117917024210207,0.8402101,0.98648655,0.04382200747728348,-0.014641511,1.0
108,1.690896917516924,-0.8254934828349183,0.341708542713568,0.8788798788614606,0.78775203,0.98375094,0.024955703765153884,-0.014641511,1.0
109,1.9973228504514804,-0.008410414199166123,0.3819095477386938,0.9319681291524352,0.735294,0.9804716,0.012264185138046741,-0.014641511,1.0
110,1.1723405083453287,-0.5153565685523565,0.4221105527638196,0.9702107955409867,0.6828358,0.97654474,0.05045912232249975,-4.2687774,1.0
111,1.1371357496288779,-0.41762025154155186,0.4623115577889445,0.9929986997786695,0.6303779,0.97184896,0.015026880595833063,-0.014641511,1.0
112,1.9325954630371636,-0.21017856229669787,0.5025125628140703,0.9999688468941563,0.5779198,0.96624255,0.01623563304543495,-0.014641511,1.0
113,1.6968181614899,-0.8148520032214721,0.5427135678391961,0.9910102074427921,0.5254617,0.95956206,0.019103632718324663,-0.014641511,1.0
114,1.0660001727220625,-0.20586313976973317,0.5829145728643219,0.9662654861260216,0.4730037,0.9516196,0.03597378326579928,-0.014641511,1.0
115,1.7554630526024664,-0.6948673860154255,0.6231155778894477,0.9261288486078406,0.42045468,0.9425694,0.022136329114437102,-3.440155,1.0
116,1.7538761884612464,-0.6984438407075235,0.6633165829145726,0.8712396427384599,0.36790127,0.9319581,0.010484716296195984,-0.014641511,1.0
117,1.9230245355464834,-0.23947545892262673,0.7035175879396984,0.802472214201578,0.3153476,0.91953814,0.0417434100410901,-0.014641511,1.0
118,1.7115247586284719,-0.787210028986548,0.7437185929648242,0.7209219788147161,0.26279414,0.9050605,0.008242037668824196,-0.014641511,1.0
119,1.1242709619721647,-0.38056643178005356,0.78391959798995,0.6278879733408576,0.21024066,0.8882647,0.023850524723529817,-0.014641511,1.0
120,1.0198801338397956,-0.062414687514019504,0.8241206030150758,0.5248521627644673,0.15768713,0.86888677,0.15971779479086398,-0.30900645,1.0
121,1.0262109868777194,-0.08225121848240503,0.8643216080402008,0.413455833652135,0.10513353,0.8466716,0.1584397000670433,-0.014641511,1.0
122,1.0283064880207946,-0.08881029339855673,0.9045226130653266,0.2954734496346705,0.05258006,0.82138926,0.14451924428343774,-0.014641511,1.0
123,1.246211067603046,-0.6986399946711387,0.9447236180904524,0.1727843854740994,0.00070899725,0.7939823,0.14850757420063018,-0.014641511,1.0
124,1.860027948682888,-0.42569984305325526,0.9849246231155782,0.047342989971557316,-0.045397103,0.7670993,0.14939848375320436,-0.014641511,1.0
125,1.538831064341653,-0.9925682741916515,1.025125628140704,-0.07885254540747769,-0.08055192,0.74340117,0.14214674699306487,-0.9663411,1.0
126,1.552821978685766,-0.9862626733118064,1.0653266331658289,-0.20379201629015123,-0.14898175,0.6305917,0.15160691857337952,-0.014641511,1.0
127,1.8420308923596056,-0.4761528627133772,1.1055276381909547,-0.3254852265102114,-0.2682476,0.4867007,0.1601639429330826,-0.014641511,1.0
128,1.1241733151199111,-0.38028273033382193,1.1457286432160805,-0.4419936905055793,-0.38751322,0.33785027,0.14860677433013916,-0.014641511,1.0
129,1.2791836790111395,-0.7688760063404474,1.1859296482412063,-0.5514615120031081,-0.5067795,0.20475979,0.1514167291522026,-0.014641511,1.0
130,1.5857592714582878,-0.9639252529111114,1.226130653266332,-0.6521449471151876,-0.62604505,0.10040727,0.15701531958580017,-1.8986529,1.0
131,1.9695957483196747,-0.09537259491600372,1.266331658291457,-0.7424401809292823,-0.73773116,0.038877994,0.14600043870508672,-0.014641511,1.0
132,1.56103021925571,-0.9816756418981173,1.3065326633165828,-0.8209088751292625,-0.7948081,0.030977443,0.15390549963712694,-0.014641511,1.0
133,1.018647289372943,-0.05854868528473185,1.3467336683417086,-0.8863010796932088,-0.85188514,0.023482695,0.16313624960184098,-0.014641511,1.0
134,1.8006326726806163,-0.5861760902600978,1.3869346733668344,-0.9375751437008254,-0.9089623,0.016379587,0.14654593539237976,-0.014641511,1.0
135,1.2329742738410205,-0.6682918995944155,1.4271356783919602,-0.973914308085538,-0.9541257,0.010253444,0.1546370165348053,-1.5044881,1.0
136,1.8071051956187791,-0.5695817461392687,1.4673366834170851,-0.9947397160206568,-0.9747152,0.005931981,0.14132383114099503,-0.014641511,1.0
137,1.3878606440641716,-0.9385828831673769,1.507537688442211,-0.999719633693478,-0.9952342,0.0017869473,0.1559705891609192,-0.014641511,1.0
138,1.8635418545594287,-0.415685072633406,1.5477386934673367,-0.9887747345870026,-1.001992,0.0011879876,0.14146834927797317,-0.014641511,1.0
139,1.7471216427371847,-0.71347188669292,1.5879396984924625,-0.9620793630944628,-1.0087495,0.0005923435,0.163417278110981,-0.014641511,1.0
140,1.5562402339904189,-0.9844319612012807,1.6281407035175883,-0.9200587573381742,-1.0155072,0.0,0.1610461190342903,-2.382899,1.0
141,1.136455225660685,-0.41567672991254856,1.6683417085427132,-0.8633822754312241,-1.0014637,0.0008195415,0.12018153011798859,-0.014641511,1.0
142,1.0599176895122118,-0.18712730256942206,1.708542713567839,-0.7929527330827791,-0.9474245,0.0045752227,0.09767259865999221,-0.014641511,1.0
143,1.1213434557407373,-0.37204546824262047,1.7487437185929648,-0.7098920223913331,-0.8639274,0.010686278,0.08360993951559066,-0.014641511,1.0
144,1.0445518785447616,-0.13950732254221043,1.7889447236180906,-0.615523240908179,-0.7683459,0.01793769,0.07145690083503724,-0.014641511,1.0
145,1.107494129106093,-0.3313204863082735,1.8291457286432165,-0.5113496156423261,-0.6681196,0.026126593,0.06312096357345581,-1.3283308,1.0
146,1.2257093386078548,-0.6511409632723442,1.8693467336683414,-0.39903055773234225,-0.567447,0.034880623,0.06878921687602997,-0.014641511,1.0
147,1.7129889803826766,-0.7843649666477504,1.9095477386934672,-0.28035522921701517,-0.46629983,0.044281095,0.05890452057123184,-0.014641511,1.0
148,1.5597169820541423,-0.9824534682393893,1.949748743718593,-0.15721404296725106,-0.36488158,0.054318175,0.06887944251298904,-0.014641511,1.0
149,1.012555980159116,-0.039435546420678716,1.9899497487437188,-0.031568549764810244,-0.26346296,0.06495331,0.0516860032081604,-0.014641511,1.0
150,1.0719742796894867,-0.22419201577720715,2.0301507537688446,0.09457980779484577,-0.1711433,0.07553755,0.058388406932353976,-3.848906,1.0
151,1.967276330000272,-0.10262345114445792,2.0703517587939704,0.2192215768476927,-0.08841407,0.085953146,0.061593528091907504,-0.014641511,1.0
152,1.5681004619199421,-0.977201163241441,2.1105527638190953,0.34037130340411215,-0.009964883,0.096565336,0.0581146164983511,-0.014641511,1.0
153,1.2032932346609906,-0.5961237363517067,2.150753768844221,0.4560991592070158,0.064546704,0.10723005,0.04995968893170357,-0.014641511,1.0
154,1.2523257445703235,-0.712254366091558,2.190954773869347,0.5645616825119184,0.13897616,0.1183359,0.06123414278030395,-0.014641511,1.0
155,1.743825854075093,-0.7206884117124912,2.2311557788944727,0.664031143110432,0.22740382,0.27660936,0.05824125111103058,-2.8697577,1.0
156,1.195429481109319,-0.5761086206630859,2.2713567839195985,0.752923063833378,0.3152283,0.50076586,0.05056493815034628,-0.014641511,1.0
157,1.5813589272732578,-0.9675126317961422,2.3115577889447234,0.8298214601357254,0.38420296,0.705721,0.06263025954365731,-0.014641511,1.0
158,1.9700199890883123,-0.09404579425785398,2.351758793969849,0.8935013957148741,0.45317715,0.8479745,0.06211948812007904,-0.014641511,1.0
159,1.8468288014900351,-0.4628445769920436,2.391959798994975,0.9429484948674373,0.52215135,0.9276682,0.051506032347679136,-0.014641511,1.0
160,1.2398477591475863,-0.6841983774475284,2.432160804020101,0.9773751007667074,0.5911255,0.96704435,0.1495922774374485,0.8298088,1.0
161,1.4937697142687298,-0.9998084545615823,2.4723618090452266,0.9962328222710068,0.66009974,0.9852927,0.16534989261627198,-0.014641511,1.0
162,1.6199557183813798,-0.9298276884675104,2.5125628140703515,0.9992212694012756,0.72907406,0.9934983,0.1415909635424614,-0.014641511,1.0
163,1.8289808995501788,-0.5117945525190903,2.5527638190954773,0.9862928383380029,0.7980484,0.997138,0.15188173931837082,-0.014641511,1.0
164,1.1567913946460844,-0.47289606249589833,2.592964824120603,0.9576534697159294,0.8670223,0.99874246,0.14477551078796386,-0.014641511,1.0
165,1.0185762021774094,-0.058325739920626445,2.633165829145729,0.9137593681374366,0.93599707,0.99944794,0.14633069771528245,-1.2586751,1.0
166,1.0700221437192223,-0.21821113202658768,2.6733668341708547,0.855309735160411,0.9936761,0.99975634,0.1525083487033844,-0.014641511,1.0
167,1.4863451109370318,-0.9990800176398541,2.7135678391959797,0.7832356315188906,1.0233283,0.9998902,0.17068481171131134,-0.014641511,1.0
168,1.6063294616533303,-0.944724228692967,2.7537688442211055,0.698685145993307,1.0489172,0.9999505,0.1442395119071007,-0.014641511,1.0
169,1.5688514370864812,-0.9766975369689531,2.7939698492462313,0.603005107179614,1.0745053,0.9999777,0.1575470360517502,-0.014641511,1.0
170,1.3173624093221608,-0.8398590029737631,2.834170854271357,0.4977196294756828,1.1000946,0.99999,0.15305697524547576,-3.7687957,1.0
171,1.988616154412449,-0.035755782462730534,2.874371859296483,0.3845058350320092,1.1256827,0.99999547,0.14285292574763298,-0.014641511,1.0
172,1.579745219245797,-0.9687819065366918,2.914572864321608,0.265167138398679,1.1512713,0.99999785,0.15011223185062408,-0.014641511,1.0
173,1.3801411726235504,-0.9299396602108708,2.9547738693467336,0.14160451942495228,1.1768599,0.99999905,0.1532435469329357,-0.014641511,1.0
174,1.5509482191178967,-0.9872179534599521,2.9949748743718594,0.015786242013636178,1.2024486,0.99999964,0.1467317722439766,-0.014641511,1.0
175,1.7453344309065022,-0.7173947437709058,3.035175879396985,-0.11028349891127548,1.2280369,0.9999999,0.14964682364463805,-1.4827741,1.0
176,1.6692328934531846,-0.8619662836939105,3.075376884422111,-0.23459650279236882,1.2536259,0.9999999,0.14168651646375657,-0.014641511,1.0
177,1.2649195576628094,-0.7394609896210472,3.115577889447236,-0.3551725526334265,1.279214,1.0,0.15424009346961975,-0.014641511,1.0
178,1.0663348344284416,-0.2068918770315459,3.1557788944723617,-0.4700909584360025,1.3048031,1.0,0.1452716085910797,-0.014641511,1.0
179,1.3700841979141063,-0.9178596453678991,3.1959798994974875,-0.5775211524135879,1.3303916,1.0,0.1548655658364296,-0.014641511,1.0
180,1.6297175070215646,-0.9181067241805476,3.2361809045226133,-0.6757518486236092,1.3559802,1.0,0.07197955697774887,-2.3569047,1.0
181,1.2101740099148395,-0.6133389147227282,3.276381909547739,-0.7632183025251686,1.381569,1.0,0.054909501522779465,-0.014641511,1.0
182,1.752755553738814,-0.7009590609372243,3.316582914572864,-0.8385272362373763,1.407157,1.0,0.05605120114982128,-0.014641511,1.0
183,1.066536481354115,-0.2075116216142374,3.35678391959799,-0.9004790324567514,1.4327459,1.0,0.057330202236771585,-0.014641511,1.0
184,1.260315098578541,-0.7296459111136077,3.3969849246231156,-0.9480868435005093,1.4583347,1.0,0.03171922251582146,-0.014641511,1.0
185,1.8047545637433453,-0.5756359241777278,3.4371859296482414,-0.9805923110824042,1.4839232,1.0,0.03285092443227768,-1.9529037,1.0
186,1.1934342826233277,-0.5709739595104197,3.4773869346733672,-0.9974776464163388,1.509511,1.0,0.04545461818575859,-0.014641511,1.0
187,1.6394608808799402,-0.9055468935943222,3.517587939698492,-0.9984738782203789,1.5351,1.0,0.03599194973707199,-0.014641511,1.0
188,1.5246703091237337,-0.9969980633348969,3.557788944723618,-0.98356513723637,1.5606887,1.0,0.04721311882138252,-0.014641511,1.0
189,1.9248079703993506,-0.23403193148153867,3.5979899497487438,-0.9529889090158394,1.5862768,1.0,0.03450504153966904,-0.014641511,1.0
190,1.263296770487111,-0.7360193325203777,3.6381909547738696,-0.9072322509454811,1.6116053,1.0,0.04385415531694889,-1.9207591,1.0
191,1.0659610906840238,-0.20574298822169504,3.6783919597989954,-0.8470240337722986,1.636591,1.0,0.04138407975435257,-0.014641511,1.0
192,1.7350659632886694,-0.7394916108609899,3.7185929648241203,-0.7733233312153401,1.661577,1.0,0.03857651494443417,-0.014641511,1.0
193,1.7721780295432468,-0.6561638030704566,3.758793969849246,-0.6873041426091845,1.6865625,1.0,0.03520889095962047,-0.014641511,1.0
194,1.907815852503524,-0.2855737353396375,3.798994974874372,-0.5903366919365289,1.7115481,1.0,0.04513778403401375,-0.014641511,1.0
195,1.9319720691968372,-0.21209286165314303,3.8391959798994977,-0.483965601142838,1.7365339,1.0,0.03684887677431106,-0.90549684,1.0
196,1.013951572975597,-0.043816126952877676,3.8793969849246235,-0.36988528541654636,1.7615192,1.0,0.03294601529836655,-0.014641511,1.0
197,1.2343620861214206,-0.6715288937989651,3.9195979899497493,-0.24991296237030647,1.7865057,1.0,0.04993960753083229,-0.014641511,1.0
198,1.6167783570016576,-0.9334546228982438,3.959798994974874,-0.1259597050677177,1.8114905,1.0,0.029964982122182845,-0.014641511,1.0
199,1.9490163206876163,-0.15948598593974334,4.0,-4.898587196589413e-16,1.836477,1.0,0.040539091378450395,-0.014641511,1.0
200,,,,,,,,-1.0081979,1.0
201,,,,,,,,-0.014641511,1.0
202,,,,,,,,-0.014641511,1.0
203,,,,,,,,-0.014641511,1.0
204,,,,,,,,-0.014641511,1.0
205,,,,,,,,-0.5659098,1.0
206,,,,,,,,-0.014641511,1.0
207,,,,,,,,-0.014641511,1.0
208,,,,,,,,-0.014641511,1.0
209,,,,,,,,-0.014641511,1.0
210,,,,,,,,-4.0536156,1.0
211,,,,,,,,-0.014641511,1.0
212,,,,,,,,-0.014641511,1.0
213,,,,,,,,-0.014641511,1.0
214,,,,,,,,-0.014641511,1.0
215,,,,,,,,-1.2177975,1.0
216,,,,,,,,-0.014641511,1.0
217,,,,,,,,-0.014641511,1.0
218,,,,,,,,-0.014641511,1.0
219,,,,,,,,-0.014641511,1.0
220,,,,,,,,-3.2873313,1.0
221,,,,,,,,-0.014641511,1.0
222,,,,,,,,-0.014641511,1.0
223,,,,,,,,-0.014641511,1.0
224,,,,,,,,-0.014641511,1.0
225,,,,,,,,-1.3608415,1.0
226,,,,,,,,-0.014641511,1.0
227,,,,,,,,-0.014641511,1.0
228,,,,,,,,-0.014641511,1.0
229,,,,,,,,-0.014641511,1.0
230,,,,,,,,-1.7346983,1.0
231,,,,,,,,-0.014641511,1.0
232,,,,,,,,-0.014641511,1.0
233,,,,,,,,-0.014641511,1.0
234,,,,,,,,-0.014641511,1.0
235,,,,,,,,-0.8760132,1.0
236,,,,,,,,-0.014641511,1.0
237,,,,,,,,-0.014641511,1.0
238,,,,,,,,-0.014641511,1.0
239,,,,,,,,-0.014641511,1.0
240,,,,,,,,-2.8790011,1.0
241,,,,,,,,-0.014641511,1.0
242,,,,,,,,-0.014641511,1.0
243,,,,,,,,-0.014641511,1.0
244,,,,,,,,-0.014641511,1.0
245,,,,,,,,-0.409386,1.0
246,,,,,,,,-0.014641511,1.0
247,,,,,,,,-0.014641511,1.0
248,,,,,,,,-0.014641511,1.0
249,,,,,,,,-0.014641511,1.0
250,,,,,,,,1.5813606,1.0
251,,,,,,,,-0.014641511,1.0
252,,,,,,,,-0.014641511,1.0
253,,,,,,,,-0.014641511,1.0
254,,,,,,,,-0.014641511,1.0
255,,,,,,,,-2.1429868,1.0
256,,,,,,,,-0.014641511,1.0
257,,,,,,,,-0.014641511,1.0
258,,,,,,,,-0.014641511,1.0
259,,,,,,,,-0.014641511,1.0
260,,,,,,,,-4.597385,1.0
261,,,,,,,,-0.014641511,1.0
262,,,,,,,,-0.014641511,1.0
263,,,,,,,,-0.014641511,1.0
264,,,,,,,,-0.014641511,1.0
265,,,,,,,,-2.7399693,1.0
266,,,,,,,,-0.014641511,1.0
267,,,,,,,,-0.014641511,1.0
268,,,,,,,,-0.014641511,1.0
269,,,,,,,,-0.014641511,1.0
270,,,,,,,,-0.9021198,1.0
271,,,,,,,,-0.014641511,1.0
272,,,,,,,,-0.014641511,1.0
273,,,,,,,,-0.014641511,1.0
274,,,,,,,,-0.014641511,1.0
275,,,,,,,,-1.4062611,1.0
276,,,,,,,,-0.014641511,1.0
277,,,,,,,,-0.014641511,1.0
278,,,,,,,,-0.014641511,1.0
279,,,,,,,,-0.014641511,1.0
280,,,,,,,,0.58063054,1.0
281,,,,,,,,-0.014641511,1.0
282,,,,,,,,-0.014641511,1.0
283,,,,,,,,-0.014641511,1.0
284,,,,,,,,-0.014641511,1.0
285,,,,,,,,-3.0364912,1.0
286,,,,,,,,-0.014641511,1.0
287,,,,,,,,-0.014641511,1.0
288,,,,,,,,-0.014641511,1.0
289,,,,,,,,-0.014641511,1.0
290,,,,,,,,-1.5875794,1.0
291,,,,,,,,-0.014641511,1.0
292,,,,,,,,-0.014641511,1.0
293,,,,,,,,-0.014641511,1.0
294,,,,,,,,-0.014641511,1.0
295,,,,,,,,1.1097391,1.0
296,,,,,,,,-0.014641511,1.0
297,,,,,,,,-0.014641511,1.0
298,,,,,,,,-0.014641511,1.0
299,,,,,,,,-0.014641511,1.0
300,,,,,,,,-1.3306779,1.0
301,,,,,,,,-0.014641511,1.0
302,,,,,,,,-0.014641511,1.0
303,,,,,,,,-0.014641511,1.0
304,,,,,,,,-0.014641511,1.0
305,,,,,,,,0.756225,1.0
306,,,,,,,,-0.014641511,1.0
307,,,,,,,,-0.014641511,1.0
308,,,,,,,,-0.014641511,1.0
309,,,,,,,,-0.014641511,1.0
310,,,,,,,,-1.7945597,1.0
311,,,,,,,,-0.014641511,1.0
312,,,,,,,,-0.014641511,1.0
313,,,,,,,,-0.014641511,1.0
314,,,,,,,,-0.014641511,1.0
315,,,,,,,,-2.4238946,1.0
316,,,,,,,,-0.014641511,1.0
317,,,,,,,,-0.014641511,1.0
318,,,,,,,,-0.014641511,1.0
319,,,,,,,,-0.014641511,1.0
320,,,,,,,,-3.598278,1.0
321,,,,,,,,-0.014641511,1.0
322,,,,,,,,-0.014641511,1.0
323,,,,,,,,-0.014641511,1.0
324,,,,,,,,-0.014641511,1.0
325,,,,,,,,-0.3662447,1.0
326,,,,,,,,-0.014641511,1.0
327,,,,,,,,-0.014641511,1.0
328,,,,,,,,-0.014641511,1.0
329,,,,,,,,-0.014641511,1.0
330,,,,,,,,-2.027886,1.0
331,,,,,,,,-0.014641511,1.0
332,,,,,,,,-0.014641511,1.0
333,,,,,,,,-0.014641511,1.0
334,,,,,,,,-0.014641511,1.0
335,,,,,,,,-0.73577374,1.0
336,,,,,,,,-0.014641511,1.0
337,,,,,,,,-0.014641511,1.0
338,,,,,,,,-0.014641511,1.0
339,,,,,,,,-0.014641511,1.0
340,,,,,,,,0.37849945,1.0
341,,,,,,,,-0.014641511,1.0
342,,,,,,,,-0.014641511,1.0
343,,,,,,,,-0.014641511,1.0
344,,,,,,,,-0.014641511,1.0
345,,,,,,,,-2.467204,1.0
346,,,,,,,,-0.014641511,1.0
347,,,,,,,,-0.014641511,1.0
348,,,,,,,,-0.014641511,1.0
349,,,,,,,,-0.014641511,1.0
350,,,,,,,,-5.4659705,1.0
351,,,,,,,,-0.014641511,1.0
352,,,,,,,,-0.014641511,1.0
353,,,,,,,,-0.014641511,1.0
354,,,,,,,,-0.014641511,1.0
355,,,,,,,,1.6914886,1.0
356,,,,,,,,-0.014641511,1.0
357,,,,,,,,-0.014641511,1.0
358,,,,,,,,-0.014641511,1.0
359,,,,,,,,-0.014641511,1.0
360,,,,,,,,-2.511072,1.0
361,,,,,,,,-0.014641511,1.0
362,,,,,,,,-0.014641511,1.0
363,,,,,,,,-0.014641511,1.0
364,,,,,,,,-0.014641511,1.0
365,,,,,,,,-1.6010896,1.0
366,,,,,,,,-0.014641511,1.0
367,,,,,,,,-0.014641511,1.0
368,,,,,,,,-0.014641511,1.0
369,,,,,,,,-0.014641511,1.0
370,,,,,,,,-3.0136645,1.0
371,,,,,,,,-0.014641511,1.0
372,,,,,,,,-0.014641511,1.0
373,,,,,,,,-0.014641511,1.0
374,,,,,,,,-0.014641511,1.0
375,,,,,,,,-1.3256261,1.0
376,,,,,,,,-0.014641511,1.0
377,,,,,,,,-0.014641511,1.0
378,,,,,,,,-0.014641511,1.0
379,,,,,,,,-0.014641511,1.0
380,,,,,,,,-0.25585124,1.0
381,,,,,,,,-0.014641511,1.0
382,,,,,,,,-0.014641511,1.0
383,,,,,,,,-0.014641511,1.0
384,,,,,,,,-0.014641511,1.0
385,,,,,,,,3.0771117,1.0
386,,,,,,,,-0.014641511,1.0
387,,,,,,,,-0.014641511,1.0
388,,,,,,,,-0.014641511,1.0
389,,,,,,,,-0.014641511,1.0
390,,,,,,,,0.737409,1.0
391,,,,,,,,-0.014641511,1.0
392,,,,,,,,-0.014641511,1.0
393,,,,,,,,-0.014641511,1.0
394,,,,,,,,-0.014641511,1.0
395,,,,,,,,-1.4698095,1.0
396,,,,,,,,-0.014641511,1.0
397,,,,,,,,-0.014641511,1.0
398,,,,,,,,-0.014641511,1.0
399,,,,,,,,-0.014641511,1.0
400,,,,,,,,-1.8544251,1.0
401,,,,,,,,-0.014641511,1.0
402,,,,,,,,-0.014641511,1.0
403,,,,,,,,-0.014641511,1.0
404,,,,,,,,-0.014641511,1.0
405,,,,,,,,-2.3846889,1.0
406,,,,,,,,-0.014641511,1.0
407,,,,,,,,-0.014641511,1.0
408,,,,,,,,-0.014641511,1.0
409,,,,,,,,-0.014641511,1.0
410,,,,,,,,2.1816165,1.0
411,,,,,,,,-0.014641511,1.0
412,,,,,,,,-0.014641511,1.0
413,,,,,,,,-0.014641511,1.0
414,,,,,,,,-0.014641511,1.0
415,,,,,,,,-1.1941063,1.0
416,,,,,,,,-0.014641511,1.0
417,,,,,,,,-0.014641511,1.0
418,,,,,,,,-0.014641511,1.0
419,,,,,,,,-0.014641511,1.0
420,,,,,,,,-4.8728485,1.0
421,,,,,,,,-0.014641511,1.0
422,,,,,,,,-0.014641511,1.0
423,,,,,,,,-0.014641511,1.0
424,,,,,,,,-0.014641511,1.0
425,,,,,,,,-1.5677557,1.0
426,,,,,,,,-0.014641511,1.0
427,,,,,,,,-0.014641511,1.0
428,,,,,,,,-0.014641511,1.0
429,,,,,,,,-0.014641511,1.0
430,,,,,,,,0.30261058,1.0
431,,,,,,,,-0.014641511,1.0
432,,,,,,,,-0.014641511,1.0
433,,,,,,,,-0.014641511,1.0
434,,,,,,,,-0.014641511,1.0
435,,,,,,,,-1.5383229,1.0
436,,,,,,,,-0.014641511,1.0
437,,,,,,,,-0.014641511,1.0
438,,,,,,,,-0.014641511,1.0
439,,,,,,,,-0.014641511,1.0
440,,,,,,,,0.75316083,1.0
441,,,,,,,,-0.014641511,1.0
442,,,,,,,,-0.014641511,1.0
443,,,,,,,,-0.014641511,1.0
444,,,,,,,,-0.014641511,1.0
445,,,,,,,,0.32587108,1.0
446,,,,,,,,-0.014641511,1.0
447,,,,,,,,-0.014641511,1.0
448,,,,,,,,-0.014641511,1.0
449,,,,,,,,-0.014641511,1.0
450,,,,,,,,-2.6539543,1.0
451,,,,,,,,-0.014641511,1.0
452,,,,,,,,-0.014641511,1.0
453,,,,,,,,-0.014641511,1.0
454,,,,,,,,-0.014641511,1.0
455,,,,,,,,0.0648559,1.0
456,,,,,,,,-0.014641511,1.0
457,,,,,,,,-0.014641511,1.0
458,,,,,,,,-0.014641511,1.0
459,,,,,,,,-0.014641511,1.0
460,,,,,,,,-1.5498823,1.0
461,,,,,,,,-0.014641511,1.0
462,,,,,,,,-0.014641511,1.0
463,,,,,,,,-0.014641511,1.0
464,,,,,,,,-0.014641511,1.0
465,,,,,,,,-2.3722026,1.0
466,,,,,,,,-0.014641511,1.0
467,,,,,,,,-0.014641511,1.0
468,,,,,,,,-0.014641511,1.0
469,,,,,,,,-0.014641511,1.0
470,,,,,,,,-2.239976,1.0
471,,,,,,,,-0.014641511,1.0
472,,,,,,,,-0.014641511,1.0
473,,,,,,,,-0.014641511,1.0
474,,,,,,,,-0.014641511,1.0
475,,,,,,,,-2.677877,1.0
476,,,,,,,,-0.014641511,1.0
477,,,,,,,,-0.014641511,1.0
478,,,,,,,,-0.014641511,1.0
479,,,,,,,,-0.014641511,1.0
480,,,,,,,,-0.31992987,1.0
481,,,,,,,,-0.014641511,1.0
482,,,,,,,,-0.014641511,1.0
483,,,,,,,,-0.014641511,1.0
484,,,,,,,,-0.014641511,1.0
485,,,,,,,,-1.8642358,1.0
486,,,,,,,,-0.014641511,1.0
487,,,,,,,,-0.014641511,1.0
488,,,,,,,,-0.014641511,1.0
489,,,,,,,,-0.014641511,1.0
490,,,,,,,,-1.8458248,1.0
491,,,,,,,,-0.014641511,1.0
492,,,,,,,,-0.014641511,1.0
493,,,,,,,,-0.014641511,1.0
494,,,,,,,,-0.014641511,1.0
495,,,,,,,,-2.2263346,1.0
496,,,,,,,,-0.014641511,1.0
497,,,,,,,,-0.014641511,1.0
498,,,,,,,,-0.014641511,1.0
499,,,,,,,,-0.014641511,1.0
500,,,,,,,,0.7184542,1.0
501,,,,,,,,-0.014641511,1.0
502,,,,,,,,-0.014641511,1.0
503,,,,,,,,1.8420309,0.0
504,,,,,,,,1.1241733,0.0
505,,,,,,,,1.2791836,0.0
506,,,,,,,,1.5857593,0.0
507,,,,,,,,1.9695958,0.0
508,,,,,,,,1.5610301,0.0
509,,,,,,,,1.0186473,0.0
510,,,,,,,,1.8006327,0.0
511,,,,,,,,1.2329742,0.0
512,,,,,,,,1.8071051,0.0
513,,,,,,,,1.3878607,0.0
514,,,,,,,,1.8635418,0.0
515,,,,,,,,1.7471216,0.0
516,,,,,,,,1.5562402,0.0
517,,,,,,,,1.1364552,0.0
518,,,,,,,,1.0599177,0.0
519,,,,,,,,1.1213435,0.0
520,,,,,,,,1.0445518,0.0
521,,,,,,,,1.1074941,0.0
522,,,,,,,,1.2257093,0.0
523,,,,,,,,1.712989,0.0
524,,,,,,,,1.559717,0.0
525,,,,,,,,1.012556,0.0
526,,,,,,,,1.0719743,0.0
527,,,,,,,,1.9672763,0.0
528,,,,,,,,1.5681003,0.0
529,,,,,,,,1.2032932,0.0
530,,,,,,,,1.2523258,0.0
531,,,,,,,,1.7438259,0.0
532,,,,,,,,1.1954294,0.0
533,,,,,,,,1.581359,0.0
534,,,,,,,,1.97002,0.0
535,,,,,,,,1.8468288,0.0
536,,,,,,,,1.2398477,0.0
537,,,,,,,,1.4937696,0.0
538,,,,,,,,1.6199557,0.0
539,,,,,,,,1.8289809,0.0
540,,,,,,,,1.1567913,0.0
541,,,,,,,,1.0185761,0.0
542,,,,,,,,1.0700221,0.0
543,,,,,,,,1.486345,0.0
544,,,,,,,,1.6063294,0.0
545,,,,,,,,1.5688514,0.0
546,,,,,,,,1.3173624,0.0
547,,,,,,,,1.9886162,0.0
548,,,,,,,,1.5797453,0.0
549,,,,,,,,1.3801411,0.0
550,,,,,,,,1.5509483,0.0
551,,,,,,,,1.7453344,0.0
552,,,,,,,,1.6692328,0.0
553,,,,,,,,1.2649196,0.0
554,,,,,,,,1.0663348,0.0
555,,,,,,,,1.3700842,0.0
556,,,,,,,,1.6297175,0.0
557,,,,,,,,1.210174,0.0
558,,,,,,,,1.7527555,0.0
559,,,,,,,,1.0665364,0.0
560,,,,,,,,1.2603151,0.0
561,,,,,,,,1.8047546,0.0
562,,,,,,,,1.5388311,0.0
563,,,,,,,,1.6394608,0.0
564,,,,,,,,1.552822,0.0
565,,,,,,,,-1.073904,1.0
566,,,,,,,,-0.014641511,1.0
567,,,,,,,,-0.014641511,1.0
568,,,,,,,,-0.014641511,1.0
569,,,,,,,,-0.014641511,1.0
570,,,,,,,,0.99652183,1.0
571,,,,,,,,-0.014641511,1.0
572,,,,,,,,-0.014641511,1.0
573,,,,,,,,-0.014641511,1.0
574,,,,,,,,-0.014641511,1.0
575,,,,,,,,1.9528537,1.0
576,,,,,,,,-0.014641511,1.0
577,,,,,,,,-0.014641511,1.0
578,,,,,,,,-0.014641511,1.0
579,,,,,,,,-0.014641511,1.0
580,,,,,,,,0.3958877,1.0
581,,,,,,,,-0.014641511,1.0
582,,,,,,,,-0.014641511,1.0
583,,,,,,,,-0.014641511,1.0
584,,,,,,,,-0.014641511,1.0
585,,,,,,,,4.1580634,1.0
586,,,,,,,,-0.014641511,1.0
587,,,,,,,,-0.014641511,1.0
588,,,,,,,,-0.014641511,1.0
589,,,,,,,,-0.014641511,1.0
590,,,,,,,,0.22087191,1.0
591,,,,,,,,-0.014641511,1.0
592,,,,,,,,-0.014641511,1.0
593,,,,,,,,-0.014641511,1.0
594,,,,,,,,-0.014641511,1.0
595,,,,,,,,0.32037225,1.0
596,,,,,,,,-0.014641511,1.0
597,,,,,,,,1.0139515,0.0
598,,,,,,,,1.9490162,0.0
599,,,,,,,,1.2343621,0.0
600,,,,,,,,2.179084,1.0
601,,,,,,,,1.9248079,0.0
602,,,,,,,,1.9319721,0.0
603,,,,,,,,1.5246704,0.0
604,,,,,,,,1.7721779,0.0
605,,,,,,,,1.735066,0.0
606,,,,,,,,1.0659611,0.0
607,,,,,,,,1.2632967,0.0
608,,,,,,,,-0.014641511,1.0
609,,,,,,,,1.9078158,0.0
610,,,,,,,,3.2751222,1.0
611,,,,,,,,1.6167784,0.0
612,,,,,,,,-0.014641511,1.0
613,,,,,,,,-0.014641511,1.0
614,,,,,,,,-0.014641511,1.0
615,,,,,,,,3.1101656,1.0
616,,,,,,,,-0.014641511,1.0
617,,,,,,,,-0.014641511,1.0
618,,,,,,,,-0.014641511,1.0
619,,,,,,,,-0.014641511,1.0
620,,,,,,,,1.2127779,1.0
621,,,,,,,,-0.014641511,1.0
622,,,,,,,,-0.014641511,1.0
623,,,,,,,,-0.014641511,1.0
624,,,,,,,,-0.014641511,1.0
625,,,,,,,,-1.2796755,0.0
626,,,,,,,,-1.5829781,0.0
627,,,,,,,,1.246211,0.0
628,,,,,,,,1.0283065,0.0
629,,,,,,,,1.026211,0.0
630,,,,,,,,1.0198802,0.0
631,,,,,,,,1.1242709,0.0
632,,,,,,,,1.7115247,0.0
633,,,,,,,,1.9230245,0.0
634,,,,,,,,1.7538762,0.0
635,,,,,,,,1.7554631,0.0
636,,,,,,,,1.0660001,0.0
637,,,,,,,,1.6968182,0.0
638,,,,,,,,1.9325955,0.0
639,,,,,,,,1.1371357,0.0
640,,,,,,,,1.1723405,0.0
641,,,,,,,,1.9973228,0.0
642,,,,,,,,1.6908969,0.0
643,,,,,,,,1.9294372,0.0
644,,,,,,,,1.0158212,0.0
645,,,,,,,,1.62336,0.0
646,,,,,,,,1.9085351,0.0
647,,,,,,,,1.3572698,0.0
648,,,,,,,,1.8859421,0.0
649,,,,,,,,1.5270581,0.0
650,,,,,,,,1.3266449,0.0
651,,,,,,,,-1.382855,0.0
652,,,,,,,,-1.9971297,0.0
653,,,,,,,,-1.4263206,0.0
654,,,,,,,,-1.0966204,0.0
655,,,,,,,,-1.7629731,0.0
656,,,,,,,,-1.5918633,0.0
657,,,,,,,,-1.4216104,0.0
658,,,,,,,,-1.5500878,0.0
659,,,,,,,,-1.0505108,0.0
660,,,,,,,,-1.885254,0.0
661,,,,,,,,-1.3783042,0.0
662,,,,,,,,-1.3365585,0.0
663,,,,,,,,-1.03516,0.0
664,,,,,,,,-1.5719087,0.0
665,,,,,,,,-1.1041138,0.0
666,,,,,,,,-1.730072,0.0
667,,,,,,,,-1.6511016,0.0
668,,,,,,,,-1.2490575,0.0
669,,,,,,,,-1.3763278,0.0
670,,,,,,,,-1.1166939,0.0
671,,,,,,,,-1.2740021,0.0
672,,,,,,,,-1.249188,0.0
673,,,,,,,,-1.6522341,0.0
674,,,,,,,,-1.0724914,0.0
675,,,,,,,,-1.8346459,0.0
676,,,,,,,,-1.602323,0.0
677,,,,,,,,-1.1926087,0.0
678,,,,,,,,-1.8607236,0.0
679,,,,,,,,-1.8625253,0.0
680,,,,,,,,-1.0965981,0.0
681,,,,,,,,-1.413445,0.0
682,,,,,,,,-1.0554053,0.0
683,,,,,,,,-1.4851109,0.0
684,,,,,,,,-1.3362054,0.0
685,,,,,,,,-1.4641036,0.0
686,,,,,,,,-1.9500464,0.0
687,,,,,,,,-1.5858208,0.0
688,,,,,,,,-1.3055999,0.0
689,,,,,,,,-1.5859439,0.0
690,,,,,,,,-1.8976656,0.0
691,,,,,,,,-1.3002416,0.0
692,,,,,,,,-1.4106945,0.0
693,,,,,,,,-1.8532714,0.0
694,,,,,,,,-1.4258823,0.0
695,,,,,,,,-1.9466375,0.0
696,,,,,,,,-1.5084268,0.0
697,,,,,,,,-1.7344533,0.0
698,,,,,,,,-1.7883718,0.0
699,,,,,,,,-1.3211645,0.0
700,,,,,,,,-1.980633,0.0
701,,,,,,,,-1.8699714,0.0
702,,,,,,,,-1.7122247,0.0
703,,,,,,,,-1.7063859,0.0
704,,,,,,,,-1.0914044,0.0
705,,,,,,,,-1.5521065,0.0
706,,,,,,,,-1.8967739,0.0
707,,,,,,,,-1.2107207,0.0
708,,,,,,,,-1.719556,0.0
709,,,,,,,,-1.2518344,0.0
710,,,,,,,,-1.0111389,0.0
711,,,,,,,,-1.2498556,0.0
712,,,,,,,,-1.9817117,0.0
713,,,,,,,,-1.1653744,0.0
714,,,,,,,,-1.3134991,0.0
715,,,,,,,,-1.6844844,0.0
716,,,,,,,,-1.3081229,0.0
717,,,,,,,,-1.4668347,0.0
718,,,,,,,,-1.0421104,0.0
719,,,,,,,,-1.5788924,0.0
720,,,,,,,,-1.9016533,0.0
721,,,,,,,,-1.1218575,0.0
722,,,,,,,,-1.8301697,0.0
723,,,,,,,,-1.9609452,0.0
724,,,,,,,,-1.9149559,0.0
725,,,,,,,,-1.1053933,0.0
726,,,,,,,,-1.1236109,0.0
727,,,,,,,,-1.3076774,0.0
728,,,,,,,,-1.6865759,0.0
729,,,,,,,,-1.0317384,0.0
730,,,,,,,,-1.1992555,0.0
731,,,,,,,,-1.8018985,0.0
732,,,,,,,,-1.859613,0.0
733,,,,,,,,-1.4413102,0.0
734,,,,,,,,-1.5826951,0.0
735,,,,,,,,-1.3295325,0.0
736,,,,,,,,-1.9726124,0.0
737,,,,,,,,-1.1218826,0.0
738,,,,,,,,-1.7955477,0.0
739,,,,,,,,-1.3147805,0.0
740,,,,,,,,-1.5808055,0.0
741,,,,,,,,-1.4611833,0.0
742,,,,,,,,-1.6032325,0.0
743,,,,,,,,-1.6544392,0.0
744,,,,,,,,-1.8137398,0.0
745,,,,,,,,-1.9076614,0.0
746,,,,,,,,-1.8532442,0.0
747,,,,,,,,-1.6976675,0.0
748,,,,,,,,-1.9998856,0.0
749,,,,,,,,-0.014641511,1.0
750,,,,,,,,1.8600279,0.0
751,,,,,,,,1.1934342,0.0
752,,,,,,,,-0.014641511,1.0
753,,,,,,,,-0.014641511,1.0
754,,,,,,,,-0.014641511,1.0
755,,,,,,,,0.634189,1.0
756,,,,,,,,-0.014641511,1.0
757,,,,,,,,-0.014641511,1.0
758,,,,,,,,-0.014641511,1.0
759,,,,,,,,-0.014641511,1.0
760,,,,,,,,4.7773457,1.0
761,,,,,,,,-0.014641511,1.0
762,,,,,,,,-0.014641511,1.0
763,,,,,,,,-0.014641511,1.0
764,,,,,,,,-0.014641511,1.0
765,,,,,,,,1.7953165,1.0
766,,,,,,,,-0.014641511,1.0
767,,,,,,,,-0.014641511,1.0
768,,,,,,,,-0.014641511,1.0
769,,,,,,,,-0.014641511,1.0
770,,,,,,,,1.7938014,1.0
771,,,,,,,,-0.014641511,1.0
772,,,,,,,,-0.014641511,1.0
773,,,,,,,,-0.014641511,1.0
774,,,,,,,,-0.014641511,1.0
775,,,,,,,,2.011818,1.0
776,,,,,,,,-0.014641511,1.0
777,,,,,,,,-0.014641511,1.0
778,,,,,,,,-0.014641511,1.0
779,,,,,,,,-0.014641511,1.0
780,,,,,,,,-1.8776304,1.0
781,,,,,,,,-0.014641511,1.0
782,,,,,,,,-0.014641511,1.0
783,,,,,,,,-0.014641511,1.0
784,,,,,,,,-0.014641511,1.0
785,,,,,,,,2.1171088,1.0
786,,,,,,,,-0.014641511,1.0
787,,,,,,,,-0.014641511,1.0
788,,,,,,,,-0.014641511,1.0
789,,,,,,,,-0.014641511,1.0
790,,,,,,,,2.3377914,1.0
791,,,,,,,,-0.014641511,1.0
792,,,,,,,,-0.014641511,1.0
793,,,,,,,,-0.014641511,1.0
794,,,,,,,,-0.014641511,1.0
795,,,,,,,,2.7062712,1.0
796,,,,,,,,-0.014641511,1.0
797,,,,,,,,-0.014641511,1.0
798,,,,,,,,-0.014641511,1.0
799,,,,,,,,-0.014641511,1.0
800,,,,,,,,2.7674508,1.0
801,,,,,,,,-0.014641511,1.0
802,,,,,,,,-0.014641511,1.0
803,,,,,,,,-0.014641511,1.0
804,,,,,,,,-0.014641511,1.0
805,,,,,,,,1.8361275,1.0
806,,,,,,,,-0.014641511,1.0
807,,,,,,,,-0.014641511,1.0
808,,,,,,,,-0.014641511,1.0
809,,,,,,,,-0.014641511,1.0
810,,,,,,,,1.2265942,1.0
811,,,,,,,,-0.014641511,1.0
812,,,,,,,,-0.014641511,1.0
813,,,,,,,,-0.014641511,1.0
814,,,,,,,,-0.014641511,1.0
815,,,,,,,,0.7964436,1.0
816,,,,,,,,-0.014641511,1.0
817,,,,,,,,-0.014641511,1.0
818,,,,,,,,-0.014641511,1.0
819,,,,,,,,-0.014641511,1.0
820,,,,,,,,0.29011095,1.0
821,,,,,,,,-0.014641511,1.0
822,,,,,,,,-0.014641511,1.0
823,,,,,,,,-0.014641511,1.0
824,,,,,,,,-0.014641511,1.0
825,,,,,,,,1.3283434,1.0
826,,,,,,,,-0.014641511,1.0
827,,,,,,,,-0.014641511,1.0
828,,,,,,,,-0.014641511,1.0
829,,,,,,,,-0.014641511,1.0
830,,,,,,,,3.611474,1.0
831,,,,,,,,-0.014641511,1.0
832,,,,,,,,-0.014641511,1.0
833,,,,,,,,-0.014641511,1.0
834,,,,,,,,-0.014641511,1.0
835,,,,,,,,-0.37534067,1.0
836,,,,,,,,-0.014641511,1.0
837,,,,,,,,-0.014641511,1.0
838,,,,,,,,-0.014641511,1.0
839,,,,,,,,-0.014641511,1.0
840,,,,,,,,0.081681184,1.0
841,,,,,,,,-0.014641511,1.0
842,,,,,,,,-0.014641511,1.0
843,,,,,,,,-0.014641511,1.0
844,,,,,,,,-0.014641511,1.0
845,,,,,,,,-2.4188898,1.0
846,,,,,,,,-0.014641511,1.0
847,,,,,,,,-0.014641511,1.0
848,,,,,,,,-0.014641511,1.0
849,,,,,,,,-0.014641511,1.0
850,,,,,,,,0.39954823,1.0
851,,,,,,,,-0.014641511,1.0
852,,,,,,,,-0.014641511,1.0
853,,,,,,,,-0.014641511,1.0
854,,,,,,,,-0.014641511,1.0
855,,,,,,,,3.8067477,1.0
856,,,,,,,,-0.014641511,1.0
857,,,,,,,,-0.014641511,1.0
858,,,,,,,,-0.014641511,1.0
859,,,,,,,,-0.014641511,1.0
860,,,,,,,,4.720031,1.0
861,,,,,,,,-0.014641511,1.0
862,,,,,,,,-0.014641511,1.0
863,,,,,,,,-0.014641511,1.0
864,,,,,,,,-0.014641511,1.0
865,,,,,,,,-0.14352232,1.0
866,,,,,,,,-0.014641511,1.0
867,,,,,,,,-0.014641511,1.0
868,,,,,,,,-0.014641511,1.0
869,,,,,,,,-0.014641511,1.0
870,,,,,,,,1.8486961,1.0
871,,,,,,,,-0.014641511,1.0
872,,,,,,,,-0.014641511,1.0
873,,,,,,,,-0.014641511,1.0
874,,,,,,,,-0.014641511,1.0
875,,,,,,,,2.0653083,1.0
876,,,,,,,,-0.014641511,1.0
877,,,,,,,,-0.014641511,1.0
878,,,,,,,,-0.014641511,1.0
879,,,,,,,,-0.014641511,1.0
880,,,,,,,,2.308492,1.0
881,,,,,,,,-0.014641511,1.0
882,,,,,,,,-0.014641511,1.0
883,,,,,,,,-0.014641511,1.0
884,,,,,,,,-0.014641511,1.0
885,,,,,,,,-1.4901171,1.0
886,,,,,,,,-0.014641511,1.0
887,,,,,,,,-0.014641511,1.0
888,,,,,,,,-0.014641511,1.0
889,,,,,,,,-0.014641511,1.0
890,,,,,,,,-0.19380873,1.0
891,,,,,,,,-0.014641511,1.0
892,,,,,,,,-0.014641511,1.0
893,,,,,,,,-0.014641511,1.0
894,,,,,,,,-0.014641511,1.0
895,,,,,,,,-1.4259423,1.0
896,,,,,,,,-0.014641511,1.0
897,,,,,,,,-0.014641511,1.0
898,,,,,,,,-0.014641511,1.0
899,,,,,,,,-0.014641511,1.0
900,,,,,,,,1.0920092,1.0
901,,,,,,,,-0.014641511,1.0
902,,,,,,,,-0.014641511,1.0
903,,,,,,,,-0.014641511,1.0
904,,,,,,,,-0.014641511,1.0
905,,,,,,,,1.1319011,1.0
906,,,,,,,,-0.014641511,1.0
907,,,,,,,,-0.014641511,1.0
908,,,,,,,,-0.014641511,1.0
909,,,,,,,,-0.014641511,1.0
910,,,,,,,,1.6889831,1.0
911,,,,,,,,-0.014641511,1.0
912,,,,,,,,-0.014641511,1.0
913,,,,,,,,-0.014641511,1.0
914,,,,,,,,-0.014641511,1.0
915,,,,,,,,0.24352585,1.0
916,,,,,,,,-0.014641511,1.0
917,,,,,,,,-0.014641511,1.0
918,,,,,,,,-0.014641511,1.0
919,,,,,,,,-0.014641511,1.0
920,,,,,,,,2.4579592,1.0
921,,,,,,,,-0.014641511,1.0
922,,,,,,,,-0.014641511,1.0
923,,,,,,,,-0.014641511,1.0
924,,,,,,,,-0.014641511,1.0
925,,,,,,,,3.351312,1.0
926,,,,,,,,-0.014641511,1.0
927,,,,,,,,-0.014641511,1.0
928,,,,,,,,-0.014641511,1.0
929,,,,,,,,-0.014641511,1.0
930,,,,,,,,1.0223866,1.0
931,,,,,,,,-0.014641511,1.0
932,,,,,,,,-0.014641511,1.0
933,,,,,,,,-0.014641511,1.0
934,,,,,,,,-0.014641511,1.0
935,,,,,,,,1.2654881,1.0
936,,,,,,,,-0.014641511,1.0
937,,,,,,,,-0.014641511,1.0
938,,,,,,,,-0.014641511,1.0
939,,,,,,,,-0.014641511,1.0
940,,,,,,,,1.9183341,1.0
941,,,,,,,,-0.014641511,1.0
942,,,,,,,,-0.014641511,1.0
943,,,,,,,,-0.014641511,1.0
944,,,,,,,,-0.014641511,1.0
945,,,,,,,,2.1327665,1.0
946,,,,,,,,-0.014641511,1.0
947,,,,,,,,-0.014641511,1.0
948,,,,,,,,-0.014641511,1.0
949,,,,,,,,-0.014641511,1.0
950,,,,,,,,0.7952939,1.0
951,,,,,,,,-0.014641511,1.0
952,,,,,,,,-0.014641511,1.0
953,,,,,,,,-0.014641511,1.0
954,,,,,,,,-0.014641511,1.0
955,,,,,,,,0.84765625,1.0
956,,,,,,,,-0.014641511,1.0
957,,,,,,,,-0.014641511,1.0
958,,,,,,,,-0.014641511,1.0
959,,,,,,,,-0.014641511,1.0
960,,,,,,,,0.4682345,1.0
961,,,,,,,,-0.014641511,1.0
962,,,,,,,,-0.014641511,1.0
963,,,,,,,,-0.014641511,1.0
964,,,,,,,,-0.014641511,1.0
965,,,,,,,,0.11222106,1.0
966,,,,,,,,-0.014641511,1.0
967,,,,,,,,-0.014641511,1.0
968,,,,,,,,-0.014641511,1.0
969,,,,,,,,-0.014641511,1.0
970,,,,,,,,2.8345292,1.0
971,,,,,,,,-0.014641511,1.0
972,,,,,,,,-0.014641511,1.0
973,,,,,,,,-0.014641511,1.0
974,,,,,,,,-0.014641511,1.0
975,,,,,,,,6.885926,1.0
976,,,,,,,,-0.014641511,1.0
977,,,,,,,,-0.014641511,1.0
978,,,,,,,,-0.014641511,1.0
979,,,,,,,,-0.014641511,1.0
980,,,,,,,,6.1738257,1.0
981,,,,,,,,-0.014641511,1.0
982,,,,,,,,-0.014641511,1.0
983,,,,,,,,-0.014641511,1.0
984,,,,,,,,-0.014641511,1.0
985,,,,,,,,0.3909417,1.0
986,,,,,,,,-0.014641511,1.0
987,,,,,,,,-0.014641511,1.0
988,,,,,,,,-0.014641511,1.0
989,,,,,,,,-0.014641511,1.0
990,,,,,,,,2.2998753,1.0
991,,,,,,,,-0.014641511,1.0
992,,,,,,,,-0.014641511,1.0
993,,,,,,,,-0.014641511,1.0
994,,,,,,,,-0.014641511,1.0
995,,,,,,,,2.995945,1.0
996,,,,,,,,-0.014641511,1.0
997,,,,,,,,-0.014641511,1.0
998,,,,,,,,-0.014641511,1.0
999,,,,,,,,-0.014641511,1.0
