,xtr_0,ytr_0,xte_0,yte_0,modelte_0,epi_0,loss
0,-1.5829779952974259,0.9662141511492748,-4.0,4.898587196589413e-16,-0.2850219,0.091850325,47.75698516845703
1,-1.279675506557842,0.7698630357936138,-3.959798994974874,0.1259597050677177,-0.27521178,0.08546667,46.97487838745117
2,-1.9998856251826551,0.000359319078194409,-3.919597989949749,0.2499129623703082,-0.26503456,0.07872106,46.22541198730469
3,-1.6976674273681602,0.8133025202658843,-3.879396984924623,0.369885285416548,-0.25444108,0.07311359,45.68018783569336
4,-1.8532441091828868,0.4448862350367828,-3.8391959798994977,0.483965601142838,-0.24478084,0.0661481,45.007770690917965
5,-1.9076614052312022,0.2860387063779303,-3.798994974874372,0.5903366919365289,-0.23225173,0.061835658,44.55670944213867
6,-1.8137397886223292,0.5523275271250853,-3.758793969849246,0.6873041426091845,-0.22661714,0.05379809,44.00179992675781
7,-1.6544392729569521,0.8845885523454862,-3.7185929648241207,0.773323331215339,-0.2175443,0.047518764,43.39106567382812
8,-1.60323252576933,0.9478693757128499,-3.678391959798995,0.8470240337722996,-0.20811059,0.045863617,43.01829833984375
9,-1.461183265996643,0.9925737516365071,-3.6381909547738696,0.9072322509454811,-0.2005642,0.03938296,42.6381184387207
10,-1.5808054855967053,0.9679507489980838,-3.5979899497487438,0.9529889090158394,-0.18892363,0.0345929,42.055819549560546
11,-1.3147804996032404,0.8354285670633269,-3.557788944723618,0.98356513723637,-0.1808323,0.02849703,41.46772583007812
12,-1.7955477502684825,0.5990432330954866,-3.5175879396984926,0.9984738782203788,-0.1700315,0.02462798,41.121739807128904
13,-1.1218825636090546,0.3736170111812786,-3.477386934673367,0.9974776464163388,-0.16189322,0.020861965,40.72212341308594
14,-1.9726124068020738,0.08593454110720072,-3.4371859296482414,0.9805923110824042,-0.15230244,0.016612798,40.20713790893555
15,-1.3295324898215979,0.8599934562565188,-3.3969849246231156,0.9480868435005093,-0.14228082,0.014532339,39.73230895996094
16,-1.582695197632873,0.9664427555766607,-3.35678391959799,0.9004790324567514,-0.13733296,0.015712313,39.57153839111328
17,-1.4413101715542482,0.9830501940093126,-3.3165829145728645,0.8385272362373773,-0.12859954,0.01243424,39.07399032592773
18,-1.8596130614047661,0.4268788875939333,-3.2763819095477387,0.7632183025251686,-0.116069384,0.012168255,38.74052642822266
19,-1.8018985109151213,0.5829495673115249,-3.2361809045226133,0.6757518486236092,-0.102817565,0.010899652,38.28673477172852
20,-1.1992554313244632,0.5858912488544809,-3.1959798994974875,0.5775211524135879,-0.09267681,0.009778462,38.1599154663086
21,-1.0317384242806025,0.0995440657721476,-3.1557788944723617,0.4700909584360025,-0.07875842,0.0090810135,37.675852661132815
22,-1.6865758218407572,0.833079143316727,-3.115577889447236,0.3551725526334265,-0.07098354,0.0061441474,37.331324157714846
23,-1.307677384330686,0.8229572323396676,-3.0753768844221105,0.23459650279236882,-0.059791423,0.0054918416,37.036997680664065
24,-1.1236108477039617,0.3786478514509084,-3.035175879396985,0.11028349891127548,-0.063574135,0.08539173,36.697547912597656
25,-1.1053933364961526,0.32508625115620254,-2.9949748743718594,-0.015786242013636178,-0.041258693,0.078592464,36.247025146484376
26,-1.914955788630222,0.2640070187681999,-2.9547738693467336,-0.14160451942495228,-0.031750366,0.07181813,36.116763000488284
27,-1.9609452167671177,0.1223866145425433,-2.914572864321608,-0.265167138398679,-0.022595251,0.06593898,35.7694450378418
28,-1.830169580435431,0.5085827809366517,-2.8743718592964824,-0.3845058350320108,-0.004654621,0.058672223,35.513612823486326
29,-1.1218574965705868,0.3735439624638416,-2.834170854271357,-0.4977196294756828,-0.0019740313,0.051391613,35.31153213500976
30,-1.90165316616695,0.3040734659508064,-2.7939698492462313,-0.603005107179614,0.01424427,0.045604948,34.89583450317383
31,-1.5788923749949477,0.9694426632488619,-2.7537688442211055,-0.698685145993307,0.024097577,0.03668845,34.650732879638674
32,-1.042110469849498,0.1319083857322396,-2.7135678391959797,-0.7832356315188906,0.043040685,0.032768574,34.30420074462891
33,-1.466834715026983,0.994576941473116,-2.6733668341708543,-0.8553097351604119,0.05609059,0.025342073,34.15802947998047
34,-1.3081228860495266,0.8237515349181933,-2.633165829145729,-0.9137593681374366,0.05664402,0.022296127,33.75543197631836
35,-1.684484368993937,0.8366956278447218,-2.592964824120603,-0.9576534697159294,0.09199738,0.018962797,33.459117279052734
36,-1.3134990723184163,0.8332092701240986,-2.5527638190954773,-0.9862928383380029,0.0858077,0.0118431635,33.20723403930664
37,-1.1653743281026272,0.49647982446376226,-2.5125628140703515,-0.9992212694012756,0.09361938,0.006001897,33.30697830200195
38,-1.9817117226558083,0.057422713530703724,-2.472361809045226,-0.9962328222710067,0.11909732,0.0025825426,33.17436218261719
39,-1.2498556850550324,0.7067861213204565,-2.4321608040201004,-0.9773751007667071,0.14154269,0.006494511,32.68537979125976
40,-1.0111389110935054,0.03498677958688386,-2.391959798994975,-0.9429484948674373,0.12052386,0.036559183,32.68987274169922
41,-1.2518343456201606,0.7111699087697887,-2.351758793969849,-0.8935013957148741,0.13562389,0.0352203,32.41234390258789
42,-1.7195560079355947,0.7714015988233429,-2.3115577889447234,-0.8298214601357254,0.14633437,0.03844512,32.15826370239258
43,-1.2107206715485115,0.6146944368056666,-2.271356783919598,-0.7529230638333768,0.15420131,0.04583435,31.98772216796875
44,-1.896773993422358,0.3186397255140036,-2.2311557788944723,-0.6640311431104307,0.1718401,0.03497831,31.594721374511717
45,-1.5521064738240948,0.9866314873032482,-2.190954773869347,-0.5645616825119184,0.17043187,0.032867614,31.4397371673584
46,-1.0914044969069043,0.28322553519470134,-2.150753768844221,-0.4560991592070158,0.18624353,0.024391506,31.41394760131836
47,-1.7063858516263206,0.7970629892396291,-2.1105527638190953,-0.34037130340411215,0.1819813,0.036416728,31.111015701293944
48,-1.7122246614136514,0.785852154322267,-2.07035175879397,-0.21922157684769095,0.24169958,0.03263483,30.9090682220459
49,-1.8699714278817223,0.397230268485854,-2.030150753768844,-0.09457980779484401,0.23494108,0.053549428,30.676048507690428
50,-1.980633042129703,0.06080556052468847,-1.9899497487437188,0.031568549764810244,0.19399439,0.051730666,30.528457794189453
51,-1.321164467060109,0.8462824763767096,-1.949748743718593,0.15721404296725106,0.18668844,0.05879188,30.354499588012697
52,-1.788371883999941,0.6169405645288185,-1.9095477386934672,0.28035522921701517,0.33387864,0.06200419,30.14891403198242
53,-1.7344533406277738,0.7407858226266749,-1.8693467336683418,0.3990305577323406,0.35071015,0.058732454,29.980848388671873
54,-1.5084268407196617,0.9996495920465868,-1.829145728643216,0.5113496156423267,0.49276108,0.056520466,29.858092727661134
55,-1.9466374548829197,0.16685923237389166,-1.7889447236180902,0.6155232409081798,0.5453316,0.047798183,29.724080352783204
56,-1.4258823945079868,0.9730133229193327,-1.7487437185929648,0.7098920223913331,0.6491438,0.040797275,29.382002334594727
57,-1.85327142509419,0.44480937817492067,-1.708542713567839,0.7929527330827791,0.72680855,0.02359451,29.35438659667969
58,-1.4106944630967158,0.9609000802639347,-1.6683417085427137,0.8633822754312233,0.8061674,0.034549642,29.02116729736328
59,-1.3002416399790688,0.809462969214786,-1.6281407035175879,0.9200587573381745,0.85730016,0.013067417,28.977938385009764
60,-1.8976655711721742,0.315983503189854,-1.587939698492462,0.9620793630944631,0.8903296,0.021259148,28.942862701416015
61,-1.5859440121804318,0.9637706090192686,-1.5477386934673367,0.9887747345870026,0.9313423,0.012853973,28.97433448791504
62,-1.305599842272255,0.8192318385225349,-1.507537688442211,0.999719633693478,0.92984426,0.005509287,28.467271423339845
63,-1.5858207304730974,0.9638738424621597,-1.4673366834170856,0.994739716020657,0.97597617,0.013078809,28.47420570373535
64,-1.9500465410539127,0.15629005046059935,-1.4271356783919598,0.9739143080855377,0.9436285,0.010880474,28.227818450927735
65,-1.4641035940844884,0.9936479870559808,-1.386934673366834,0.9375751437008247,0.96213293,0.011654474,28.113344345092774
66,-1.336205354780211,0.8705014522029949,-1.3467336683417086,0.8863010796932088,0.9369442,0.012109891,28.051304168701172
67,-1.4851108879416914,0.9989062245765975,-1.3065326633165828,0.8209088751292625,0.8525356,0.006201826,27.756970443725585
68,-1.0554052440091866,0.17318311472069844,-1.2663316582914574,0.7424401809292835,0.7589841,0.0053778663,27.636865921020508
69,-1.413444959498007,0.9632568134331709,-1.2261306532663316,0.6521449471151866,0.6582497,0.009853378,27.584845962524415
70,-1.0965980847121166,0.29883518797374276,-1.1859296482412058,0.551461512003107,0.5558714,0.002287764,27.44114974975586
71,-1.8625252958537626,0.418587566741932,-1.1457286432160805,0.4419936905055793,0.45852166,0.007693853,27.59068016052246
72,-1.8607236527492415,0.4237211391556388,-1.1055276381909547,0.3254852265102114,0.33575267,0.009238064,27.072008743286133
73,-1.1926087112904762,0.5688427711823256,-1.0653266331658293,0.20379201629015253,0.22781932,0.0068826377,26.885611953735353
74,-1.6023231630144665,0.9487758669383869,-1.0251256281407035,0.07885254540747635,0.15902466,0.007099591,26.989385299682617
75,-1.8346458028830672,0.4964249251850297,-0.9849246231155777,-0.04734298997155865,0.13067824,0.0028561018,26.653238983154296
76,-1.072491419603966,0.22577500686292445,-0.9447236180904524,-0.1727843854740994,0.1267358,0.008696184,26.666355743408204
77,-1.6522341402544933,0.8877981538966313,-0.9045226130653266,-0.2954734496346705,0.11333551,0.0,26.78570137023926
78,-1.2491878968638446,0.7053004422404765,-0.8643216080402008,-0.413455833652135,0.11816966,0.007119652,26.41548881530762
79,-1.2740020146495485,0.7583660408649052,-0.8241206030150754,-0.5248521627644684,0.12039216,0.006680552,26.22273696899414
80,-1.1166939087941903,0.35844784746974706,-0.7839195979899496,-0.627887973340859,0.10141316,0.0053487197,26.243992614746094
81,-1.3763277929443911,0.9254678096950667,-0.7437185929648242,-0.7209219788147161,0.09169268,0.014601674,26.24815086364746
82,-1.2490575659726628,0.7050101229668895,-0.7035175879396984,-0.802472214201578,0.08252944,0.01177796,25.85223388671875
83,-1.6511016580221574,0.8894299476812447,-0.6633165829145726,-0.8712396427384599,0.10740486,0.013479136,25.945301361083985
84,-1.730072108234974,0.749961240298803,-0.6231155778894473,-0.9261288486078412,0.08502701,0.018096615,25.646209564208984
85,-1.104113781803933,0.32128213534260025,-0.5829145728643215,-0.9662654861260219,0.09684685,0.009310909,25.63096519470215
86,-1.571908810128705,0.9745910822034503,-0.5427135678391961,-0.9910102074427921,0.0742523,0.014447492,25.496588516235352
87,-1.0351599528516144,0.11023376925854146,-0.5025125628140703,-0.9999688468941563,0.056600165,0.011765517,25.55717056274414
88,-1.336558502181552,0.8710469474320987,-0.4623115577889445,-0.9929986997786695,0.06517766,0.012961876,25.73949043273926
89,-1.3783042797908782,0.9278022057996606,-0.42211055276381915,-0.9702107955409863,0.062341195,0.016628873,25.47610237121582
90,-1.8852540270466247,0.35272820065309846,-0.38190954773869334,-0.9319681291524347,0.061809253,0.015871607,25.176458892822264
91,-1.0505107412929289,0.15801904951621568,-0.341708542713568,-0.8788798788614606,0.041218624,0.013431493,25.063115844726564
92,-1.5500878665200595,0.987645120668432,-0.3015075376884422,-0.8117917024210207,0.031699006,0.017022304,24.908433074951173
93,-1.4216103856128681,0.9698289260318179,-0.2613065326633164,-0.7317722663670764,0.038160205,0.017921168,24.88251319885254
94,-1.5918631972387187,0.958644195654816,-0.22110552763819102,-0.6400962229271073,0.03182978,0.0126736015,24.76159393310547
95,-1.7629730197569722,0.6777087671971893,-0.18090452261306522,-0.5382239057242882,0.01164313,0.022204924,24.600574951171875
96,-1.096620479437746,0.2989023274445373,-0.14070351758793986,-0.42777806771021004,-0.0008938254,0.021606427,24.29669807434082
97,-1.4263205133277141,0.9733300018893294,-0.10050251256281406,-0.31051803187416877,0.028193263,0.023916785,24.377704238891603
98,-1.997129672968841,0.009017276108991324,-0.06030150753768826,-0.18831166648971728,0.012610417,0.022829209,24.306354904174803
99,-1.3828550863792761,0.9330409405018342,-0.0201005025125629,-0.06310563131267392,-0.01717491,0.028164994,24.139743728637697
100,1.326644901772096,-0.8553288373219352,0.020100502512562457,0.06310563131267252,-0.033055477,0.018593203,24.009852828979493
101,1.5270581022576093,-0.9963892045552099,0.06030150753768826,0.18831166648971728,0.015529387,0.037365276,23.933006744384766
102,1.8859420993107745,-0.35070467317132714,0.10050251256281406,0.31051803187416877,-0.015418673,0.030630257,23.835013656616212
103,1.3572697600024997,-0.9011417758034916,0.14070351758793986,0.42777806771021004,-0.022555716,0.03340203,23.89161521911621
104,1.9085351509197992,-0.28340736847943854,0.18090452261306567,0.5382239057242895,-0.0049471296,0.033054005,23.600681533813475
105,1.6233601157918027,-0.9258387901695622,0.22110552763819058,0.6400962229271063,-0.046168484,0.034122612,23.634383850097656
106,1.0158212428465563,-0.049683437428963396,0.2613065326633164,0.7317722663670764,0.0015135903,0.031309385,23.55791816711426
107,1.9294372337437613,-0.21986830316268247,0.3015075376884422,0.8117917024210207,-0.051113203,0.05190898,23.410976486206053
108,1.690896917516924,-0.8254934828349183,0.341708542713568,0.8788798788614606,-0.029965216,0.054700818,23.235772018432616
109,1.9973228504514804,-0.008410414199166123,0.3819095477386938,0.9319681291524352,-0.03340645,0.037887033,23.295023803710937
110,1.1723405083453287,-0.5153565685523565,0.4221105527638196,0.9702107955409867,-0.046892177,0.034630153,23.153545761108397
111,1.1371357496288779,-0.41762025154155186,0.4623115577889445,0.9929986997786695,-0.06806496,0.06121723,23.047923812866213
112,1.9325954630371636,-0.21017856229669787,0.5025125628140703,0.9999688468941563,-0.08870629,0.048894536,23.099495849609376
113,1.6968181614899,-0.8148520032214721,0.5427135678391961,0.9910102074427921,-0.10693925,0.04894575,22.888300323486327
114,1.0660001727220625,-0.20586313976973317,0.5829145728643219,0.9662654861260216,-0.088130385,0.054247763,22.63798698425293
115,1.7554630526024664,-0.6948673860154255,0.6231155778894477,0.9261288486078406,-0.06348283,0.049661566,22.637408599853515
116,1.7538761884612464,-0.6984438407075235,0.6633165829145726,0.8712396427384599,-0.09927597,0.059789766,22.681238708496092
117,1.9230245355464834,-0.23947545892262673,0.7035175879396984,0.802472214201578,-0.11186328,0.04223567,22.708835372924806
118,1.7115247586284719,-0.787210028986548,0.7437185929648242,0.7209219788147161,-0.079765804,0.04108941,22.56656150817871
119,1.1242709619721647,-0.38056643178005356,0.78391959798995,0.6278879733408576,-0.10607808,0.05929741,22.31473258972168
120,1.0198801338397956,-0.062414687514019504,0.8241206030150758,0.5248521627644673,-0.13800006,0.06564541,22.32253242492676
121,1.0262109868777194,-0.08225121848240503,0.8643216080402008,0.413455833652135,-0.119315475,0.04932827,22.222041397094728
122,1.0283064880207946,-0.08881029339855673,0.9045226130653266,0.2954734496346705,-0.11906182,0.04704458,22.31364799499512
123,1.246211067603046,-0.6986399946711387,0.9447236180904524,0.1727843854740994,-0.1076466,0.06767945,22.14354248046875
124,1.860027948682888,-0.42569984305325526,0.9849246231155782,0.047342989971557316,-0.16009766,0.06316881,22.014140319824218
125,1.538831064341653,-0.9925682741916515,1.025125628140704,-0.07885254540747769,-0.15485048,0.06298743,21.8488370513916
126,1.552821978685766,-0.9862626733118064,1.0653266331658289,-0.20379201629015123,-0.14114621,0.06527923,21.920132751464845
127,1.8420308923596056,-0.4761528627133772,1.1055276381909547,-0.3254852265102114,-0.21931864,0.08718112,21.80971519470215
128,1.1241733151199111,-0.38028273033382193,1.1457286432160805,-0.4419936905055793,-0.26927972,0.08517906,21.75614387512207
129,1.2791836790111395,-0.7688760063404474,1.1859296482412063,-0.5514615120031081,-0.43979388,0.08004406,21.568260650634766
130,1.5857592714582878,-0.9639252529111114,1.226130653266332,-0.6521449471151876,-0.5361411,0.085387066,21.420589599609375
131,1.9695957483196747,-0.09537259491600372,1.266331658291457,-0.7424401809292823,-0.686194,0.06881885,21.422271118164062
132,1.56103021925571,-0.9816756418981173,1.3065326633165828,-0.8209088751292625,-0.7187393,0.09508973,21.48231605529785
133,1.018647289372943,-0.05854868528473185,1.3467336683417086,-0.8863010796932088,-0.69124246,0.080290034,21.33219192504883
134,1.8006326726806163,-0.5861760902600978,1.3869346733668344,-0.9375751437008254,-0.7407502,0.07576874,21.200109939575196
135,1.2329742738410205,-0.6682918995944155,1.4271356783919602,-0.973914308085538,-0.6779952,0.07185598,21.32161231994629
136,1.8071051956187791,-0.5695817461392687,1.4673366834170851,-0.9947397160206568,-0.68648666,0.06830557,21.08197998046875
137,1.3878606440641716,-0.9385828831673769,1.507537688442211,-0.999719633693478,-0.6926236,0.083100036,20.94543876647949
138,1.8635418545594287,-0.415685072633406,1.5477386934673367,-0.9887747345870026,-0.6971525,0.08177762,20.871046676635743
139,1.7471216427371847,-0.71347188669292,1.5879396984924625,-0.9620793630944628,-0.69173783,0.0866327,20.861593933105468
140,1.5562402339904189,-0.9844319612012807,1.6281407035175883,-0.9200587573381742,-0.73236376,0.09365733,20.75859977722168
141,1.136455225660685,-0.41567672991254856,1.6683417085427132,-0.8633822754312241,-0.7218217,0.080742866,20.842164001464845
142,1.0599176895122118,-0.18712730256942206,1.708542713567839,-0.7929527330827791,-0.7169631,0.0930842,20.807142715454102
143,1.1213434557407373,-0.37204546824262047,1.7487437185929648,-0.7098920223913331,-0.699341,0.07468267,20.53966178894043
144,1.0445518785447616,-0.13950732254221043,1.7889447236180906,-0.615523240908179,-0.67889386,0.082217336,20.666897811889648
145,1.107494129106093,-0.3313204863082735,1.8291457286432165,-0.5113496156423261,-0.77147275,0.074561015,20.624049835205078
146,1.2257093386078548,-0.6511409632723442,1.8693467336683414,-0.39903055773234225,-0.6988241,0.083360866,20.369655075073243
147,1.7129889803826766,-0.7843649666477504,1.9095477386934672,-0.28035522921701517,-0.6893654,0.078259036,20.424351348876954
148,1.5597169820541423,-0.9824534682393893,1.949748743718593,-0.15721404296725106,-0.7568803,0.07501672,20.40733818054199
149,1.012555980159116,-0.039435546420678716,1.9899497487437188,-0.031568549764810244,-0.6565132,0.086858526,20.24159538269043
150,1.0719742796894867,-0.22419201577720715,2.0301507537688446,0.09457980779484577,-0.680127,0.11720528,20.201168212890625
151,1.967276330000272,-0.10262345114445792,2.0703517587939704,0.2192215768476927,-0.6326168,0.09618224,20.132547454833983
152,1.5681004619199421,-0.977201163241441,2.1105527638190953,0.34037130340411215,-0.6993163,0.1152716,20.13282615661621
153,1.2032932346609906,-0.5961237363517067,2.150753768844221,0.4560991592070158,-0.7401164,0.10975747,19.982405319213868
154,1.2523257445703235,-0.712254366091558,2.190954773869347,0.5645616825119184,-0.72852516,0.10431692,19.960483779907225
155,1.743825854075093,-0.7206884117124912,2.2311557788944727,0.664031143110432,-0.6875031,0.10915093,19.946660079956054
156,1.195429481109319,-0.5761086206630859,2.2713567839195985,0.752923063833378,-0.7230398,0.14041846,19.893305282592774
157,1.5813589272732578,-0.9675126317961422,2.3115577889447234,0.8298214601357254,-0.7004079,0.13117336,19.71407127380371
158,1.9700199890883123,-0.09404579425785398,2.351758793969849,0.8935013957148741,-0.6853635,0.18674684,19.635616149902344
159,1.8468288014900351,-0.4628445769920436,2.391959798994975,0.9429484948674373,-0.6326248,0.17911816,19.613709869384767
160,1.2398477591475863,-0.6841983774475284,2.432160804020101,0.9773751007667074,-0.6276627,0.23116684,19.546144104003908
161,1.4937697142687298,-0.9998084545615823,2.4723618090452266,0.9962328222710068,-0.65373635,0.25377098,19.487252502441407
162,1.6199557183813798,-0.9298276884675104,2.5125628140703515,0.9992212694012756,-0.627487,0.27731925,19.41788818359375
163,1.8289808995501788,-0.5117945525190903,2.5527638190954773,0.9862928383380029,-0.6190048,0.30261207,19.42698127746582
164,1.1567913946460844,-0.47289606249589833,2.592964824120603,0.9576534697159294,-0.6672701,0.3209997,19.231690368652345
165,1.0185762021774094,-0.058325739920626445,2.633165829145729,0.9137593681374366,-0.5990773,0.33469418,19.13034553527832
166,1.0700221437192223,-0.21821113202658768,2.6733668341708547,0.855309735160411,-0.5955169,0.35579988,19.29381446838379
167,1.4863451109370318,-0.9990800176398541,2.7135678391959797,0.7832356315188906,-0.60051936,0.38067088,19.27326904296875
168,1.6063294616533303,-0.944724228692967,2.7537688442211055,0.698685145993307,-0.5037996,0.38718393,19.12773666381836
169,1.5688514370864812,-0.9766975369689531,2.7939698492462313,0.603005107179614,-0.51855344,0.41247812,19.02867462158203
170,1.3173624093221608,-0.8398590029737631,2.834170854271357,0.4977196294756828,-0.54348433,0.46066895,19.11359573364258
171,1.988616154412449,-0.035755782462730534,2.874371859296483,0.3845058350320092,-0.46023723,0.46685377,19.03716003417969
172,1.579745219245797,-0.9687819065366918,2.914572864321608,0.265167138398679,-0.5588664,0.4842266,18.651224517822264
173,1.3801411726235504,-0.9299396602108708,2.9547738693467336,0.14160451942495228,-0.46418458,0.5245181,18.71073196411133
174,1.5509482191178967,-0.9872179534599521,2.9949748743718594,0.015786242013636178,-0.5012547,0.52608067,18.919025039672853
175,1.7453344309065022,-0.7173947437709058,3.035175879396985,-0.11028349891127548,-0.5423164,0.5358556,18.714736099243165
176,1.6692328934531846,-0.8619662836939105,3.075376884422111,-0.23459650279236882,-0.5608644,0.5129287,18.812881240844728
177,1.2649195576628094,-0.7394609896210472,3.115577889447236,-0.3551725526334265,-0.51066774,0.5314294,18.464169540405273
178,1.0663348344284416,-0.2068918770315459,3.1557788944723617,-0.4700909584360025,-0.5298307,0.5810219,18.55350555419922
179,1.3700841979141063,-0.9178596453678991,3.1959798994974875,-0.5775211524135879,-0.4893746,0.5849454,18.592498321533203
180,1.6297175070215646,-0.9181067241805476,3.2361809045226133,-0.6757518486236092,-0.50292295,0.60586905,18.466952667236328
181,1.2101740099148395,-0.6133389147227282,3.276381909547739,-0.7632183025251686,-0.4412626,0.64423704,18.28534248352051
182,1.752755553738814,-0.7009590609372243,3.316582914572864,-0.8385272362373763,-0.5181158,0.6436559,18.45343452453613
183,1.066536481354115,-0.2075116216142374,3.35678391959799,-0.9004790324567514,-0.49840364,0.6814347,18.30517906188965
184,1.260315098578541,-0.7296459111136077,3.3969849246231156,-0.9480868435005093,-0.5277118,0.5507885,18.189875717163087
185,1.8047545637433453,-0.5756359241777278,3.4371859296482414,-0.9805923110824042,-0.47393695,0.59629834,18.28183181762695
186,1.1934342826233277,-0.5709739595104197,3.4773869346733672,-0.9974776464163388,-0.43756485,0.6132188,18.19980728149414
187,1.6394608808799402,-0.9055468935943222,3.517587939698492,-0.9984738782203789,-0.39468613,0.6386851,17.95660690307617
188,1.5246703091237337,-0.9969980633348969,3.557788944723618,-0.98356513723637,-0.48216355,0.63083977,18.155809936523436
189,1.9248079703993506,-0.23403193148153867,3.5979899497487438,-0.9529889090158394,-0.4577536,0.65841526,18.00271057128906
190,1.263296770487111,-0.7360193325203777,3.6381909547738696,-0.9072322509454811,-0.43301818,0.64757663,17.832836074829103
191,1.0659610906840238,-0.20574298822169504,3.6783919597989954,-0.8470240337722986,-0.4239238,0.72321576,17.880138931274413
192,1.7350659632886694,-0.7394916108609899,3.7185929648241203,-0.7733233312153401,-0.5268723,0.7998608,17.93961540222168
193,1.7721780295432468,-0.6561638030704566,3.758793969849246,-0.6873041426091845,-0.55620295,0.8368727,17.95572593688965
194,1.907815852503524,-0.2855737353396375,3.798994974874372,-0.5903366919365289,-0.51075405,0.85264444,17.6699275970459
195,1.9319720691968372,-0.21209286165314303,3.8391959798994977,-0.483965601142838,-0.4949728,0.8728015,17.741071853637695
196,1.013951572975597,-0.043816126952877676,3.8793969849246235,-0.36988528541654636,-0.48926935,0.92084527,17.652338333129883
197,1.2343620861214206,-0.6715288937989651,3.9195979899497493,-0.24991296237030647,-0.44262338,0.96338654,17.7276904296875
198,1.6167783570016576,-0.9334546228982438,3.959798994974874,-0.1259597050677177,-0.46164924,0.9877875,17.448816070556642
199,1.9490163206876163,-0.15948598593974334,4.0,-4.898587196589413e-16,-0.4844373,1.0,17.342841491699218
200,,,,,,,17.41031005859375
201,,,,,,,17.542186508178713
202,,,,,,,17.330484924316405
203,,,,,,,17.09157051086426
204,,,,,,,17.22497138977051
205,,,,,,,17.092765045166015
206,,,,,,,17.11717758178711
207,,,,,,,16.99679473876953
208,,,,,,,17.03137496948242
209,,,,,,,16.80409439086914
210,,,,,,,16.921058502197265
211,,,,,,,16.88738700866699
212,,,,,,,16.658146743774413
213,,,,,,,16.74870506286621
214,,,,,,,16.735581817626954
215,,,,,,,16.76879150390625
216,,,,,,,16.67564811706543
217,,,,,,,16.54148872375488
218,,,,,,,16.535448989868165
219,,,,,,,16.45161506652832
220,,,,,,,16.454543533325197
221,,,,,,,16.22367172241211
222,,,,,,,16.52532356262207
223,,,,,,,16.306857986450197
224,,,,,,,16.21692039489746
225,,,,,,,16.306457977294922
226,,,,,,,16.138093795776367
227,,,,,,,16.097448196411133
228,,,,,,,16.216035385131836
229,,,,,,,16.18134307861328
230,,,,,,,16.086731605529785
231,,,,,,,16.104831886291503
232,,,,,,,15.959616165161133
233,,,,,,,15.832020416259766
234,,,,,,,15.817147941589356
235,,,,,,,15.930463829040526
236,,,,,,,15.761496467590332
237,,,,,,,15.857449913024903
238,,,,,,,15.798596534729004
239,,,,,,,15.628114776611328
240,,,,,,,15.806926498413086
241,,,,,,,15.516985054016112
242,,,,,,,15.413632202148438
243,,,,,,,15.452769050598144
244,,,,,,,15.462329139709473
245,,,,,,,15.303474922180175
246,,,,,,,15.40672794342041
247,,,,,,,15.345384864807128
248,,,,,,,15.478570442199707
249,,,,,,,15.301178131103516
250,,,,,,,15.17052619934082
251,,,,,,,15.107499389648437
252,,,,,,,15.016164436340333
253,,,,,,,15.00305751800537
254,,,,,,,14.939171295166016
255,,,,,,,15.096309432983398
256,,,,,,,15.041035957336426
257,,,,,,,14.90729721069336
258,,,,,,,14.805305252075195
259,,,,,,,14.803912200927734
260,,,,,,,14.876157608032226
261,,,,,,,14.872635650634766
262,,,,,,,14.950394401550293
263,,,,,,,14.528937606811523
264,,,,,,,14.719089050292968
265,,,,,,,14.475291938781739
266,,,,,,,14.705851669311523
267,,,,,,,14.491882362365722
268,,,,,,,14.446428909301758
269,,,,,,,14.42501667022705
270,,,,,,,14.329851150512695
271,,,,,,,14.459544258117676
272,,,,,,,14.30388557434082
273,,,,,,,14.328520011901855
274,,,,,,,14.183074798583984
275,,,,,,,14.222453002929688
276,,,,,,,14.311634140014649
277,,,,,,,14.279598541259766
278,,,,,,,14.108380889892578
279,,,,,,,14.011635627746582
280,,,,,,,13.972622566223144
281,,,,,,,13.9600248336792
282,,,,,,,13.846719741821289
283,,,,,,,13.927730026245117
284,,,,,,,13.83181972503662
285,,,,,,,13.834058418273926
286,,,,,,,13.621050949096679
287,,,,,,,13.77588047027588
288,,,,,,,13.693802719116212
289,,,,,,,13.7293408203125
290,,,,,,,13.71742576599121
291,,,,,,,13.690678977966309
292,,,,,,,13.722326278686523
293,,,,,,,13.620175437927246
294,,,,,,,13.562377319335937
295,,,,,,,13.442988090515136
296,,,,,,,13.41987216949463
297,,,,,,,13.361450805664063
298,,,,,,,13.439267692565918
299,,,,,,,13.260683746337891
300,,,,,,,13.286893463134765
301,,,,,,,13.351875
302,,,,,,,13.428068237304688
303,,,,,,,13.196540908813477
304,,,,,,,13.167727546691895
305,,,,,,,13.237299880981446
306,,,,,,,13.033225784301758
307,,,,,,,13.04174560546875
308,,,,,,,13.221147689819336
309,,,,,,,13.06340934753418
310,,,,,,,12.95768196105957
311,,,,,,,12.745518951416015
312,,,,,,,13.023113479614258
313,,,,,,,12.758485488891601
314,,,,,,,12.891479072570801
315,,,,,,,12.698692970275879
316,,,,,,,12.649310417175293
317,,,,,,,12.824652404785157
318,,,,,,,12.556836471557617
319,,,,,,,12.766070213317871
320,,,,,,,12.583191947937012
321,,,,,,,12.567035484313966
322,,,,,,,12.52376178741455
323,,,,,,,12.642219696044922
324,,,,,,,12.457946014404296
325,,,,,,,12.303154792785644
326,,,,,,,12.464724388122558
327,,,,,,,12.322833175659179
328,,,,,,,12.35679527282715
329,,,,,,,12.181787338256836
330,,,,,,,12.248625183105469
331,,,,,,,12.257346649169921
332,,,,,,,12.201145935058594
333,,,,,,,12.342000198364257
334,,,,,,,12.255058212280273
335,,,,,,,12.488959655761718
336,,,,,,,12.124057502746583
337,,,,,,,12.14947654724121
338,,,,,,,12.118172912597656
339,,,,,,,12.00226692199707
340,,,,,,,12.05017837524414
341,,,,,,,12.057873725891113
342,,,,,,,11.969950828552246
343,,,,,,,11.809006042480469
344,,,,,,,11.852416191101074
345,,,,,,,11.984170989990234
346,,,,,,,11.838833198547363
347,,,,,,,11.877913627624512
348,,,,,,,11.762494888305664
349,,,,,,,11.760998344421386
350,,,,,,,11.726231727600098
351,,,,,,,11.68208438873291
352,,,,,,,11.680179710388183
353,,,,,,,11.687558898925781
354,,,,,,,11.561258583068847
355,,,,,,,11.658932266235352
356,,,,,,,11.748709526062012
357,,,,,,,11.498936309814454
358,,,,,,,11.384449920654298
359,,,,,,,11.422326126098632
360,,,,,,,11.365811386108398
361,,,,,,,11.61657196044922
362,,,,,,,11.335642585754394
363,,,,,,,11.283958549499511
364,,,,,,,11.291741256713868
365,,,,,,,11.394657173156737
366,,,,,,,11.212575187683106
367,,,,,,,11.259536437988281
368,,,,,,,11.169381256103515
369,,,,,,,11.164980087280274
370,,,,,,,11.14965072631836
371,,,,,,,11.037317504882813
372,,,,,,,11.179857940673829
373,,,,,,,11.075731201171875
374,,,,,,,11.113791999816895
375,,,,,,,11.085095405578613
376,,,,,,,10.826006774902345
377,,,,,,,11.204497909545898
378,,,,,,,10.960996627807617
379,,,,,,,10.91889217376709
380,,,,,,,10.813115501403809
381,,,,,,,10.974670028686523
382,,,,,,,10.96876205444336
383,,,,,,,10.699162712097168
384,,,,,,,10.778086013793946
385,,,,,,,10.694218635559082
386,,,,,,,10.633027725219726
387,,,,,,,10.790719032287598
388,,,,,,,10.753216743469238
389,,,,,,,10.572103118896484
390,,,,,,,10.715896682739258
391,,,,,,,10.348068199157716
392,,,,,,,10.66473373413086
393,,,,,,,10.741740913391114
394,,,,,,,10.537710189819336
395,,,,,,,10.502259712219239
396,,,,,,,10.5294673538208
397,,,,,,,10.515496101379394
398,,,,,,,10.385122871398925
399,,,,,,,10.461162338256836
400,,,,,,,10.237657279968262
401,,,,,,,10.251846923828126
402,,,,,,,10.359667015075683
403,,,,,,,10.420101890563965
404,,,,,,,10.07855743408203
405,,,,,,,10.260532035827637
406,,,,,,,10.24122371673584
407,,,,,,,10.215776824951172
408,,,,,,,10.092980194091798
409,,,,,,,10.284697456359863
410,,,,,,,9.868401794433593
411,,,,,,,10.090130691528321
412,,,,,,,10.05492691040039
413,,,,,,,9.876194686889649
414,,,,,,,9.91302417755127
415,,,,,,,10.087950973510742
416,,,,,,,9.957673835754395
417,,,,,,,9.907234191894531
418,,,,,,,9.771395797729491
419,,,,,,,9.818798217773438
420,,,,,,,9.969426918029786
421,,,,,,,9.971374626159667
422,,,,,,,9.789438591003417
423,,,,,,,9.965231208801269
424,,,,,,,9.766529922485352
425,,,,,,,9.642835884094238
426,,,,,,,10.013837013244629
427,,,,,,,9.781418838500976
428,,,,,,,9.834747009277343
429,,,,,,,9.701915969848633
430,,,,,,,9.649048919677734
431,,,,,,,9.598682250976562
432,,,,,,,9.682434196472167
433,,,,,,,9.65146697998047
434,,,,,,,9.502215881347656
435,,,,,,,9.480288352966308
436,,,,,,,9.422643280029297
437,,,,,,,9.275666770935059
438,,,,,,,9.393049011230469
439,,,,,,,9.298507270812989
440,,,,,,,9.20418628692627
441,,,,,,,9.227731704711914
442,,,,,,,9.31395809173584
443,,,,,,,9.16724452972412
444,,,,,,,9.191909828186034
445,,,,,,,9.272375068664552
446,,,,,,,9.296065559387207
447,,,,,,,9.426181945800781
448,,,,,,,9.144525909423828
449,,,,,,,9.079841690063477
450,,,,,,,9.066518859863281
451,,,,,,,9.235460700988769
452,,,,,,,9.067153358459473
453,,,,,,,9.011569862365723
454,,,,,,,8.973056182861328
455,,,,,,,9.054106979370117
456,,,,,,,8.959588775634765
457,,,,,,,8.930986747741699
458,,,,,,,8.980257682800293
459,,,,,,,8.957873992919922
460,,,,,,,8.870384712219238
461,,,,,,,9.00382137298584
462,,,,,,,9.174346389770507
463,,,,,,,9.226258316040038
464,,,,,,,8.883548774719237
465,,,,,,,8.863861618041993
466,,,,,,,8.730522918701173
467,,,,,,,8.809053993225097
468,,,,,,,8.905914535522461
469,,,,,,,8.683272666931153
470,,,,,,,8.787628021240234
471,,,,,,,8.810520706176758
472,,,,,,,8.719081077575684
473,,,,,,,8.607843475341797
474,,,,,,,8.558273696899414
475,,,,,,,8.589021530151367
476,,,,,,,8.552038993835449
477,,,,,,,8.637255706787109
478,,,,,,,8.550152702331543
479,,,,,,,8.439540596008301
480,,,,,,,8.437557525634766
481,,,,,,,8.436880226135253
482,,,,,,,8.385978164672851
483,,,,,,,8.32417407989502
484,,,,,,,8.541903839111328
485,,,,,,,8.540341262817384
486,,,,,,,8.254004516601562
487,,,,,,,8.321302032470703
488,,,,,,,8.33484359741211
489,,,,,,,8.167162361145019
490,,,,,,,8.096252021789551
491,,,,,,,8.138509979248047
492,,,,,,,8.19469455718994
493,,,,,,,8.509853897094727
494,,,,,,,8.226042671203613
495,,,,,,,8.179518394470215
496,,,,,,,7.999806118011475
497,,,,,,,8.18429874420166
498,,,,,,,8.083221416473389
499,,,,,,,8.229455165863037
500,,,,,,,7.922685890197754
501,,,,,,,8.044191284179687
502,,,,,,,8.16983543395996
503,,,,,,,8.074824829101562
504,,,,,,,8.083341178894043
505,,,,,,,8.007862854003907
506,,,,,,,7.914078254699707
507,,,,,,,8.063615074157715
508,,,,,,,7.909119949340821
509,,,,,,,7.7753835105896
510,,,,,,,7.92030933380127
511,,,,,,,8.327501945495605
512,,,,,,,7.909798030853271
513,,,,,,,7.80904541015625
514,,,,,,,7.8960819435119625
515,,,,,,,7.828068866729736
516,,,,,,,7.83418228149414
517,,,,,,,7.648842849731445
518,,,,,,,7.700689144134522
519,,,,,,,7.8398277282714846
520,,,,,,,7.6597981262207036
521,,,,,,,7.658393440246582
522,,,,,,,7.626187191009522
523,,,,,,,7.6302424240112305
524,,,,,,,7.510958919525146
525,,,,,,,7.646964359283447
526,,,,,,,7.435351486206055
527,,,,,,,7.418719673156739
528,,,,,,,7.696367721557618
529,,,,,,,7.577482872009277
530,,,,,,,7.2923367309570315
531,,,,,,,7.422961044311523
532,,,,,,,7.410780582427979
533,,,,,,,7.397257575988769
534,,,,,,,7.387775077819824
535,,,,,,,7.209363307952881
536,,,,,,,7.337429447174072
537,,,,,,,7.3717919540405275
538,,,,,,,7.304070644378662
539,,,,,,,7.457586803436279
540,,,,,,,7.404194202423096
541,,,,,,,7.142118034362793
542,,,,,,,7.236036128997803
543,,,,,,,7.248099517822266
544,,,,,,,7.370843086242676
545,,,,,,,7.266120014190673
546,,,,,,,7.143024005889893
547,,,,,,,7.126014442443847
548,,,,,,,7.286418361663818
549,,,,,,,7.1503135681152346
550,,,,,,,7.248316402435303
551,,,,,,,7.167636413574218
552,,,,,,,7.075812301635742
553,,,,,,,6.901358528137207
554,,,,,,,7.11274980545044
555,,,,,,,6.995287532806397
556,,,,,,,7.043735179901123
557,,,,,,,6.99478048324585
558,,,,,,,7.309513092041016
559,,,,,,,6.991314582824707
560,,,,,,,7.0600972366333
561,,,,,,,6.844865989685059
562,,,,,,,7.032863426208496
563,,,,,,,6.8677077293396
564,,,,,,,6.749339923858643
565,,,,,,,6.872750377655029
566,,,,,,,6.743245315551758
567,,,,,,,6.692764396667481
568,,,,,,,6.789662208557129
569,,,,,,,6.760381336212158
570,,,,,,,6.884969711303711
571,,,,,,,6.827246417999268
572,,,,,,,6.805861148834229
573,,,,,,,6.527679462432861
574,,,,,,,6.813435516357422
575,,,,,,,6.560281219482422
576,,,,,,,6.774880123138428
577,,,,,,,6.738455390930175
578,,,,,,,6.661333484649658
579,,,,,,,6.6032294654846195
580,,,,,,,6.840467166900635
581,,,,,,,6.435018424987793
582,,,,,,,6.4597245216369625
583,,,,,,,6.60594295501709
584,,,,,,,6.665611896514893
585,,,,,,,6.415796184539795
586,,,,,,,6.489485549926758
587,,,,,,,6.4780144691467285
588,,,,,,,6.5054504013061525
589,,,,,,,6.474010677337646
590,,,,,,,6.447185611724853
591,,,,,,,6.331118335723877
592,,,,,,,6.297131576538086
593,,,,,,,6.3563048362731935
594,,,,,,,6.371299057006836
595,,,,,,,6.332073478698731
596,,,,,,,6.632837524414063
597,,,,,,,6.280348739624023
598,,,,,,,6.234848937988281
599,,,,,,,7.1907170867919925
600,,,,,,,6.352827072143555
601,,,,,,,6.363147258758545
602,,,,,,,6.266755123138427
603,,,,,,,6.3467183113098145
604,,,,,,,6.323670387268066
605,,,,,,,6.309389362335205
606,,,,,,,6.151151123046875
607,,,,,,,6.061566162109375
608,,,,,,,6.161335906982422
609,,,,,,,6.103464832305908
610,,,,,,,6.271861534118653
611,,,,,,,6.1548873138427735
612,,,,,,,5.945708274841309
613,,,,,,,5.935732612609863
614,,,,,,,6.0077523994445805
615,,,,,,,6.019618110656738
616,,,,,,,6.15702564239502
617,,,,,,,5.967772521972656
618,,,,,,,6.632656192779541
619,,,,,,,6.109506130218506
620,,,,,,,5.9085353660583495
621,,,,,,,5.84961498260498
622,,,,,,,5.992471714019775
623,,,,,,,5.775082397460937
624,,,,,,,5.917070484161377
625,,,,,,,5.90742712020874
626,,,,,,,5.8844114112854005
627,,,,,,,5.784481792449951
628,,,,,,,5.691433544158936
629,,,,,,,5.763332042694092
630,,,,,,,5.7552102851867675
631,,,,,,,5.766986637115479
632,,,,,,,5.822239837646484
633,,,,,,,5.662183799743652
634,,,,,,,5.69218957901001
635,,,,,,,5.976569652557373
636,,,,,,,5.843746471405029
637,,,,,,,5.895619583129883
638,,,,,,,5.986013679504395
639,,,,,,,5.611864910125733
640,,,,,,,5.649774646759033
641,,,,,,,5.631770496368408
642,,,,,,,5.508531589508056
643,,,,,,,5.598131122589112
644,,,,,,,5.6386769676208495
645,,,,,,,5.536597518920899
646,,,,,,,5.587427749633789
647,,,,,,,5.605570240020752
648,,,,,,,5.570997200012207
649,,,,,,,5.504139842987061
650,,,,,,,5.359857406616211
651,,,,,,,5.383224563598633
652,,,,,,,5.473242435455322
653,,,,,,,5.498129272460938
654,,,,,,,5.503487281799316
655,,,,,,,5.4806491470336915
656,,,,,,,5.331010513305664
657,,,,,,,5.359678936004639
658,,,,,,,5.536080799102783
659,,,,,,,5.3170378875732425
660,,,,,,,5.507808990478516
661,,,,,,,5.320622940063476
662,,,,,,,5.148956642150879
663,,,,,,,5.331157283782959
664,,,,,,,5.252795104980469
665,,,,,,,5.1435674285888675
666,,,,,,,5.3445492935180665
667,,,,,,,5.122074565887451
668,,,,,,,5.24459508895874
669,,,,,,,5.303135967254638
670,,,,,,,5.543680553436279
671,,,,,,,5.221831912994385
672,,,,,,,5.231799812316894
673,,,,,,,5.142536182403564
674,,,,,,,5.265369567871094
675,,,,,,,5.178513622283935
676,,,,,,,5.06624095916748
677,,,,,,,5.194468555450439
678,,,,,,,5.03756275177002
679,,,,,,,5.226287841796875
680,,,,,,,5.040369606018066
681,,,,,,,5.043301410675049
682,,,,,,,5.068239803314209
683,,,,,,,5.023071231842041
684,,,,,,,5.329423542022705
685,,,,,,,4.917194175720215
686,,,,,,,4.996838207244873
687,,,,,,,5.085992126464844
688,,,,,,,4.960108127593994
689,,,,,,,4.927467861175537
690,,,,,,,5.010899677276611
691,,,,,,,4.931847515106202
692,,,,,,,4.961390953063965
693,,,,,,,4.894050903320313
694,,,,,,,4.956273326873779
695,,,,,,,4.816529884338379
696,,,,,,,4.838425846099853
697,,,,,,,4.84229850769043
698,,,,,,,4.835157623291016
699,,,,,,,4.698682804107666
700,,,,,,,4.685204734802246
701,,,,,,,4.740024852752685
702,,,,,,,4.711640892028808
703,,,,,,,4.756727352142334
704,,,,,,,4.8751871871948245
705,,,,,,,5.041352939605713
706,,,,,,,4.547705726623535
707,,,,,,,4.724871444702148
708,,,,,,,4.793987178802491
709,,,,,,,4.632839279174805
710,,,,,,,4.780397872924805
711,,,,,,,4.6996145439147945
712,,,,,,,4.742544555664063
713,,,,,,,4.59090103149414
714,,,,,,,4.657143020629883
715,,,,,,,4.775138835906983
716,,,,,,,4.674048290252686
717,,,,,,,4.567853050231934
718,,,,,,,4.645144634246826
719,,,,,,,4.671519260406495
720,,,,,,,4.65509298324585
721,,,,,,,4.705322132110596
722,,,,,,,4.498816261291504
723,,,,,,,4.50127794265747
724,,,,,,,4.5441775894165035
725,,,,,,,4.492124538421631
726,,,,,,,4.536512107849121
727,,,,,,,4.420323848724365
728,,,,,,,4.673109798431397
729,,,,,,,4.478267211914062
730,,,,,,,4.537005424499512
731,,,,,,,4.477502498626709
732,,,,,,,4.333840351104737
733,,,,,,,4.5323473167419435
734,,,,,,,4.437329158782959
735,,,,,,,4.380138664245606
736,,,,,,,4.547663040161133
737,,,,,,,4.604824256896973
738,,,,,,,4.517550792694092
739,,,,,,,4.436883239746094
740,,,,,,,4.295018367767334
741,,,,,,,4.599157276153565
742,,,,,,,4.318897247314453
743,,,,,,,4.429474105834961
744,,,,,,,4.3931562614440915
745,,,,,,,4.32304630279541
746,,,,,,,4.274016380310059
747,,,,,,,4.243220653533935
748,,,,,,,4.327506408691407
749,,,,,,,4.157672271728516
750,,,,,,,4.237668724060058
751,,,,,,,4.212948579788208
752,,,,,,,4.179092578887939
753,,,,,,,4.160697956085205
754,,,,,,,4.100134582519531
755,,,,,,,4.243741836547851
756,,,,,,,4.248367290496827
757,,,,,,,4.151002941131591
758,,,,,,,4.197828159332276
759,,,,,,,4.300568027496338
760,,,,,,,4.107418632507324
761,,,,,,,4.093343753814697
762,,,,,,,4.070127716064453
763,,,,,,,4.04051736831665
764,,,,,,,4.048185653686524
765,,,,,,,3.9666125106811525
766,,,,,,,3.83626277923584
767,,,,,,,3.9817931938171385
768,,,,,,,4.139422483444214
769,,,,,,,3.935162982940674
770,,,,,,,4.276380424499512
771,,,,,,,3.8960133934020997
772,,,,,,,3.9490839767456056
773,,,,,,,4.100289354324341
774,,,,,,,4.019277667999267
775,,,,,,,3.983950347900391
776,,,,,,,4.0502421665191655
777,,,,,,,3.819256887435913
778,,,,,,,3.9877407360076904
779,,,,,,,4.037553615570069
780,,,,,,,3.947483196258545
781,,,,,,,3.9603902530670165
782,,,,,,,3.702750062942505
783,,,,,,,3.8558708572387697
784,,,,,,,3.8498737907409666
785,,,,,,,3.825241279602051
786,,,,,,,3.7388021755218506
787,,,,,,,3.8224503993988037
788,,,,,,,3.77917293548584
789,,,,,,,3.682465934753418
790,,,,,,,3.76550404548645
791,,,,,,,3.713058042526245
792,,,,,,,3.828107738494873
793,,,,,,,3.7979079627990724
794,,,,,,,3.6383782768249513
795,,,,,,,3.7355932235717773
796,,,,,,,3.7542112159729
797,,,,,,,3.7230857372283936
798,,,,,,,3.521334934234619
799,,,,,,,3.9409603691101074
800,,,,,,,4.070378971099854
801,,,,,,,3.8604047679901123
802,,,,,,,3.678960189819336
803,,,,,,,3.728746223449707
804,,,,,,,3.688402757644653
805,,,,,,,3.6421186447143556
806,,,,,,,3.6070763778686525
807,,,,,,,3.5730767345428465
808,,,,,,,3.502391414642334
809,,,,,,,3.5525234222412108
810,,,,,,,3.550710430145264
811,,,,,,,3.5912072467803955
812,,,,,,,3.6248459434509277
813,,,,,,,3.4500142478942872
814,,,,,,,3.786081199645996
815,,,,,,,3.542740516662598
816,,,,,,,3.458264207839966
817,,,,,,,3.3988340091705322
818,,,,,,,3.4522920513153075
819,,,,,,,3.461272506713867
820,,,,,,,3.5408037281036377
821,,,,,,,3.439512825012207
822,,,,,,,3.5730888748168947
823,,,,,,,3.388048000335693
824,,,,,,,3.5122553062438966
825,,,,,,,3.33935152053833
826,,,,,,,3.382960433959961
827,,,,,,,3.3717493915557863
828,,,,,,,3.4613114166259766
829,,,,,,,3.3920679569244383
830,,,,,,,3.5850639820098875
831,,,,,,,3.4698406791687013
832,,,,,,,3.3939320850372314
833,,,,,,,3.3530185985565186
834,,,,,,,3.387045831680298
835,,,,,,,3.3812904071807863
836,,,,,,,3.3444337463378906
837,,,,,,,3.230216426849365
838,,,,,,,3.211375131607056
839,,,,,,,3.2157650852203368
840,,,,,,,3.289605827331543
841,,,,,,,3.4984294891357424
842,,,,,,,3.371560935974121
843,,,,,,,3.5039402770996095
844,,,,,,,3.322075090408325
845,,,,,,,3.3238295555114745
846,,,,,,,3.213401508331299
847,,,,,,,3.232082500457764
848,,,,,,,3.125959720611572
849,,,,,,,3.285872459411621
850,,,,,,,3.1566031646728514
851,,,,,,,3.113039035797119
852,,,,,,,3.447193784713745
853,,,,,,,3.3278918361663816
854,,,,,,,3.1877427101135254
855,,,,,,,3.307975969314575
856,,,,,,,3.1500224113464355
857,,,,,,,3.2027522850036623
858,,,,,,,3.2073012924194337
859,,,,,,,3.2720556831359864
860,,,,,,,3.132653903961182
861,,,,,,,3.097749662399292
862,,,,,,,3.183699064254761
863,,,,,,,2.9917250156402586
864,,,,,,,3.0271669101715086
865,,,,,,,3.1401693439483642
866,,,,,,,2.9936087322235108
867,,,,,,,2.9209861278533937
868,,,,,,,3.022207250595093
869,,,,,,,3.226732168197632
870,,,,,,,2.8917183589935305
871,,,,,,,3.0987445640563966
872,,,,,,,3.1622640895843506
873,,,,,,,2.9728165245056153
874,,,,,,,2.975488586425781
875,,,,,,,3.050005054473877
876,,,,,,,3.064244155883789
877,,,,,,,2.9678866386413576
878,,,,,,,3.0435768604278564
879,,,,,,,3.3006886291503905
880,,,,,,,2.9411486434936522
881,,,,,,,2.9904698753356933
882,,,,,,,2.9852880477905273
883,,,,,,,2.8620041370391847
884,,,,,,,3.0252897930145264
885,,,,,,,2.805865821838379
886,,,,,,,2.861070041656494
887,,,,,,,3.1132555198669434
888,,,,,,,2.94326208114624
889,,,,,,,2.9056479358673095
890,,,,,,,2.8905855083465575
891,,,,,,,2.7903324699401857
892,,,,,,,2.8982575225830076
893,,,,,,,2.8627370166778565
894,,,,,,,2.8839017868041994
895,,,,,,,3.49680383682251
896,,,,,,,2.9684975433349607
897,,,,,,,2.904815731048584
898,,,,,,,2.9377528953552248
899,,,,,,,2.9872803115844726
900,,,,,,,2.834268960952759
901,,,,,,,2.714882745742798
902,,,,,,,2.7949984645843506
903,,,,,,,2.856740198135376
904,,,,,,,2.8516712379455567
905,,,,,,,2.726852731704712
906,,,,,,,2.95507869720459
907,,,,,,,3.0526520252227782
908,,,,,,,2.866987457275391
909,,,,,,,2.7358851623535156
910,,,,,,,3.0314283084869387
911,,,,,,,2.688826961517334
912,,,,,,,3.085227403640747
913,,,,,,,2.8783402919769285
914,,,,,,,3.3693000507354736
915,,,,,,,2.9452411365509032
916,,,,,,,2.696507453918457
917,,,,,,,2.7502301788330077
918,,,,,,,2.7441323471069334
919,,,,,,,2.74928430557251
920,,,,,,,2.6375720596313474
921,,,,,,,2.694240760803223
922,,,,,,,2.921443290710449
923,,,,,,,2.7096744060516356
924,,,,,,,2.5723483753204346
925,,,,,,,2.61805025100708
926,,,,,,,2.5553252410888674
927,,,,,,,2.5347404956817625
928,,,,,,,2.7316651916503907
929,,,,,,,2.819969253540039
930,,,,,,,2.819898738861084
931,,,,,,,2.762869367599487
932,,,,,,,2.75056529045105
933,,,,,,,2.5752312088012697
934,,,,,,,2.6503967952728273
935,,,,,,,2.5617069244384765
936,,,,,,,2.513873872756958
937,,,,,,,2.6186466884613036
938,,,,,,,2.5239804077148436
939,,,,,,,2.535754928588867
940,,,,,,,2.5283233642578127
941,,,,,,,2.426198091506958
942,,,,,,,2.6384103202819826
943,,,,,,,2.486510410308838
944,,,,,,,2.4148061370849607
945,,,,,,,2.440896530151367
946,,,,,,,2.4635843658447265
947,,,,,,,2.5280822277069093
948,,,,,,,2.550990734100342
949,,,,,,,2.430350008010864
950,,,,,,,2.5260117721557616
951,,,,,,,2.5102190589904785
952,,,,,,,2.2750122642517088
953,,,,,,,2.4836165046691896
954,,,,,,,2.429561109542847
955,,,,,,,2.513560562133789
956,,,,,,,2.3567345905303956
957,,,,,,,2.4097992897033693
958,,,,,,,2.405351448059082
959,,,,,,,2.3374038696289063
960,,,,,,,2.421564712524414
961,,,,,,,2.4748834991455078
962,,,,,,,3.9880232620239258
963,,,,,,,2.60551531791687
964,,,,,,,2.5748222923278807
965,,,,,,,2.438025541305542
966,,,,,,,2.481629467010498
967,,,,,,,2.392651414871216
968,,,,,,,2.315620336532593
969,,,,,,,2.386985168457031
970,,,,,,,2.398464307785034
971,,,,,,,2.4014201545715332
972,,,,,,,2.4872586154937744
973,,,,,,,2.4426540660858156
974,,,,,,,2.321067314147949
975,,,,,,,2.4297866439819336
976,,,,,,,2.3385799503326417
977,,,,,,,2.4351744079589843
978,,,,,,,2.389794554710388
979,,,,,,,2.4310194778442384
980,,,,,,,2.3938075923919677
981,,,,,,,2.2830657863616945
982,,,,,,,2.1885793685913084
983,,,,,,,2.3507868385314943
984,,,,,,,2.232070035934448
985,,,,,,,2.396126937866211
986,,,,,,,2.164045467376709
987,,,,,,,2.1773495483398437
988,,,,,,,2.212499542236328
989,,,,,,,2.217270965576172
990,,,,,,,2.222911729812622
991,,,,,,,2.040841369628906
992,,,,,,,2.4087881660461425
993,,,,,,,2.133449296951294
994,,,,,,,2.3890005016326903
995,,,,,,,2.2716677045822142
996,,,,,,,2.156619930267334
997,,,,,,,2.218604259490967
998,,,,,,,2.3203819751739503
999,,,,,,,2.166140933036804
1000,,,,,,,2.350724983215332
1001,,,,,,,2.1044078159332273
1002,,,,,,,2.238508453369141
1003,,,,,,,2.1301112461090086
1004,,,,,,,2.1226205158233644
1005,,,,,,,2.129091949462891
1006,,,,,,,2.0731007480621337
1007,,,,,,,2.131697540283203
1008,,,,,,,2.088098020553589
1009,,,,,,,2.1005999851226806
1010,,,,,,,2.1195805168151853
1011,,,,,,,2.005912084579468
1012,,,,,,,2.202012929916382
1013,,,,,,,2.115512099266052
1014,,,,,,,2.3111942481994627
1015,,,,,,,2.102167959213257
1016,,,,,,,2.1947956466674805
1017,,,,,,,2.1663154888153078
1018,,,,,,,2.139695854187012
1019,,,,,,,2.0879055070877075
1020,,,,,,,2.01069917678833
1021,,,,,,,2.1153550243377683
1022,,,,,,,2.0809750604629516
1023,,,,,,,2.116603651046753
1024,,,,,,,2.136376895904541
1025,,,,,,,2.0667571067810058
1026,,,,,,,2.0410999202728273
1027,,,,,,,2.0223918533325196
1028,,,,,,,2.018101148605347
1029,,,,,,,1.8944899940490723
1030,,,,,,,2.186973910331726
1031,,,,,,,2.121087017059326
1032,,,,,,,2.0126967811584473
1033,,,,,,,1.8939155006408692
1034,,,,,,,1.9228766441345215
1035,,,,,,,1.7993535566329957
1036,,,,,,,2.04607892036438
1037,,,,,,,1.8887305784225463
1038,,,,,,,2.2899770069122316
1039,,,,,,,1.9697167015075683
1040,,,,,,,1.9487574911117553
1041,,,,,,,1.9047367191314697
1042,,,,,,,1.963379430770874
1043,,,,,,,2.025647964477539
1044,,,,,,,1.9181073141098022
1045,,,,,,,1.9051874256134034
1046,,,,,,,1.967105131149292
1047,,,,,,,1.949481530189514
1048,,,,,,,1.9186856079101562
1049,,,,,,,1.868476495742798
1050,,,,,,,1.963609857559204
1051,,,,,,,2.0023572635650635
1052,,,,,,,2.114440670013428
1053,,,,,,,1.8811286973953247
1054,,,,,,,1.9327063179016113
1055,,,,,,,1.9909785890579224
1056,,,,,,,2.033601846694946
1057,,,,,,,2.1588862133026123
1058,,,,,,,1.9352902698516845
1059,,,,,,,1.8452148342132568
1060,,,,,,,1.89332932472229
1061,,,,,,,2.0317489814758303
1062,,,,,,,1.8212044429779053
1063,,,,,,,1.8223272275924682
1064,,,,,,,2.0346133136749267
1065,,,,,,,1.7888983154296876
1066,,,,,,,1.9068944025039674
1067,,,,,,,1.7095599842071534
1068,,,,,,,1.7586231327056885
1069,,,,,,,1.7291950702667236
1070,,,,,,,1.6904108667373656
1071,,,,,,,1.8222344017028809
1072,,,,,,,2.238722257614136
1073,,,,,,,1.9669308423995973
1074,,,,,,,1.7616452121734618
1075,,,,,,,1.8731585216522217
1076,,,,,,,1.744586591720581
1077,,,,,,,1.7158354091644288
1078,,,,,,,1.75204363822937
1079,,,,,,,1.8383417892456055
1080,,,,,,,1.9393251132965088
1081,,,,,,,1.612241883277893
1082,,,,,,,1.7387498950958251
1083,,,,,,,1.7032427215576171
1084,,,,,,,1.676442904472351
1085,,,,,,,1.8257281112670898
1086,,,,,,,1.7026458549499512
1087,,,,,,,1.8326181888580322
1088,,,,,,,1.685648136138916
1089,,,,,,,1.9570629024505615
1090,,,,,,,1.8363549518585205
1091,,,,,,,1.7532208442687989
1092,,,,,,,1.7455668449401855
1093,,,,,,,1.6783521366119385
1094,,,,,,,1.7578514862060546
1095,,,,,,,1.7565707874298095
1096,,,,,,,1.7522658920288086
1097,,,,,,,1.676247386932373
1098,,,,,,,1.6498546171188355
1099,,,,,,,1.69762056350708
1100,,,,,,,1.6524983692169188
1101,,,,,,,1.6370563697814942
1102,,,,,,,1.6519316339492798
1103,,,,,,,1.6545188522338867
1104,,,,,,,1.5592857646942138
1105,,,,,,,1.7984343719482423
1106,,,,,,,1.5705825996398926
1107,,,,,,,1.6358125829696655
1108,,,,,,,1.5162356758117677
1109,,,,,,,1.6811289930343627
1110,,,,,,,1.6740996170043945
1111,,,,,,,1.8315940284729004
1112,,,,,,,1.7614988708496093
1113,,,,,,,1.7144590950012206
1114,,,,,,,1.692496943473816
1115,,,,,,,1.651568522453308
1116,,,,,,,1.5382487154006959
1117,,,,,,,1.8775551891326905
1118,,,,,,,1.5318218660354614
1119,,,,,,,1.6581146812438965
1120,,,,,,,1.66180832862854
1121,,,,,,,1.5016262817382813
1122,,,,,,,1.7236552333831787
1123,,,,,,,1.5359445571899415
1124,,,,,,,1.7605590629577637
1125,,,,,,,1.6892346382141112
1126,,,,,,,1.7336135578155518
1127,,,,,,,2.0442218255996703
1128,,,,,,,1.652327480316162
1129,,,,,,,1.6452300643920899
1130,,,,,,,1.9403756332397462
1131,,,,,,,1.707133183479309
1132,,,,,,,1.8082100915908814
1133,,,,,,,1.6328289985656739
1134,,,,,,,1.6197662687301635
1135,,,,,,,1.5645144414901733
1136,,,,,,,1.6571899604797364
1137,,,,,,,1.6379932212829589
1138,,,,,,,1.5337636041641236
1139,,,,,,,1.5584789800643921
1140,,,,,,,1.5694243335723876
1141,,,,,,,1.6341431188583373
1142,,,,,,,1.4772215843200684
1143,,,,,,,1.540265817642212
1144,,,,,,,1.4777755546569824
1145,,,,,,,2.1993846988677976
1146,,,,,,,1.4662952613830567
1147,,,,,,,1.4107043600082398
1148,,,,,,,1.4325523376464844
1149,,,,,,,1.5775777006149292
1150,,,,,,,1.5297878789901733
1151,,,,,,,1.5736557531356812
1152,,,,,,,1.459646978378296
1153,,,,,,,1.7592072105407714
1154,,,,,,,1.7023306369781495
1155,,,,,,,1.6058268117904664
1156,,,,,,,1.6511176204681397
1157,,,,,,,1.5051041793823243
1158,,,,,,,1.5816097593307494
1159,,,,,,,1.4642461824417115
1160,,,,,,,1.5546742677688599
1161,,,,,,,1.7048600578308106
1162,,,,,,,1.454421067237854
1163,,,,,,,1.5384446096420288
1164,,,,,,,1.4800813102722168
1165,,,,,,,1.3597398614883422
1166,,,,,,,1.4589666175842284
1167,,,,,,,1.4986042499542236
1168,,,,,,,1.4958675479888917
1169,,,,,,,1.6661441707611084
1170,,,,,,,1.3947278022766114
1171,,,,,,,1.410097360610962
1172,,,,,,,1.4141330099105835
1173,,,,,,,1.5473438549041747
1174,,,,,,,1.359573540687561
1175,,,,,,,1.323941855430603
1176,,,,,,,1.5104190158843993
1177,,,,,,,1.4513615894317626
1178,,,,,,,1.5428882217407227
1179,,,,,,,1.445149531364441
1180,,,,,,,1.5514747047424315
1181,,,,,,,1.4967283344268798
1182,,,,,,,1.4604027652740479
1183,,,,,,,1.4671798658370971
1184,,,,,,,1.3917078876495361
1185,,,,,,,1.5237763500213624
1186,,,,,,,1.4734378814697267
1187,,,,,,,1.3727334499359132
1188,,,,,,,1.3601116704940797
1189,,,,,,,1.423851399421692
1190,,,,,,,1.329055438041687
1191,,,,,,,1.457401580810547
1192,,,,,,,1.3929915046691894
1193,,,,,,,1.3388270473480224
1194,,,,,,,1.4588619375228882
1195,,,,,,,1.4078950786590576
1196,,,,,,,1.3665773391723632
1197,,,,,,,1.4225661945343018
1198,,,,,,,1.3716426420211791
1199,,,,,,,1.2557742261886597
1200,,,,,,,1.238556933403015
1201,,,,,,,1.4440955781936646
1202,,,,,,,1.3266649675369262
1203,,,,,,,1.3361760044097901
1204,,,,,,,1.3024906349182128
1205,,,,,,,1.3557349252700805
1206,,,,,,,1.3587144899368286
1207,,,,,,,1.2694010210037232
1208,,,,,,,1.604154839515686
1209,,,,,,,1.3590108823776246
1210,,,,,,,1.5733895587921143
1211,,,,,,,8.773227682113648
1212,,,,,,,2.4327096366882324
1213,,,,,,,2.1424094343185427
1214,,,,,,,1.8583419036865234
1215,,,,,,,1.650800151824951
1216,,,,,,,1.67051353931427
1217,,,,,,,1.6118440437316894
1218,,,,,,,1.6393611669540404
1219,,,,,,,1.5463405513763429
1220,,,,,,,1.7047481393814088
1221,,,,,,,1.5856441164016724
1222,,,,,,,1.5460034894943238
1223,,,,,,,1.5274986267089843
1224,,,,,,,1.438550772666931
1225,,,,,,,1.4747557878494262
1226,,,,,,,1.5462184000015258
1227,,,,,,,1.5341636228561402
1228,,,,,,,1.4635341358184815
1229,,,,,,,1.4187377643585206
1230,,,,,,,1.4678773260116578
1231,,,,,,,1.4697932147979735
1232,,,,,,,1.4382803916931153
1233,,,,,,,1.5056368589401246
1234,,,,,,,1.45904709815979
1235,,,,,,,1.3958392763137817
1236,,,,,,,1.3635731410980225
1237,,,,,,,1.3992955493927002
1238,,,,,,,1.373625979423523
1239,,,,,,,1.5042430543899536
1240,,,,,,,1.428720507621765
1241,,,,,,,1.3435023307800293
1242,,,,,,,1.4154522943496703
1243,,,,,,,1.4274334716796875
1244,,,,,,,1.4464044666290283
1245,,,,,,,1.3339474296569824
1246,,,,,,,1.3706077671051025
1247,,,,,,,1.4388451814651488
1248,,,,,,,1.3952393484115602
1249,,,,,,,1.3084181308746339
1250,,,,,,,1.3570028972625732
1251,,,,,,,1.4272593641281128
1252,,,,,,,1.4065739870071412
1253,,,,,,,1.3313297939300537
1254,,,,,,,1.332958459854126
1255,,,,,,,1.330478916168213
1256,,,,,,,1.332886528968811
1257,,,,,,,1.3100816535949706
1258,,,,,,,1.3089230871200561
1259,,,,,,,1.3115517616271972
1260,,,,,,,1.3454230070114135
1261,,,,,,,1.3149527645111083
1262,,,,,,,1.2633627605438233
1263,,,,,,,1.3297308826446532
1264,,,,,,,1.2293598937988282
1265,,,,,,,1.3605592012405396
1266,,,,,,,1.3322284841537475
1267,,,,,,,1.2751458549499513
1268,,,,,,,1.2252547311782838
1269,,,,,,,1.2548416948318482
1270,,,,,,,1.3370775938034059
1271,,,,,,,1.2247648048400879
1272,,,,,,,1.2350790691375733
1273,,,,,,,1.3094576168060303
1274,,,,,,,1.218687617778778
1275,,,,,,,1.2446657609939575
1276,,,,,,,1.186085386276245
1277,,,,,,,1.257076587677002
1278,,,,,,,1.1814299988746644
1279,,,,,,,1.1777680540084838
1280,,,,,,,1.1868629407882691
1281,,,,,,,1.3469970941543579
1282,,,,,,,1.182360017299652
1283,,,,,,,1.2347088384628295
1284,,,,,,,1.1328875303268433
1285,,,,,,,1.2595218873023988
1286,,,,,,,1.1014620018005372
1287,,,,,,,1.104873628616333
1288,,,,,,,1.201443600654602
1289,,,,,,,1.1407621669769288
1290,,,,,,,1.1382981967926025
1291,,,,,,,1.140184245109558
1292,,,,,,,1.1390547466278076
1293,,,,,,,1.0848085594177246
1294,,,,,,,1.0989268255233764
1295,,,,,,,1.1562808322906495
1296,,,,,,,1.2482069611549378
1297,,,,,,,1.1577657413482667
1298,,,,,,,1.2411002826690674
1299,,,,,,,1.1249156069755555
1300,,,,,,,1.1688672614097595
1301,,,,,,,1.0613839530944824
1302,,,,,,,1.0488333749771117
1303,,,,,,,1.1190604400634765
1304,,,,,,,1.0513875007629394
1305,,,,,,,1.056731321811676
1306,,,,,,,1.1740234661102296
1307,,,,,,,1.0698163032531738
1308,,,,,,,0.9798926615715027
1309,,,,,,,1.1351843476295471
1310,,,,,,,1.107543137073517
1311,,,,,,,1.498197832107544
1312,,,,,,,1.2495297384262085
1313,,,,,,,1.0797508239746094
1314,,,,,,,1.196070475578308
1315,,,,,,,1.0979059886932374
1316,,,,,,,1.0549592351913453
1317,,,,,,,1.0762619161605835
1318,,,,,,,1.1533379936218262
1319,,,,,,,1.1020285081863403
1320,,,,,,,1.1646263027191162
1321,,,,,,,1.1652953433990478
1322,,,,,,,1.0487509536743165
1323,,,,,,,0.9885294628143311
1324,,,,,,,1.1092487621307372
1325,,,,,,,1.0744603300094604
1326,,,,,,,1.1672369480133056
1327,,,,,,,1.4226327061653137
1328,,,,,,,1.286006007194519
1329,,,,,,,1.024989323616028
1330,,,,,,,1.0910543537139892
1331,,,,,,,1.0814547848701477
1332,,,,,,,1.1834231901168824
1333,,,,,,,1.0437672066688537
1334,,,,,,,1.0672028827667237
1335,,,,,,,1.2611374711990357
1336,,,,,,,0.9513438057899475
1337,,,,,,,1.1269779646396636
1338,,,,,,,1.2526056385040283
1339,,,,,,,1.0065362548828125
1340,,,,,,,0.9939107799530029
1341,,,,,,,0.9925706100463867
1342,,,,,,,1.0351879167556763
1343,,,,,,,1.1436604261398315
1344,,,,,,,1.0423031425476075
1345,,,,,,,1.1154819965362548
1346,,,,,,,1.2217513227462768
1347,,,,,,,0.9519298386573791
1348,,,,,,,1.0989686822891236
1349,,,,,,,0.999326331615448
1350,,,,,,,1.0862042617797851
1351,,,,,,,0.921386935710907
1352,,,,,,,1.0251569843292236
1353,,,,,,,1.0029089498519896
1354,,,,,,,1.1198566007614135
1355,,,,,,,1.0966358399391174
1356,,,,,,,1.0373413038253785
1357,,,,,,,1.1230159139633178
1358,,,,,,,1.1353508043289184
1359,,,,,,,0.9767300772666931
1360,,,,,,,0.9819285917282105
1361,,,,,,,0.9805625247955322
1362,,,,,,,0.9375912976264954
1363,,,,,,,0.9283679485321045
1364,,,,,,,1.0986898970603942
1365,,,,,,,1.021662983894348
1366,,,,,,,1.0830055809020995
1367,,,,,,,1.0328064775466919
1368,,,,,,,0.9729823470115662
1369,,,,,,,1.0210155367851257
1370,,,,,,,1.1131165885925294
1371,,,,,,,1.072581033706665
1372,,,,,,,1.2084375190734864
1373,,,,,,,1.0233121395111084
1374,,,,,,,1.1540807223320007
1375,,,,,,,0.8801271104812622
1376,,,,,,,0.916408715248108
1377,,,,,,,0.9975559902191162
1378,,,,,,,1.0715876698493958
1379,,,,,,,0.8627472686767578
1380,,,,,,,0.9765665435791016
1381,,,,,,,1.0560868287086487
1382,,,,,,,0.9628473210334778
1383,,,,,,,0.9726506304740906
1384,,,,,,,1.1692533445358277
1385,,,,,,,1.0362290525436402
1386,,,,,,,0.8971940994262695
1387,,,,,,,0.9474780464172363
1388,,,,,,,0.9666100335121155
1389,,,,,,,1.076900463104248
1390,,,,,,,0.9817966651916504
1391,,,,,,,1.0144587993621825
1392,,,,,,,1.0839989471435547
1393,,,,,,,0.9987451696395874
1394,,,,,,,1.05613205909729
1395,,,,,,,1.0653996586799621
1396,,,,,,,0.9654257774353028
1397,,,,,,,0.8547505021095276
1398,,,,,,,0.8392079448699952
1399,,,,,,,0.9629740715026855
1400,,,,,,,0.7978676652908325
1401,,,,,,,0.9120624828338623
1402,,,,,,,0.9530935430526734
1403,,,,,,,0.9631819200515747
1404,,,,,,,0.9005846691131592
1405,,,,,,,0.9180114889144897
1406,,,,,,,0.8836006498336793
1407,,,,,,,1.083320870399475
1408,,,,,,,0.8508820414543152
1409,,,,,,,0.9219429349899292
1410,,,,,,,1.0045648169517518
1411,,,,,,,1.0434587574005127
1412,,,,,,,0.9239967823028564
1413,,,,,,,0.9542528510093689
1414,,,,,,,1.0309760999679565
1415,,,,,,,0.8981807613372803
1416,,,,,,,0.8715600347518921
1417,,,,,,,0.8190087795257568
1418,,,,,,,0.9640511965751648
1419,,,,,,,0.8338358521461486
1420,,,,,,,0.857986125946045
1421,,,,,,,1.010872755050659
1422,,,,,,,0.9614313459396362
1423,,,,,,,0.9323826432228088
1424,,,,,,,0.7738387060165405
1425,,,,,,,0.8503719353675843
1426,,,,,,,0.8220109987258911
1427,,,,,,,0.9561452388763427
1428,,,,,,,0.9138576221466065
1429,,,,,,,0.7624890422821045
1430,,,,,,,0.8344674134254455
1431,,,,,,,0.7458636665344238
1432,,,,,,,0.7847089004516602
1433,,,,,,,0.9657886624336243
1434,,,,,,,0.769707465171814
1435,,,,,,,0.7020492362976074
1436,,,,,,,0.9009099531173707
1437,,,,,,,0.944287188053131
1438,,,,,,,0.769557728767395
1439,,,,,,,1.034291615486145
1440,,,,,,,1.0259832096099855
1441,,,,,,,0.8322386884689331
1442,,,,,,,0.8872141313552856
1443,,,,,,,0.9991269779205322
1444,,,,,,,1.3219164323806762
1445,,,,,,,1.0037855172157288
1446,,,,,,,0.9542202758789062
1447,,,,,,,0.9828617238998413
1448,,,,,,,0.9519272375106812
1449,,,,,,,0.8386833095550537
1450,,,,,,,0.9314616799354554
1451,,,,,,,0.7492452192306519
1452,,,,,,,0.7863939094543457
1453,,,,,,,1.021426763534546
1454,,,,,,,0.9070242357254028
1455,,,,,,,0.838813738822937
1456,,,,,,,0.7913554251194
1457,,,,,,,0.8613815999031067
1458,,,,,,,0.7572703075408935
1459,,,,,,,0.8548378872871399
1460,,,,,,,0.8247780239582062
1461,,,,,,,0.8615443396568299
1462,,,,,,,0.7871331071853638
1463,,,,,,,0.7211532354354858
1464,,,,,,,0.8368956851959228
1465,,,,,,,0.7593737220764161
1466,,,,,,,0.8550610160827636
1467,,,,,,,0.7161855936050415
1468,,,,,,,0.8087954354286194
1469,,,,,,,0.8309620094299316
1470,,,,,,,0.9534083271026611
1471,,,,,,,0.8100031805038452
1472,,,,,,,0.823640010356903
1473,,,,,,,0.8920827889442444
1474,,,,,,,0.80883624792099
1475,,,,,,,0.782303957939148
1476,,,,,,,0.737192919254303
1477,,,,,,,0.710113456249237
1478,,,,,,,0.8018213391304017
1479,,,,,,,0.8572971105575562
1480,,,,,,,0.8704619789123536
1481,,,,,,,0.9140917778015136
1482,,,,,,,0.787975103855133
1483,,,,,,,0.8499769699573517
1484,,,,,,,0.6725454044342041
1485,,,,,,,0.7630973768234253
1486,,,,,,,0.645540908575058
1487,,,,,,,0.982278413772583
1488,,,,,,,0.9977763843536377
1489,,,,,,,0.8859643030166626
1490,,,,,,,0.9052523565292359
1491,,,,,,,0.8744370937347412
1492,,,,,,,0.8005971288681031
1493,,,,,,,0.839810676574707
1494,,,,,,,0.9191254639625549
1495,,,,,,,1.033198208808899
1496,,,,,,,0.9118770551681519
1497,,,,,,,0.7566710472106933
1498,,,,,,,0.855063042640686
1499,,,,,,,0.7662485551834106
1500,,,,,,,0.7799506187438965
1501,,,,,,,0.9259711956977844
1502,,,,,,,0.7982044506072998
1503,,,,,,,0.8688253831863403
1504,,,,,,,0.7422696375846862
1505,,,,,,,0.7869542980194092
1506,,,,,,,0.8304734134674072
1507,,,,,,,0.7711449861526489
1508,,,,,,,1.041942172050476
1509,,,,,,,0.941077184677124
1510,,,,,,,0.943976948261261
1511,,,,,,,0.7689208793640137
1512,,,,,,,0.7869918251037598
1513,,,,,,,0.7341808152198791
1514,,,,,,,0.7293035769462586
1515,,,,,,,0.6860193991661072
1516,,,,,,,0.786009066104889
1517,,,,,,,0.7076030516624451
1518,,,,,,,0.6816133403778076
1519,,,,,,,0.7272620248794556
1520,,,,,,,0.7419039583206177
1521,,,,,,,0.8079638671875
1522,,,,,,,0.7815861868858337
1523,,,,,,,0.7807408618927002
1524,,,,,,,0.7723404741287232
1525,,,,,,,1.3602123260498047
1526,,,,,,,0.9482401204109192
1527,,,,,,,0.8244731259346009
1528,,,,,,,0.8206528997421265
1529,,,,,,,0.8518175196647644
1530,,,,,,,0.8409510850906372
1531,,,,,,,1.1959127759933472
1532,,,,,,,1.0245575094223023
1533,,,,,,,0.7806713962554932
1534,,,,,,,0.7048871421813965
1535,,,,,,,0.7322400665283203
1536,,,,,,,0.7791981363296508
1537,,,,,,,0.818348400592804
1538,,,,,,,0.7765316414833069
1539,,,,,,,0.791037871837616
1540,,,,,,,0.8526772904396057
1541,,,,,,,0.635731725692749
1542,,,,,,,0.612779188156128
1543,,,,,,,0.7426052379608155
1544,,,,,,,0.7901540398597717
1545,,,,,,,0.6953428411483764
1546,,,,,,,0.676832206249237
1547,,,,,,,0.6533470964431762
1548,,,,,,,0.6337656927108765
1549,,,,,,,0.5977375972270965
1550,,,,,,,0.6736267924308776
1551,,,,,,,0.8178658151626587
1552,,,,,,,0.581209306716919
1553,,,,,,,0.6580385422706604
1554,,,,,,,0.6118285465240478
1555,,,,,,,0.6383016300201416
1556,,,,,,,0.5939111971855163
1557,,,,,,,0.821192831993103
1558,,,,,,,0.721420886516571
1559,,,,,,,0.7570641374588013
1560,,,,,,,0.5853432512283325
1561,,,,,,,0.8392642879486084
1562,,,,,,,0.6296411603689194
1563,,,,,,,0.5678088104724884
1564,,,,,,,0.5893848133087158
1565,,,,,,,0.5611837005615234
1566,,,,,,,0.6279413270950317
1567,,,,,,,0.9096668100357056
1568,,,,,,,0.889108350276947
1569,,,,,,,0.6508277750015259
1570,,,,,,,0.6728880071640014
1571,,,,,,,1.3158751487731934
1572,,,,,,,0.8206310892105102
1573,,,,,,,0.6811895370483398
1574,,,,,,,0.6771214246749878
1575,,,,,,,0.8813096880912781
1576,,,,,,,0.8887979745864868
1577,,,,,,,0.6810975122451782
1578,,,,,,,0.752685432434082
1579,,,,,,,0.6661331343650818
1580,,,,,,,0.9414162850379943
1581,,,,,,,0.7497683954238892
1582,,,,,,,0.7335182523727417
1583,,,,,,,0.5257933688163757
1584,,,,,,,0.6507749551534653
1585,,,,,,,0.6008713388442993
1586,,,,,,,0.8936127316951752
1587,,,,,,,0.9573194169998169
1588,,,,,,,0.7547856950759888
1589,,,,,,,0.6419663429260254
1590,,,,,,,0.6642155265808105
1591,,,,,,,0.5820101428031922
1592,,,,,,,0.6106288361549378
1593,,,,,,,0.5800927424430847
1594,,,,,,,0.5888292670249939
1595,,,,,,,0.6534515810012818
1596,,,,,,,0.5187956118583679
1597,,,,,,,0.671708059310913
1598,,,,,,,0.716936445236206
1599,,,,,,,0.5928459978103637
1600,,,,,,,0.48670340538024903
1601,,,,,,,0.6025661945343017
1602,,,,,,,0.6209237694740295
1603,,,,,,,0.7243954420089722
1604,,,,,,,0.7104019290208816
1605,,,,,,,0.6262390160560608
1606,,,,,,,0.668404900431633
1607,,,,,,,0.6162604236602783
1608,,,,,,,0.4744258880615234
1609,,,,,,,0.6969199180603027
1610,,,,,,,0.7419473314285279
1611,,,,,,,0.5974213647842407
1612,,,,,,,0.5553910851478576
1613,,,,,,,4.2235661268234255
1614,,,,,,,0.774429726600647
1615,,,,,,,0.6897114324569702
1616,,,,,,,0.670057430267334
1617,,,,,,,0.6463040709495544
1618,,,,,,,0.6490477585792541
1619,,,,,,,0.6488820075988769
1620,,,,,,,0.8016857194900513
1621,,,,,,,0.5386197590827941
1622,,,,,,,0.5738081753253936
1623,,,,,,,0.5513160037994385
1624,,,,,,,2.150802834033966
1625,,,,,,,0.7663282084465027
1626,,,,,,,0.8591116380691528
1627,,,,,,,0.7670677661895752
1628,,,,,,,0.8044574904441834
1629,,,,,,,0.7841875720024108
1630,,,,,,,0.6508997631072998
1631,,,,,,,0.7382615089416504
1632,,,,,,,0.6129591655731201
1633,,,,,,,0.6534343445301056
1634,,,,,,,0.6751353883743286
1635,,,,,,,0.6535430979728699
1636,,,,,,,0.6619996643066406
1637,,,,,,,0.6485603260993957
1638,,,,,,,0.6270568799972535
1639,,,,,,,0.5721099948883057
1640,,,,,,,0.5625449514389038
1641,,,,,,,0.5429979568719864
1642,,,,,,,0.5109917640686035
1643,,,,,,,0.5343831062316895
1644,,,,,,,0.6879388093948364
1645,,,,,,,0.4911579620838165
1646,,,,,,,0.5117186951637268
1647,,,,,,,0.5284732294082641
1648,,,,,,,0.7511215710639954
1649,,,,,,,0.7076349401473999
1650,,,,,,,1.1822539758682251
1651,,,,,,,0.6650755834579468
1652,,,,,,,0.8483600378036499
1653,,,,,,,0.7050119876861572
1654,,,,,,,0.5789046788215637
1655,,,,,,,0.551782283782959
1656,,,,,,,0.52736825466156
1657,,,,,,,0.5253376078605652
1658,,,,,,,0.4886922764778137
1659,,,,,,,0.5464892435073853
1660,,,,,,,0.5642235553264618
1661,,,,,,,0.5992665457725525
1662,,,,,,,0.5938721942901611
1663,,,,,,,0.519041724205017
1664,,,,,,,0.5548214316368103
1665,,,,,,,0.4884502458572388
1666,,,,,,,0.41087435007095335
1667,,,,,,,0.5204037934541702
1668,,,,,,,0.6173630714416504
1669,,,,,,,0.8935253381729126
1670,,,,,,,0.9911157512664794
1671,,,,,,,0.6233943557739258
1672,,,,,,,0.5741432332992553
1673,,,,,,,0.5967821407318116
1674,,,,,,,0.7030894756317139
1675,,,,,,,0.8092848062515259
1676,,,,,,,0.7765128254890442
1677,,,,,,,0.737095263004303
1678,,,,,,,0.8071292066574096
1679,,,,,,,0.6855788755416871
1680,,,,,,,0.6931311559677124
1681,,,,,,,0.6068813467025757
1682,,,,,,,0.5613255143165589
1683,,,,,,,0.5536466407775879
1684,,,,,,,0.5549583411216736
1685,,,,,,,0.6056589460372925
1686,,,,,,,0.5188428521156311
1687,,,,,,,0.7825122332572937
1688,,,,,,,0.4694096851348877
1689,,,,,,,0.42614094495773314
1690,,,,,,,0.550995831489563
1691,,,,,,,0.7378946900367737
1692,,,,,,,0.6119720256328582
1693,,,,,,,0.6346045428514481
1694,,,,,,,0.5425284051895142
1695,,,,,,,0.47362159252166747
1696,,,,,,,0.5364675605297089
1697,,,,,,,0.498196964263916
1698,,,,,,,0.5050327718257904
1699,,,,,,,0.4326542842388153
1700,,,,,,,0.6795370984077453
1701,,,,,,,0.5416629910469055
1702,,,,,,,0.4730697703361511
1703,,,,,,,0.46595206260681155
1704,,,,,,,0.4549982404708862
1705,,,,,,,0.5357729017734527
1706,,,,,,,0.5661265778541565
1707,,,,,,,0.5451660108566284
1708,,,,,,,0.49647279024124147
1709,,,,,,,0.47413183450698854
1710,,,,,,,0.37290522873401644
1711,,,,,,,0.4892073678970337
1712,,,,,,,0.6147047281265259
1713,,,,,,,0.5881140112876893
1714,,,,,,,0.6275041222572326
1715,,,,,,,0.7229668688774109
1716,,,,,,,0.9899529576301574
1717,,,,,,,0.5697112607955933
1718,,,,,,,0.5199683678150177
1719,,,,,,,0.47398114800453184
1720,,,,,,,0.5564248394966126
1721,,,,,,,0.6209027767181396
1722,,,,,,,0.4761317586898804
1723,,,,,,,0.5493622851371766
1724,,,,,,,0.5163888454437255
1725,,,,,,,0.47244894862174985
1726,,,,,,,0.6508311724662781
1727,,,,,,,0.7855344176292419
1728,,,,,,,0.5703381794691086
1729,,,,,,,0.4045545476675034
1730,,,,,,,0.43619435727596284
1731,,,,,,,3.2797321319580077
1732,,,,,,,1.2429167175292968
1733,,,,,,,1.0984789848327636
1734,,,,,,,1.0041555643081665
1735,,,,,,,0.8166878080368042
1736,,,,,,,0.8367165207862854
1737,,,,,,,0.8691396808624268
1738,,,,,,,0.8105726099014282
1739,,,,,,,0.8524287676811219
1740,,,,,,,0.8524208641052247
1741,,,,,,,0.738027184009552
1742,,,,,,,0.7488863039016723
1743,,,,,,,0.7180609464645386
1744,,,,,,,0.737534852027893
1745,,,,,,,0.7488863086700439
1746,,,,,,,0.6879932570457459
1747,,,,,,,0.6973572063446045
1748,,,,,,,0.6846867513656616
1749,,,,,,,0.6419320440292359
1750,,,,,,,0.6418335342407226
1751,,,,,,,0.6745729851722717
1752,,,,,,,0.6274335741996765
1753,,,,,,,0.6489167380332946
1754,,,,,,,0.6295420670509339
1755,,,,,,,0.6124371981620789
1756,,,,,,,0.5879598760604858
1757,,,,,,,0.5315612864494323
1758,,,,,,,0.5810969018936157
1759,,,,,,,0.524378377199173
1760,,,,,,,0.6038558125495911
1761,,,,,,,0.5254001998901368
1762,,,,,,,0.5403783017396927
1763,,,,,,,0.5339237332344056
1764,,,,,,,0.5386913847923279
1765,,,,,,,0.6208970952033996
1766,,,,,,,0.5230062460899353
1767,,,,,,,0.48519092559814453
1768,,,,,,,0.5069867992401123
1769,,,,,,,0.5737688195705414
1770,,,,,,,0.5285726952552795
1771,,,,,,,0.5001939082145691
1772,,,,,,,0.4831224322319031
1773,,,,,,,1.2717712783813477
1774,,,,,,,0.5442836570739746
1775,,,,,,,1.2491646540164947
1776,,,,,,,0.47690414667129516
1777,,,,,,,0.4592169439792633
1778,,,,,,,0.47700562596321106
1779,,,,,,,0.8919769334793091
1780,,,,,,,1.7925833463668823
1781,,,,,,,0.8755644297599793
1782,,,,,,,0.7223072814941406
1783,,,,,,,0.675003342628479
1784,,,,,,,0.6760432171821594
1785,,,,,,,0.6942765831947326
1786,,,,,,,0.6506685996055603
1787,,,,,,,0.662230978012085
1788,,,,,,,0.5610741233825683
1789,,,,,,,0.5486609840393066
1790,,,,,,,0.5646921014785766
1791,,,,,,,0.5805348539352417
1792,,,,,,,0.6117402243614197
1793,,,,,,,0.5449781465530396
1794,,,,,,,0.506975200176239
1795,,,,,,,0.5327683907747268
1796,,,,,,,0.549157886505127
1797,,,,,,,0.7077457785606385
1798,,,,,,,0.5534976232051849
1799,,,,,,,0.551438319683075
1800,,,,,,,0.5129499673843384
1801,,,,,,,0.6786572408676147
1802,,,,,,,0.6620379626750946
1803,,,,,,,0.5112648844718933
1804,,,,,,,0.5054883527755737
1805,,,,,,,0.5134224176406861
1806,,,,,,,0.5496187961101532
1807,,,,,,,0.5750285601615905
1808,,,,,,,0.46013597905635834
1809,,,,,,,0.5231601810455322
1810,,,,,,,0.43501580715179444
1811,,,,,,,0.6203935194015503
1812,,,,,,,0.5288324117660522
1813,,,,,,,0.4606985741853714
1814,,,,,,,0.49198134303092955
1815,,,,,,,0.449818000793457
1816,,,,,,,0.8378637945652008
1817,,,,,,,0.42326427102088926
1818,,,,,,,0.5640673542022705
1819,,,,,,,0.6257806730270385
1820,,,,,,,0.40964329957962037
1821,,,,,,,0.4983180570602417
1822,,,,,,,0.4514472413063049
1823,,,,,,,0.4297860264778137
1824,,,,,,,0.3993785357475281
1825,,,,,,,0.4681464660167694
1826,,,,,,,0.48299394845962523
1827,,,,,,,0.6158414268493653
1828,,,,,,,0.4991080123186111
1829,,,,,,,0.43526760578155516
1830,,,,,,,0.577865343093872
1831,,,,,,,0.4926925826072693
1832,,,,,,,0.47114962100982666
1833,,,,,,,0.46672466993331907
1834,,,,,,,0.35182502508163455
1835,,,,,,,0.5804845374822617
1836,,,,,,,0.5717955243587494
1837,,,,,,,0.5023004883527755
1838,,,,,,,0.4088886845111847
1839,,,,,,,0.4466054129600525
1840,,,,,,,0.46133598804473874
1841,,,,,,,0.8738898396492004
1842,,,,,,,0.46055137693881987
1843,,,,,,,0.4204326295852661
1844,,,,,,,0.3784437483549118
1845,,,,,,,0.6998102831840515
1846,,,,,,,0.4436091446876526
1847,,,,,,,0.4442810320854187
1848,,,,,,,0.5993309116363525
1849,,,,,,,0.5787412858009339
1850,,,,,,,0.5417039942741394
1851,,,,,,,0.5761735677719116
1852,,,,,,,0.468833794593811
1853,,,,,,,0.5566005229949951
1854,,,,,,,0.48336277961730956
1855,,,,,,,0.49473100185394286
1856,,,,,,,0.48159021854400635
1857,,,,,,,0.6175949215888977
1858,,,,,,,0.796999945640564
1859,,,,,,,0.5310968208312988
1860,,,,,,,0.3904834628105164
1861,,,,,,,0.41333739161491395
1862,,,,,,,0.41791449606418607
1863,,,,,,,0.5527556610107421
1864,,,,,,,0.6052346086502075
1865,,,,,,,0.393343358039856
1866,,,,,,,0.5788781142234802
1867,,,,,,,0.5229364109039306
1868,,,,,,,0.4653229284286499
1869,,,,,,,0.5487470734119415
1870,,,,,,,0.5308630704879761
1871,,,,,,,0.5517289578914643
1872,,,,,,,0.4477297854423523
1873,,,,,,,0.4427884244918823
1874,,,,,,,0.43824727773666383
1875,,,,,,,0.7983809828758239
1876,,,,,,,0.7181823617219925
1877,,,,,,,0.5685792690515519
1878,,,,,,,0.5051365542411804
1879,,,,,,,0.4909556436538696
1880,,,,,,,0.4054023963212967
1881,,,,,,,0.4920532697439194
1882,,,,,,,0.43126839876174927
1883,,,,,,,0.43883925199508667
1884,,,,,,,0.4479132670164108
1885,,,,,,,0.447228102684021
1886,,,,,,,0.33768234014511106
1887,,,,,,,0.37965678215026855
1888,,,,,,,0.3421447229385376
1889,,,,,,,0.3495516788959503
1890,,,,,,,0.3351691675186157
1891,,,,,,,0.43220545530319215
1892,,,,,,,0.5807908749580384
1893,,,,,,,0.8175539857149124
1894,,,,,,,0.41129031240940095
1895,,,,,,,0.3348966574668884
1896,,,,,,,0.39130311727523803
1897,,,,,,,0.32155791282653806
1898,,,,,,,0.4677639651298523
1899,,,,,,,0.3783716082572937
1900,,,,,,,0.4712639659643173
1901,,,,,,,0.3544625782966614
1902,,,,,,,0.4309966039657593
1903,,,,,,,0.2836489719152451
1904,,,,,,,0.3717511582374573
1905,,,,,,,0.34467957019805906
1906,,,,,,,0.6040586966276169
1907,,,,,,,0.6158707189559937
1908,,,,,,,0.556860761642456
1909,,,,,,,0.45785798609256745
1910,,,,,,,0.44113603949546815
1911,,,,,,,0.37035910129547117
1912,,,,,,,0.3814775562286377
1913,,,,,,,0.3809564232826233
1914,,,,,,,0.4955149269104004
1915,,,,,,,0.3043787336349487
1916,,,,,,,0.3451386076211929
1917,,,,,,,0.47353184342384336
1918,,,,,,,0.3527308124303818
1919,,,,,,,0.2994844764471054
1920,,,,,,,0.8191205978393554
1921,,,,,,,0.6231565499305725
1922,,,,,,,0.35305157363414763
1923,,,,,,,0.4170363450050354
1924,,,,,,,0.3828970521688461
1925,,,,,,,0.38518953561782837
1926,,,,,,,0.4547854208946228
1927,,,,,,,0.250055330991745
1928,,,,,,,0.40831120252609254
1929,,,,,,,0.4007096415758133
1930,,,,,,,0.38489055037498476
1931,,,,,,,0.5425513923168183
1932,,,,,,,0.4269310259819031
1933,,,,,,,0.33966516494750976
1934,,,,,,,0.3112381935119629
1935,,,,,,,0.27635171115398405
1936,,,,,,,0.38244813919067383
1937,,,,,,,0.27973941326141355
1938,,,,,,,0.2546607685089111
1939,,,,,,,0.3560858219861984
1940,,,,,,,0.31319024324417116
1941,,,,,,,0.3265403342247009
1942,,,,,,,0.6010219144821167
1943,,,,,,,0.4525311517715454
1944,,,,,,,0.30225790321826934
1945,,,,,,,0.35325547695159915
1946,,,,,,,0.3715206503868103
1947,,,,,,,0.3747958946228027
1948,,,,,,,0.3356666576862335
1949,,,,,,,0.4114891147613525
1950,,,,,,,0.49480633020401
1951,,,,,,,0.3307333564758301
1952,,,,,,,0.28452481269836427
1953,,,,,,,0.2715744376182556
1954,,,,,,,0.2950636899471283
1955,,,,,,,0.24922766864299775
1956,,,,,,,0.4816456717252731
1957,,,,,,,0.3045923209190369
1958,,,,,,,0.4716534376144409
1959,,,,,,,0.4101936531066894
1960,,,,,,,0.5438053965568542
1961,,,,,,,0.3315370297431946
1962,,,,,,,0.3186498534679413
1963,,,,,,,0.4377730393409729
1964,,,,,,,0.58382936835289
1965,,,,,,,0.5025018644332886
1966,,,,,,,0.526253137588501
1967,,,,,,,0.5728636121749878
1968,,,,,,,0.5311546671390533
1969,,,,,,,0.3255220925807953
1970,,,,,,,0.32213647544384005
1971,,,,,,,0.37783407390117646
1972,,,,,,,0.40493682384490964
1973,,,,,,,0.4228406071662903
1974,,,,,,,0.43962860822677613
1975,,,,,,,0.31599883079528807
1976,,,,,,,0.35681176364421846
1977,,,,,,,0.3144280743598938
1978,,,,,,,0.29497825145721435
1979,,,,,,,0.5336558055877686
1980,,,,,,,0.2863148784637451
1981,,,,,,,0.4055559539794922
1982,,,,,,,0.5174763631820679
1983,,,,,,,0.3941598844528198
1984,,,,,,,0.3836221557855606
1985,,,,,,,0.3215363442897797
1986,,,,,,,0.533273856639862
1987,,,,,,,0.3667288887500763
1988,,,,,,,0.4432486796379089
1989,,,,,,,0.5390223002433777
1990,,,,,,,0.4786181616783142
1991,,,,,,,0.3726568913459778
1992,,,,,,,0.28271683037281037
1993,,,,,,,0.3393106746673584
1994,,,,,,,0.23893244743347167
1995,,,,,,,0.6125650334358216
1996,,,,,,,0.4641835689544678
1997,,,,,,,0.8474925017356872
1998,,,,,,,0.6233451390266418
1999,,,,,,,0.4370251226425171
