,xte_0,xte_1,yte_0,modelte_0,epi_0
0,-2.0,-2.0,3.9455978889087944,0.09115465,0.99999994
1,-1.8666666666666667,-2.0,4.00978398952416,0.3923025,0.99999994
2,-1.7333333333333334,-2.0,4.0793328325168625,0.6594901,0.99999994
3,-1.6,-2.0,4.123669780834369,0.9266776,0.99999994
4,-1.4666666666666668,-2.0,4.118295027682019,1.1906776,0.99999994
5,-1.3333333333333335,-2.0,4.056122684589194,1.4509695,0.99999994
6,-1.2,-2.0,3.9534307502969424,1.5895214,0.99999994
7,-1.0666666666666667,-2.0,3.8475007390691545,1.6593217,0.99999994
8,-0.9333333333333333,-2.0,3.785938232031315,1.6333677,0.99999994
9,-0.8,-2.0,3.810799376153293,1.5791093,0.99999994
10,-0.6666666666666667,-2.0,3.9428296111302017,1.5929474,0.99999994
11,-0.5333333333333334,-2.0,4.171477235015246,1.6808808,0.99999994
12,-0.3999999999999999,-2.0,4.45464871350764,1.8779597,0.99999994
13,-0.2666666666666666,-2.0,4.728953426250477,2.0465672,0.99999994
14,-0.1333333333333333,-2.0,4.927554705184821,2.0770595,0.99999994
15,0.0,-2.0,4.0,1.9742651,0.99999994
16,0.1333333333333333,-2.0,4.92755470402439,1.8886244,0.99999994
17,0.2666666666666666,-2.0,4.728953425794493,1.7584686,0.99999994
18,0.3999999999999999,-2.0,4.454648713318042,1.5640914,0.99999994
19,0.5333333333333332,-2.0,4.171477234961613,1.4527028,0.99999994
20,0.6666666666666665,-2.0,3.942829611144507,1.613192,0.99999994
21,0.7999999999999998,-2.0,3.8107993761927434,1.6233131,0.99999994
22,0.9333333333333331,-2.0,3.7859382320695727,1.5675504,0.99999994
23,1.0666666666666664,-2.0,3.847500739093003,1.5172105,0.99999994
24,1.2000000000000002,-2.0,3.953430750303416,1.4732219,0.99999994
25,1.3333333333333335,-2.0,4.0561226845821725,1.4378462,0.99999994
26,1.4666666666666668,-2.0,4.118295027668565,1.4037784,0.99999994
27,1.6,-2.0,4.123669780821476,1.3686442,0.99999994
28,1.7333333333333334,-2.0,4.079332832509228,1.3333101,0.99999994
29,1.8666666666666667,-2.0,4.009783989523286,1.2686249,0.99999994
30,2.0,-2.0,3.9455978889133316,1.1876599,0.99999994
31,-2.0,-1.8666666666666667,3.430042333353239,-0.099810794,0.99999994
32,-1.8666666666666667,-1.8666666666666667,3.494228433968605,0.18444,0.99999994
33,-1.7333333333333334,-1.8666666666666667,3.5637772769613076,0.4812821,0.99999994
34,-1.6,-1.8666666666666667,3.608114225278814,0.7484695,0.99999994
35,-1.4666666666666668,-1.8666666666666667,3.6027394721264634,1.0156572,0.99999994
36,-1.3333333333333335,-1.8666666666666667,3.5405671290336382,1.2828448,0.99999994
37,-1.2,-1.8666666666666667,3.437875194741387,1.4667237,0.99999994
38,-1.0666666666666667,-1.8666666666666667,3.331945183513599,1.5647393,0.99999994
39,-0.9333333333333333,-1.8666666666666667,3.2703826764757595,1.5502914,0.99999994
40,-0.8,-1.8666666666666667,3.2952438205977375,1.4930186,0.99999994
41,-0.6666666666666667,-1.8666666666666667,3.4272740555746464,1.502497,0.99999994
42,-0.5333333333333334,-1.8666666666666667,3.65592167945969,1.5920336,0.99999994
43,-0.3999999999999999,-1.8666666666666667,3.939093157952085,1.7858247,0.99999994
44,-0.2666666666666666,-1.8666666666666667,4.213397870694921,2.0024714,0.99999994
45,-0.1333333333333333,-1.8666666666666667,4.411999149629266,2.0133514,0.99999994
46,0.0,-1.8666666666666667,3.4844444444444447,1.8961103,0.99999994
47,0.1333333333333333,-1.8666666666666667,4.411999148468834,1.8176548,0.99999994
48,0.2666666666666666,-1.8666666666666667,4.213397870238937,1.6912949,0.99999994
49,0.3999999999999999,-1.8666666666666667,3.9390931577624864,1.505614,0.99999994
50,0.5333333333333332,-1.8666666666666667,3.6559216794060583,1.3894567,0.99999994
51,0.6666666666666665,-1.8666666666666667,3.427274055588952,1.4983484,0.99999994
52,0.7999999999999998,-1.8666666666666667,3.295243820637188,1.474308,0.99999994
53,0.9333333333333331,-1.8666666666666667,3.2703826765140174,1.4185455,0.99999994
54,1.0666666666666664,-1.8666666666666667,3.3319451835374476,1.3646531,0.99999994
55,1.2000000000000002,-1.8666666666666667,3.4378751947478605,1.3239753,0.99999994
56,1.3333333333333335,-1.8666666666666667,3.540567129026617,1.2898244,0.99999994
57,1.4666666666666668,-1.8666666666666667,3.6027394721130093,1.2558061,0.99999994
58,1.6,-1.8666666666666667,3.6081142252659206,1.2206721,0.99999994
59,1.7333333333333334,-1.8666666666666667,3.563777276953673,1.1593401,0.99999994
60,1.8666666666666667,-1.8666666666666667,3.4942284339677308,1.0799419,0.99999994
61,2.0,-1.8666666666666667,3.4300423333577763,0.99085104,0.99999994
62,-2.0,-1.7333333333333334,2.950042333353239,-0.2708707,0.99999994
63,-1.8666666666666667,-1.7333333333333334,3.014228433968605,-0.012643557,0.99999994
64,-1.7333333333333334,-1.7333333333333334,3.0837772769613077,0.27772492,0.99999994
65,-1.6,-1.7333333333333334,3.128114225278814,0.5702614,0.99999994
66,-1.4666666666666668,-1.7333333333333334,3.1227394721264634,0.8374493,0.99999994
67,-1.3333333333333335,-1.7333333333333334,3.0605671290336383,1.1046367,0.99999994
68,-1.2,-1.7333333333333334,2.957875194741387,1.3409743,0.99999994
69,-1.0666666666666667,-1.7333333333333334,2.851945183513599,1.451623,0.9999998
70,-0.9333333333333333,-1.7333333333333334,2.7903826764757595,1.4627401,0.9999998
71,-0.8,-1.7333333333333334,2.8152438205977375,1.4069277,0.99999994
72,-0.6666666666666667,-1.7333333333333334,2.9472740555746464,1.4120467,0.99999994
73,-0.5333333333333334,-1.7333333333333334,3.17592167945969,1.507074,0.99999994
74,-0.3999999999999999,-1.7333333333333334,3.459093157952085,1.6937388,0.99999994
75,-0.2666666666666666,-1.7333333333333334,3.7333978706949216,1.9557159,0.99999994
76,-0.1333333333333333,-1.7333333333333334,3.931999149629266,1.9478381,0.99999994
77,0.0,-1.7333333333333334,3.0044444444444447,1.8312389,0.99999994
78,0.1333333333333333,-1.7333333333333334,3.931999148468834,1.7564601,0.99999994
79,0.2666666666666666,-1.7333333333333334,3.733397870238937,1.6251543,0.99999994
80,0.3999999999999999,-1.7333333333333334,3.4590931577624864,1.4439147,0.99999994
81,0.5333333333333332,-1.7333333333333334,3.1759216794060583,1.3262103,0.99999994
82,0.6666666666666665,-1.7333333333333334,2.947274055588952,1.3835051,0.99999994
83,0.7999999999999998,-1.7333333333333334,2.815243820637188,1.3253032,0.99999994
84,0.9333333333333331,-1.7333333333333334,2.7903826765140174,1.2695404,0.99999994
85,1.0666666666666664,-1.7333333333333334,2.8519451835374476,1.2120953,0.99999994
86,1.2000000000000002,-1.7333333333333334,2.9578751947478605,1.1761249,0.99999994
87,1.3333333333333335,-1.7333333333333334,3.060567129026617,1.1419128,0.99999994
88,1.4666666666666668,-1.7333333333333334,3.1227394721130093,1.1043649,0.99999994
89,1.6,-1.7333333333333334,3.1281142252659206,1.0445507,0.99999994
90,1.7333333333333334,-1.7333333333333334,3.083777276953673,0.9640904,0.99999994
91,1.8666666666666667,-1.7333333333333334,3.0142284339677308,0.8749685,0.99999994
92,2.0,-1.7333333333333334,2.9500423333577763,0.785846,0.99999994
93,-2.0,-1.6,2.505597888908795,-0.43153787,0.99999994
94,-1.8666666666666667,-1.6,2.569783989524161,-0.17398722,0.99999994
95,-1.7333333333333334,-1.6,2.6393328325168635,0.08356346,0.99999994
96,-1.6,-1.6,2.6836697808343697,0.3710101,0.99999994
97,-1.4666666666666668,-1.6,2.678295027682019,0.6592411,0.99999994
98,-1.3333333333333335,-1.6,2.616122684589194,0.92642856,0.99999994
99,-1.2,-1.6,2.513430750296943,1.1884171,0.9999985
100,-1.0666666666666667,-1.6,2.407500739069155,1.3314682,0.9999847
101,-0.9333333333333333,-1.6,2.3459382320313154,1.3437835,0.99996644
102,-0.8,-1.6,2.3707993761532933,1.3208371,0.9999754
103,-0.6666666666666667,-1.6,2.502829611130202,1.3231834,0.9999934
104,-0.5333333333333334,-1.6,2.731477235015246,1.4221147,0.9999985
105,-0.3999999999999999,-1.6,3.0146487135076407,1.6241802,0.9999996
106,-0.2666666666666666,-1.6,3.2889534262504774,1.9269203,0.99999994
107,-0.1333333333333333,-1.6,3.487554705184822,1.9229046,0.99999994
108,0.0,-1.6,2.5600000000000005,1.806305,0.99999994
109,0.1333333333333333,-1.6,3.48755470402439,1.7385727,0.99999994
110,0.2666666666666666,-1.6,3.2889534257944932,1.6134648,0.99999994
111,0.3999999999999999,-1.6,3.014648713318042,1.420154,0.99999994
112,0.5333333333333332,-1.6,2.731477234961614,1.3003589,0.99999994
113,0.6666666666666665,-1.6,2.5028296111445076,1.2863897,0.99999994
114,0.7999999999999998,-1.6,2.370799376192744,1.1847771,0.9999998
115,0.9333333333333331,-1.6,2.345938232069573,1.1196034,0.9999997
116,1.0666666666666664,-1.6,2.4075007390930034,1.058367,0.99999934
117,1.2000000000000002,-1.6,2.5134307503034163,1.0211643,0.9999984
118,1.3333333333333335,-1.6,2.616122684582173,0.97779965,0.9999961
119,1.4666666666666668,-1.6,2.678295027668565,0.92665666,0.9999923
120,1.6,-1.6,2.6836697808214764,0.848208,0.99999386
121,1.7333333333333334,-1.6,2.6393328325092287,0.75908554,0.99999624
122,1.8666666666666667,-1.6,2.5697839895232866,0.6699631,0.9999977
123,2.0,-1.6,2.505597888913332,0.58084095,0.9999986
124,-2.0,-1.4666666666666668,2.096709000019906,-0.5827395,0.99999994
125,-1.8666666666666667,-1.4666666666666668,2.160895100635272,-0.33346125,0.99999994
126,-1.7333333333333334,-1.4666666666666668,2.2304439436279746,-0.07710333,0.99999994
127,-1.6,-1.4666666666666668,2.274780891945481,0.18157932,0.99999994
128,-1.4666666666666668,-1.4666666666666668,2.2694061387931304,0.47046122,0.99999994
129,-1.3333333333333335,-1.4666666666666668,2.207233795700305,0.74918103,0.9999984
130,-1.2,-1.4666666666666668,2.104541861408054,1.019178,0.9999053
131,-1.0666666666666667,-1.4666666666666668,1.998611850180266,1.2087531,0.99805826
132,-0.9333333333333333,-1.4666666666666668,1.9370493431424267,1.2190222,0.99542326
133,-0.8,-1.4666666666666668,1.9619104872644044,1.2042432,0.9939449
134,-0.6666666666666667,-1.4666666666666668,2.0939407222413133,1.2382238,0.99580675
135,-0.5333333333333334,-1.4666666666666668,2.322588346126357,1.3561167,0.9991747
136,-0.3999999999999999,-1.4666666666666668,2.605759824618752,1.579304,0.99981743
137,-0.2666666666666666,-1.4666666666666668,2.8800645373615885,1.8844547,0.999968
138,-0.1333333333333333,-1.4666666666666668,3.078665816295933,1.897108,0.99999875
139,0.0,-1.4666666666666668,2.1511111111111116,1.7813715,0.99999994
140,0.1333333333333333,-1.4666666666666668,3.0786658151355013,1.7206857,0.99999994
141,0.2666666666666666,-1.4666666666666668,2.8800645369056044,1.6017758,0.99999994
142,0.3999999999999999,-1.4666666666666668,2.6057598244291533,1.4084648,0.9999992
143,0.5333333333333332,-1.4666666666666668,2.3225883460727252,1.2517718,0.99999255
144,0.6666666666666665,-1.4666666666666668,2.093940722255619,1.1967759,0.9999774
145,0.7999999999999998,-1.4666666666666668,1.9619104873038549,1.0929868,0.99991745
146,0.9333333333333331,-1.4666666666666668,1.9370493431806846,1.01448,0.9997118
147,1.0666666666666664,-1.4666666666666668,1.9986118502041144,0.93139476,0.9992623
148,1.2000000000000002,-1.4666666666666668,2.1045418614145275,0.86236113,0.997862
149,1.3333333333333335,-1.4666666666666668,2.207233795693284,0.8051413,0.9946122
150,1.4666666666666668,-1.4666666666666668,2.2694061387796762,0.7309293,0.9951078
151,1.6,-1.4666666666666668,2.2747808919325876,0.64321065,0.9969217
152,1.7333333333333334,-1.4666666666666668,2.23044394362034,0.55408067,0.99813783
153,1.8666666666666667,-1.4666666666666668,2.1608951006343977,0.4662096,0.99898833
154,2.0,-1.4666666666666668,2.0967090000244433,0.4026171,0.99969393
155,-2.0,-1.3333333333333335,1.7233756666865725,-0.733601,0.99999994
156,-1.8666666666666667,-1.3333333333333335,1.7875617673019384,-0.48674795,0.99999994
157,-1.7333333333333334,-1.3333333333333335,1.8571106102946409,-0.23989536,0.99999994
158,-1.6,-1.3333333333333335,1.9014475586121475,0.0069574746,0.99999994
159,-1.4666666666666668,-1.3333333333333335,1.8960728054597968,0.26968512,0.9999996
160,-1.3333333333333335,-1.3333333333333335,1.833900462366972,0.563769,0.9999408
161,-1.2,-1.3333333333333335,1.7312085280747205,0.83731824,0.9949074
162,-1.0666666666666667,-1.3333333333333335,1.6252785168469326,1.073049,0.8134086
163,-0.9333333333333333,-1.3333333333333335,1.5637160098090932,1.094261,0.6132433
164,-0.8,-1.3333333333333335,1.588577153931071,1.0807872,0.53738433
165,-0.6666666666666667,-1.3333333333333335,1.72060738890798,1.1429393,0.65826654
166,-0.5333333333333334,-1.3333333333333335,1.9492550127930235,1.3147559,0.81825864
167,-0.3999999999999999,-1.3333333333333335,2.2324264912854184,1.534428,0.9212244
168,-0.2666666666666666,-1.3333333333333335,2.506731204028255,1.8290952,0.98289776
169,-0.1333333333333333,-1.3333333333333335,2.7053324829625995,1.860133,0.9988271
170,0.0,-1.3333333333333335,1.7777777777777781,1.7567028,0.99998444
171,0.1333333333333333,-1.3333333333333335,2.7053324818021673,1.7032082,0.99998623
172,0.2666666666666666,-1.3333333333333335,2.5067312035722704,1.5836015,0.9999146
173,0.3999999999999999,-1.3333333333333335,2.23242649109582,1.3976822,0.9987213
174,0.5333333333333332,-1.3333333333333335,1.9492550127393917,1.1861182,0.9928302
175,0.6666666666666665,-1.3333333333333335,1.7206073889222853,1.104141,0.9762951
176,0.7999999999999998,-1.3333333333333335,1.5885771539705213,0.9999964,0.9181569
177,0.9333333333333331,-1.3333333333333335,1.563716009847351,0.90319765,0.79190814
178,1.0666666666666664,-1.3333333333333335,1.6252785168707808,0.8158615,0.5820138
179,1.2000000000000002,-1.3333333333333335,1.731208528081194,0.74682736,0.32409352
180,1.3333333333333335,-1.3333333333333335,1.8339004623599506,0.6381986,0.23671652
181,1.4666666666666668,-1.3333333333333335,1.896072805446343,0.52755415,0.2779102
182,1.6,-1.3333333333333335,1.9014475585992543,0.44380626,0.45588255
183,1.7333333333333334,-1.3333333333333335,1.8571106102870063,0.37149113,0.8215761
184,1.8666666666666667,-1.3333333333333335,1.7875617673010642,0.26910555,0.96995187
185,2.0,-1.3333333333333335,1.7233756666911098,0.17884511,0.9964803
186,-2.0,-1.2,1.3855978889087943,-0.8923186,0.99999994
187,-1.8666666666666667,-1.2,1.4497839895241602,-0.68094957,0.99999994
188,-1.7333333333333334,-1.2,1.5193328325168627,-0.42928895,0.99999994
189,-1.6,-1.2,1.5636697808343694,-0.17426223,0.99999994
190,-1.4666666666666668,-1.2,1.5582950276820187,0.08115426,0.9999959
191,-1.3333333333333335,-1.2,1.4961226845891937,0.35510537,0.9994352
192,-1.2,-1.2,1.3934307502969423,0.6453223,0.9253646
193,-1.0666666666666667,-1.2,1.2875007390691544,0.89901334,0.14660786
194,-0.9333333333333333,-1.2,1.225938232031315,0.93783826,0.039518446
195,-0.8,-1.2,1.2507993761532927,0.94372463,0.02506751
196,-0.6666666666666667,-1.2,1.3828296111302019,1.0456302,0.032965876
197,-0.5333333333333334,-1.2,1.6114772350152453,1.2483793,0.054616056
198,-0.3999999999999999,-1.2,1.8946487135076402,1.4834538,0.083646886
199,-0.2666666666666666,-1.2,2.168953426250477,1.7434666,0.15604146
200,-0.1333333333333333,-1.2,2.3675547051848214,1.8485844,0.5192941
201,0.0,-1.2,1.44,1.781982,0.98848504
202,0.1333333333333333,-1.2,2.367554704024389,1.7141497,0.98619586
203,0.2666666666666666,-1.2,2.1689534257944922,1.5678194,0.89255834
204,0.3999999999999999,-1.2,1.8946487133180416,1.4038228,0.32083184
205,0.5333333333333332,-1.2,1.6114772349616135,1.1162838,0.117781796
206,0.6666666666666665,-1.2,1.382829611144507,1.008075,0.036262892
207,0.7999999999999998,-1.2,1.2507993761927432,0.8964069,0.01490149
208,0.9333333333333331,-1.2,1.2259382320695729,0.78155625,0.0090357335
209,1.0666666666666664,-1.2,1.2875007390930027,0.6891347,0.004873054
210,1.2000000000000002,-1.2,1.3934307503034158,0.59078246,0.0032657976
211,1.3333333333333335,-1.2,1.4961226845821725,0.46369514,0.006138845
212,1.4666666666666668,-1.2,1.5582950276685648,0.34018984,0.02683538
213,1.6,-1.2,1.5636697808214761,0.2378409,0.16378713
214,1.7333333333333334,-1.2,1.5193328325092281,0.15178637,0.65183294
215,1.8666666666666667,-1.2,1.449783989523286,0.08148602,0.9597416
216,2.0,-1.2,1.3855978889133316,0.011394221,0.9967118
217,-2.0,-1.0666666666666667,1.0833756666865721,-0.9973096,0.99999994
218,-1.8666666666666667,-1.0666666666666667,1.147561767301938,-0.79597884,0.99999994
219,-1.7333333333333334,-1.0666666666666667,1.2171106102946405,-0.5643357,0.99999994
220,-1.6,-1.0666666666666667,1.2614475586121472,-0.3094237,0.9999997
221,-1.4666666666666668,-1.0666666666666667,1.2560728054597965,-0.055826776,0.9999785
222,-1.3333333333333335,-1.0666666666666667,1.1939004623669716,0.19791763,0.99803656
223,-1.2,-1.0666666666666667,1.0912085280747201,0.46818167,0.86657274
224,-1.0666666666666667,-1.0666666666666667,0.9852785168469324,0.7237536,0.105568394
225,-0.9333333333333333,-1.0666666666666667,0.9237160098090927,0.7692801,0.02746172
226,-0.8,-1.0666666666666667,0.9485771539310706,0.7960994,0.02743692
227,-0.6666666666666667,-1.0666666666666667,1.0806073889079797,0.8898557,0.035965864
228,-0.5333333333333334,-1.0666666666666667,1.3092550127930234,1.0990806,0.05156501
229,-0.3999999999999999,-1.0666666666666667,1.592426491285418,1.3784789,0.12815945
230,-0.2666666666666666,-1.0666666666666667,1.8667312040282547,1.6662997,0.3642535
231,-0.1333333333333333,-1.0666666666666667,2.0653324829625994,1.8391831,0.57720083
232,0.0,-1.0666666666666667,1.1377777777777778,1.8009679,0.94987255
233,0.1333333333333333,-1.0666666666666667,2.065332481802167,1.764692,0.9312424
234,0.2666666666666666,-1.0666666666666667,1.8667312035722703,1.5887839,0.59686905
235,0.3999999999999999,-1.0666666666666667,1.5924264910958197,1.3675641,0.07882409
236,0.5333333333333332,-1.0666666666666667,1.3092550127393914,1.0007236,0.016107446
237,0.6666666666666665,-1.0666666666666667,1.0806073889222847,0.86831623,0.004505771
238,0.7999999999999998,-1.0666666666666667,0.948577153970521,0.75650567,0.0017313501
239,0.9333333333333331,-1.0666666666666667,0.9237160098473507,0.64380735,0.0005405899
240,1.0666666666666664,-1.0666666666666667,0.9852785168707805,0.54384714,0.0
241,1.2000000000000002,-1.0666666666666667,1.0912085280811936,0.40647092,0.00041585308
242,1.3333333333333335,-1.0666666666666667,1.1939004623599503,0.24918528,0.0019936794
243,1.4666666666666668,-1.0666666666666667,1.2560728054463426,0.124885246,0.01193791
244,1.6,-1.0666666666666667,1.261447558599254,0.054828156,0.13647126
245,1.7333333333333334,-1.0666666666666667,1.217110610287006,-0.015567657,0.6681617
246,1.8666666666666667,-1.0666666666666667,1.1475617673010639,-0.085963726,0.96240366
247,2.0,-1.0666666666666667,1.0833756666911094,-0.15597376,0.9969307
248,-2.0,-0.9333333333333333,0.8167090000199055,-1.1248684,0.99999994
249,-1.8666666666666667,-0.9333333333333333,0.8808951006352714,-0.92687637,0.99999994
250,-1.7333333333333334,-0.9333333333333333,0.9504439436279739,-0.72765994,0.99999994
251,-1.6,-0.9333333333333333,0.9947808919454805,-0.4480473,0.9999992
252,-1.4666666666666668,-0.9333333333333333,0.98940613879313,-0.19427697,0.9999456
253,-1.3333333333333335,-0.9333333333333333,0.927233795700305,0.041166764,0.99742115
254,-1.2,-0.9333333333333333,0.8245418614080534,0.27184075,0.8979738
255,-1.0666666666666667,-0.9333333333333333,0.7186118501802657,0.52407366,0.13365807
256,-0.9333333333333333,-0.9333333333333333,0.6570493431424261,0.6491738,0.034498855
257,-0.8,-0.9333333333333333,0.681910487264404,0.6731917,0.03614185
258,-0.6666666666666667,-0.9333333333333333,0.8139407222413131,0.75427157,0.05168199
259,-0.5333333333333334,-0.9333333333333333,1.0425883461263568,0.9722495,0.19185364
260,-0.3999999999999999,-0.9333333333333333,1.3257598246187514,1.2634488,0.66332626
261,-0.2666666666666666,-0.9333333333333333,1.600064537361588,1.4735727,0.8724898
262,-0.1333333333333333,-0.9333333333333333,1.7986658162959328,1.6510326,0.93839175
263,0.0,-0.9333333333333333,0.8711111111111112,1.6587651,0.9956981
264,0.1333333333333333,-0.9333333333333333,1.7986658151355006,1.6565628,0.9937856
265,0.2666666666666666,-0.9333333333333333,1.6000645369056037,1.509897,0.9366795
266,0.3999999999999999,-0.9333333333333333,1.325759824429153,1.2628715,0.4910297
267,0.5333333333333332,-0.9333333333333333,1.0425883460727248,0.903081,0.11692194
268,0.6666666666666665,-0.9333333333333333,0.8139407222556182,0.73833877,0.020758478
269,0.7999999999999998,-0.9333333333333333,0.6819104873038544,0.6119404,0.003584892
270,0.9333333333333331,-0.9333333333333333,0.6570493431806841,0.48037136,0.0006459678
271,1.0666666666666664,-0.9333333333333333,0.7186118502041139,0.33565316,0.00022690688
272,1.2000000000000002,-0.9333333333333333,0.8245418614145271,0.18671714,0.00035627172
273,1.3333333333333335,-0.9333333333333333,0.9272337956932836,0.055515904,0.0030288678
274,1.4666666666666668,-0.9333333333333333,0.9894061387796759,-0.04397208,0.019060822
275,1.6,-0.9333333333333333,0.9947808919325872,-0.11321057,0.17767553
276,1.7333333333333334,-0.9333333333333333,0.9504439436203392,-0.1775125,0.7549243
277,1.8666666666666667,-0.9333333333333333,0.8808951006343971,-0.2353883,0.9801575
278,2.0,-0.9333333333333333,0.8167090000244429,-0.2928783,0.99873817
279,-2.0,-0.8,0.5855978889087945,-1.2232672,0.99999994
280,-1.8666666666666667,-0.8,0.6497839895241604,-1.042707,0.99999994
281,-1.7333333333333334,-0.8,0.7193328325168629,-0.85397536,0.99999994
282,-1.6,-0.8,0.7636697808343694,-0.6567145,0.9999979
283,-1.4666666666666668,-0.8,0.758295027682019,-0.4002912,0.99993557
284,-1.3333333333333335,-0.8,0.6961226845891939,-0.1367612,0.9981273
285,-1.2,-0.8,0.5934307502969424,0.07776594,0.9343483
286,-1.0666666666666667,-0.8,0.4875007390691547,0.30045274,0.25264794
287,-0.9333333333333333,-0.8,0.4259382320313151,0.46165895,0.057164334
288,-0.8,-0.8,0.4507993761532929,0.53937644,0.05089574
289,-0.6666666666666667,-0.8,0.582829611130202,0.6744441,0.160275
290,-0.5333333333333334,-0.8,0.8114772350152456,0.79420435,0.7475605
291,-0.3999999999999999,-0.8,1.0946487135076404,1.0323749,0.98255813
292,-0.2666666666666666,-0.8,1.368953426250477,1.171847,0.9961956
293,-0.1333333333333333,-0.8,1.5675547051848215,1.367731,0.99852926
294,0.0,-0.8,0.6400000000000001,1.41652,0.99989396
295,0.1333333333333333,-0.8,1.5675547040243896,1.4327142,0.9999086
296,0.2666666666666666,-0.8,1.3689534257944926,1.3113005,0.99915737
297,0.3999999999999999,-0.8,1.0946487133180418,0.9897318,0.99026716
298,0.5333333333333332,-0.8,0.8114772349616136,0.68268335,0.8937298
299,0.6666666666666665,-0.8,0.5828296111445072,0.5512749,0.42276645
300,0.7999999999999998,-0.8,0.45079937619274335,0.47580254,0.057751853
301,0.9333333333333331,-0.8,0.425938232069573,0.30071622,0.0020853647
302,1.0666666666666664,-0.8,0.4875007390930029,0.14865664,0.0017256439
303,1.2000000000000002,-0.8,0.5934307503034161,0.019826747,0.0014435172
304,1.3333333333333335,-0.8,0.6961226845821725,-0.10875586,0.0075416663
305,1.4666666666666668,-0.8,0.7582950276685648,-0.17857999,0.059662692
306,1.6,-0.8,0.7636697808214762,-0.23415373,0.41454607
307,1.7333333333333334,-0.8,0.7193328325092282,-0.29202935,0.9190897
308,1.8666666666666667,-0.8,0.6497839895232861,-0.34990498,0.9945397
309,2.0,-0.8,0.5855978889133319,-0.40723827,0.99965733
310,-2.0,-0.6666666666666667,0.39004233335323885,-1.3103031,0.99999994
311,-1.8666666666666667,-0.6666666666666667,0.45422843396860485,-1.1379765,0.99999994
312,-1.7333333333333334,-0.6666666666666667,0.5237772769613073,-0.9588077,0.9999998
313,-1.6,-0.6666666666666667,0.5681142252788138,-0.78963786,0.9999973
314,-1.4666666666666668,-0.6666666666666667,0.5627394721264634,-0.6089964,0.99993557
315,-1.3333333333333335,-0.6666666666666667,0.5005671290336383,-0.37836984,0.9981192
316,-1.2,-0.6666666666666667,0.39787519474138683,-0.11655806,0.9424079
317,-1.0666666666666667,-0.6666666666666667,0.2919451835135991,0.13073517,0.31761026
318,-0.9333333333333333,-0.6666666666666667,0.23038267647575952,0.2848238,0.09115605
319,-0.8,-0.6666666666666667,0.2552438205977373,0.36428174,0.12225518
320,-0.6666666666666667,-0.6666666666666667,0.3872740555746464,0.48912433,0.7238999
321,-0.5333333333333334,-0.6666666666666667,0.61592167945969,0.61834675,0.9789847
322,-0.3999999999999999,-0.6666666666666667,0.8990931579520849,0.87096894,0.99887145
323,-0.2666666666666666,-0.6666666666666667,1.1733978706949215,1.0091404,0.9997795
324,-0.1333333333333333,-0.6666666666666667,1.371999149629266,1.1487322,0.99995226
325,0.0,-0.6666666666666667,0.44444444444444453,1.1652063,0.9999973
326,0.1333333333333333,-0.6666666666666667,1.3719991484688339,1.1914811,0.9999983
327,0.2666666666666666,-0.6666666666666667,1.173397870238937,1.0931344,0.9999848
328,0.3999999999999999,-0.6666666666666667,0.8990931577624863,0.76402754,0.99986225
329,0.5333333333333332,-0.6666666666666667,0.615921679406058,0.48801348,0.99866736
330,0.6666666666666665,-0.6666666666666667,0.38727405558895156,0.39816225,0.9802981
331,0.7999999999999998,-0.6666666666666667,0.25524382063718776,0.3169349,0.480003
332,0.9333333333333331,-0.6666666666666667,0.2303826765140174,0.1638049,0.008927767
333,1.0666666666666664,-0.6666666666666667,0.2919451835374473,0.015481725,0.007496785
334,1.2000000000000002,-0.6666666666666667,0.39787519474786043,-0.11509307,0.007910691
335,1.3333333333333335,-0.6666666666666667,0.5005671290266169,-0.24040996,0.029428981
336,1.4666666666666668,-0.6666666666666667,0.5627394721130092,-0.29397583,0.21672651
337,1.6,-0.6666666666666667,0.5681142252659206,-0.34867054,0.7231426
338,1.7333333333333334,-0.6666666666666667,0.5237772769536726,-0.40654606,0.97668254
339,1.8666666666666667,-0.6666666666666667,0.4542284339677305,-0.46427593,0.99851286
340,2.0,-0.6666666666666667,0.39004233335777627,-0.5215979,0.99990696
341,-2.0,-0.5333333333333334,0.23004233335323887,-1.3706987,0.99999994
342,-1.8666666666666667,-0.5333333333333334,0.2942284339686049,-1.2146324,0.99999994
343,-1.7333333333333334,-0.5333333333333334,0.3637772769613073,-1.0643307,0.9999998
344,-1.6,-0.5333333333333334,0.4081142252788139,-0.9048063,0.9999967
345,-1.4666666666666668,-0.5333333333333334,0.4027394721264633,-0.744933,0.99992603
346,-1.3333333333333335,-0.5333333333333334,0.34056712903363834,-0.5640117,0.9979421
347,-1.2,-0.5333333333333334,0.23787519474138685,-0.35927618,0.9414474
348,-1.0666666666666667,-0.5333333333333334,0.13194518351359913,-0.098853014,0.329574
349,-0.9333333333333333,-0.5333333333333334,0.07038267647575955,0.11233066,0.11533939
350,-0.8,-0.5333333333333334,0.09524382059773731,0.18109183,0.4924227
351,-0.6666666666666667,-0.5333333333333334,0.22727405557464642,0.33907568,0.9570581
352,-0.5333333333333334,-0.5333333333333334,0.45592167945969003,0.5302589,0.9984735
353,-0.3999999999999999,-0.5333333333333334,0.7390931579520849,0.7653407,0.9998955
354,-0.2666666666666666,-0.5333333333333334,1.0133978706949214,0.94379926,0.99998087
355,-0.1333333333333333,-0.5333333333333334,1.2119991496292661,1.1231561,0.9999954
356,0.0,-0.5333333333333334,0.28444444444444456,1.1691196,0.9999996
357,0.1333333333333333,-0.5333333333333334,1.211999148468834,1.1739161,0.9999997
358,0.2666666666666666,-0.5333333333333334,1.013397870238937,1.0229776,0.9999991
359,0.3999999999999999,-0.5333333333333334,0.7390931577624864,0.57383525,0.99999446
360,0.5333333333333332,-0.5333333333333334,0.4559216794060581,0.39625722,0.99994856
361,0.6666666666666665,-0.5333333333333334,0.22727405558895158,0.29656398,0.99902153
362,0.7999999999999998,-0.5333333333333334,0.09524382063718781,0.17783082,0.8416431
363,0.9333333333333331,-0.5333333333333334,0.07038267651401742,0.03689141,0.032816224
364,1.0666666666666664,-0.5333333333333334,0.13194518353744733,-0.113808095,0.027388697
365,1.2000000000000002,-0.5333333333333334,0.23787519474786045,-0.24454848,0.028726865
366,1.3333333333333335,-0.5333333333333334,0.340567129026617,-0.3552559,0.114931226
367,1.4666666666666668,-0.5333333333333334,0.4027394721130093,-0.40937164,0.5458975
368,1.6,-0.5333333333333334,0.40811422526592067,-0.46379888,0.91583025
369,1.7333333333333334,-0.5333333333333334,0.3637772769536726,-0.52106285,0.993567
370,1.8666666666666667,-0.5333333333333334,0.2942284339677305,-0.5786357,0.99959606
371,2.0,-0.5333333333333334,0.23004233335777627,-0.6359573,0.9999748
372,-2.0,-0.3999999999999999,0.10559788890879425,-1.3204402,0.99999994
373,-1.8666666666666667,-0.3999999999999999,0.1697839895241602,-1.1791778,0.99999994
374,-1.7333333333333334,-0.3999999999999999,0.23933283251686266,-1.0538341,0.9999997
375,-1.6,-0.3999999999999999,0.2836697808343693,-0.9289555,0.99999493
376,-1.4666666666666668,-0.3999999999999999,0.27829502768201875,-0.7781369,0.99988216
377,-1.3333333333333335,-0.3999999999999999,0.21612268458919368,-0.6209689,0.99703604
378,-1.2,-0.3999999999999999,0.11343075029694222,-0.44630244,0.9214853
379,-1.0666666666666667,-0.3999999999999999,0.007500739069154494,-0.26533714,0.28821856
380,-0.9333333333333333,-0.3999999999999999,-0.05406176796868509,-0.09484993,0.14637466
381,-0.8,-0.3999999999999999,-0.029200623846707324,0.03154635,0.81334126
382,-0.6666666666666667,-0.3999999999999999,0.10282961113020178,0.28215232,0.993442
383,-0.5333333333333334,-0.3999999999999999,0.3314772350152454,0.5536911,0.9997851
384,-0.3999999999999999,-0.3999999999999999,0.6146487135076402,0.7924796,0.99997705
385,-0.2666666666666666,-0.3999999999999999,0.8889534262504768,0.9750919,0.99999434
386,-0.1333333333333333,-0.3999999999999999,1.0875547051848216,1.1549792,0.9999984
387,0.0,-0.3999999999999999,0.15999999999999992,1.1761537,0.9999998
388,0.1333333333333333,-0.3999999999999999,1.0875547040243894,1.1897564,0.9999998
389,0.2666666666666666,-0.3999999999999999,0.8889534257944924,1.0695244,0.9999996
390,0.3999999999999999,-0.3999999999999999,0.6146487133180417,0.5725216,0.99999875
391,0.5333333333333332,-0.3999999999999999,0.3314772349616134,0.2366329,0.99999565
392,0.6666666666666665,-0.3999999999999999,0.10282961114450695,0.14929819,0.9997968
393,0.7999999999999998,-0.3999999999999999,-0.029200623807256826,0.035585348,0.94329244
394,0.9333333333333331,-0.3999999999999999,-0.05406176793042722,-0.0634708,0.08780419
395,1.0666666666666664,-0.3999999999999999,0.007500739093002695,-0.2266642,0.074180506
396,1.2000000000000002,-0.3999999999999999,0.11343075030341582,-0.36843455,0.0866579
397,1.3333333333333335,-0.3999999999999999,0.21612268458217238,-0.46127483,0.2882943
398,1.4666666666666668,-0.3999999999999999,0.2782950276685646,-0.52299947,0.8298677
399,1.6,-0.3999999999999999,0.283669780821476,-0.57913226,0.979258
400,1.7333333333333334,-0.3999999999999999,0.239332832509228,-0.63557976,0.9982471
401,1.8666666666666667,-0.3999999999999999,0.1697839895232859,-0.69299513,0.9998904
402,2.0,-0.3999999999999999,0.10559788891333163,-0.750317,0.99999315
403,-2.0,-0.2666666666666666,0.016709000019905412,-1.2081327,0.99999994
404,-1.8666666666666667,-0.2666666666666666,0.08089510063527137,-1.0818387,0.99999994
405,-1.7333333333333334,-0.2666666666666666,0.15044394362797384,-0.9569601,0.99999934
406,-1.6,-0.2666666666666666,0.19478089194548043,-0.831006,0.9999874
407,-1.4666666666666668,-0.2666666666666666,0.1894061387931299,-0.69692934,0.9997094
408,-1.3333333333333335,-0.2666666666666666,0.12723379570030485,-0.5555469,0.9931343
409,-1.2,-0.2666666666666666,0.024541861408053374,-0.39542294,0.84179765
410,-1.0666666666666667,-0.2666666666666666,-0.08138814981973434,-0.22848363,0.17329687
411,-0.9333333333333333,-0.2666666666666666,-0.1429506568575739,-0.20988016,0.17787434
412,-0.8,-0.2666666666666666,-0.11808951273559616,-0.023556035,0.940147
413,-0.6666666666666667,-0.2666666666666666,0.013940722241312951,0.24997954,0.99837565
414,-0.5333333333333334,-0.2666666666666666,0.24258834612635655,0.5680037,0.9999369
415,-0.3999999999999999,-0.2666666666666666,0.5257598246187514,0.7858043,0.99999017
416,-0.2666666666666666,-0.2666666666666666,0.800064537361588,0.9761552,0.99999744
417,-0.1333333333333333,-0.2666666666666666,0.9986658162959327,1.1730521,0.999999
418,0.0,-0.2666666666666666,0.07111111111111108,1.1999075,0.9999998
419,0.1333333333333333,-0.2666666666666666,0.9986658151355006,1.2278506,0.9999998
420,0.2666666666666666,-0.2666666666666666,0.8000645369056036,1.1032145,0.9999996
421,0.3999999999999999,-0.2666666666666666,0.5257598244291529,0.7039008,0.9999992
422,0.5333333333333332,-0.2666666666666666,0.24258834607272461,0.26412162,0.99999326
423,0.6666666666666665,-0.2666666666666666,0.013940722255618113,0.000862706,0.9998048
424,0.7999999999999998,-0.2666666666666666,-0.11808951269614566,-0.08942875,0.96788836
425,0.9333333333333331,-0.2666666666666666,-0.14295065681931607,-0.1503264,0.2033283
426,1.0666666666666664,-0.2666666666666666,-0.08138814979588614,-0.31921783,0.15885316
427,1.2000000000000002,-0.2666666666666666,0.024541861414526987,-0.46290037,0.18463275
428,1.3333333333333335,-0.2666666666666666,0.12723379569328352,-0.54533625,0.49190044
429,1.4666666666666668,-0.2666666666666666,0.18940613877967583,-0.6172518,0.92672765
430,1.6,-0.2666666666666666,0.19478089193258719,-0.6847768,0.9937484
431,1.7333333333333334,-0.2666666666666666,0.15044394362033917,-0.7452728,0.99947333
432,1.8666666666666667,-0.2666666666666666,0.08089510063439706,-0.80524606,0.9999688
433,2.0,-0.2666666666666666,0.016709000024442797,-0.8612096,0.99999803
434,-2.0,-0.1333333333333333,-0.036624333313427904,-1.1105448,0.99999994
435,-1.8666666666666667,-0.1333333333333333,0.027561767301938066,-0.98496497,0.9999998
436,-1.7333333333333334,-0.1333333333333333,0.09711061029464052,-0.8609961,0.9999984
437,-1.6,-0.1333333333333333,0.1414475586121471,-0.73764896,0.9999705
438,-1.4666666666666668,-0.1333333333333333,0.13607280545979658,-0.61027867,0.99938935
439,-1.3333333333333335,-0.1333333333333333,0.07390046236697154,-0.48219654,0.98731655
440,-1.2,-0.1333333333333333,-0.02879147192527994,-0.35062352,0.7759417
441,-1.0666666666666667,-0.1333333333333333,-0.13472148315306764,-0.21010141,0.14194632
442,-0.9333333333333333,-0.1333333333333333,-0.19628399019090723,-0.24843921,0.22088872
443,-0.8,-0.1333333333333333,-0.17142284606892946,-0.037447695,0.9716333
444,-0.6666666666666667,-0.1333333333333333,-0.03939261109202036,0.24254608,0.9993836
445,-0.5333333333333334,-0.1333333333333333,0.18925501279302326,0.5829613,0.9999669
446,-0.3999999999999999,-0.1333333333333333,0.4724264912854181,0.79255295,0.9999916
447,-0.2666666666666666,-0.1333333333333333,0.7467312040282547,0.9987707,0.9999977
448,-0.1333333333333333,-0.1333333333333333,0.9453324829625993,1.2188597,0.9999992
449,0.0,-0.1333333333333333,0.01777777777777777,1.2427111,0.9999998
450,0.1333333333333333,-0.1333333333333333,0.9453324818021672,1.2801563,0.9999998
451,0.2666666666666666,-0.1333333333333333,0.7467312035722703,1.1501434,0.9999997
452,0.3999999999999999,-0.1333333333333333,0.4724264910958196,0.8077171,0.9999984
453,0.5333333333333332,-0.1333333333333333,0.1892550127393913,0.42895696,0.99996585
454,0.6666666666666665,-0.1333333333333333,-0.0393926110777152,0.11687636,0.99903804
455,0.7999999999999998,-0.1333333333333333,-0.17142284602947896,-0.06086725,0.9096052
456,0.9333333333333331,-0.1333333333333333,-0.19628399015264936,-0.13190119,0.19420983
457,1.0666666666666664,-0.1333333333333333,-0.13472148312921944,-0.2566456,0.21194966
458,1.2000000000000002,-0.1333333333333333,-0.028791471918806325,-0.38839588,0.28978306
459,1.3333333333333335,-0.1333333333333333,0.07390046235995021,-0.49296322,0.6413979
460,1.4666666666666668,-0.1333333333333333,0.1360728054463425,-0.59994763,0.95859224
461,1.6,-0.1333333333333333,0.14144755859925387,-0.7092837,0.9969686
462,1.7333333333333334,-0.1333333333333333,0.09711061028700585,-0.81102914,0.99977857
463,1.8666666666666667,-0.1333333333333333,0.02756176730106375,-0.9026735,0.99998885
464,2.0,-0.1333333333333333,-0.03662433330889052,-0.95851445,0.9999992
465,-2.0,0.0,-0.05440211109120567,-1.0292519,0.99999994
466,-1.8666666666666667,0.0,0.009783989524160297,-0.9109625,0.9999998
467,-1.7333333333333334,0.0,0.07933283251686275,-0.7927145,0.99999756
468,-1.6,0.0,0.12366978083436934,-0.6653443,0.99995095
469,-1.4666666666666668,0.0,0.1182950276820188,-0.5379739,0.9989851
470,-1.3333333333333335,0.0,0.05612268458919376,-0.40512946,0.97786164
471,-1.2,0.0,-0.04656924970305771,-0.2639508,0.657993
472,-1.0666666666666667,0.0,-0.15249926093084543,-0.19221082,0.14230663
473,-0.9333333333333333,0.0,-0.214061767968685,-0.2621927,0.25509176
474,-0.8,0.0,-0.18920062384670724,-0.0028675334,0.98003155
475,-0.6666666666666667,0.0,-0.05717038886979813,0.3183687,0.9995548
476,-0.5333333333333334,0.0,0.17147723501524548,0.62687755,0.99996454
477,-0.3999999999999999,0.0,0.4546487135076403,0.8353274,0.9999909
478,-0.2666666666666666,0.0,0.7289534262504769,1.0407348,0.99999756
479,-0.1333333333333333,0.0,0.9275547051848215,1.2691317,0.99999934
480,0.0,0.0,0.0,1.2950169,0.9999998
481,0.1333333333333333,0.0,0.9275547040243894,1.3324621,0.99999994
482,0.2666666666666666,0.0,0.7289534257944925,1.1952968,0.9999996
483,0.3999999999999999,0.0,0.4546487133180418,0.84568024,0.9999898
484,0.5333333333333332,0.0,0.17147723496161352,0.5958271,0.99982613
485,0.6666666666666665,0.0,-0.05717038885549297,0.28203946,0.994338
486,0.7999999999999998,0.0,-0.18920062380725675,-0.0064016534,0.71444124
487,0.9333333333333331,0.0,-0.21406176793042714,-0.13070649,0.18453285
488,1.0666666666666664,0.0,-0.15249926090699722,-0.22656555,0.25148496
489,1.2000000000000002,0.0,-0.046569249696584096,-0.3314138,0.35720915
490,1.3333333333333335,0.0,0.05612268458217244,-0.4222758,0.7190442
491,1.4666666666666668,0.0,0.11829502766856473,-0.50240797,0.97005856
492,1.6,0.0,0.12366978082147609,-0.5937711,0.99772733
493,1.7333333333333334,0.0,0.07933283250922808,-0.69452894,0.99983376
494,1.8666666666666667,0.0,0.00978398952328598,-0.7986575,0.9999917
495,2.0,0.0,-0.05440211108666829,-0.9115377,0.9999996
496,-2.0,0.1333333333333333,-0.036624333313427904,-0.93527454,0.99999994
497,-1.8666666666666667,0.1333333333333333,0.027561767301938066,-0.8406903,0.9999997
498,-1.7333333333333334,0.1333333333333333,0.09711061029464052,-0.7204098,0.999996
499,-1.6,0.1333333333333333,0.1414475586121471,-0.5930395,0.9999185
500,-1.4666666666666668,0.1333333333333333,0.13607280545979658,-0.4569953,0.99832314
501,-1.3333333333333335,0.1333333333333333,0.07390046236697154,-0.31841108,0.9652842
502,-1.2,0.1333333333333333,-0.02879147192527994,-0.17793848,0.55599445
503,-1.0666666666666667,0.1333333333333333,-0.13472148315306764,-0.14534885,0.1274513
504,-0.9333333333333333,0.1333333333333333,-0.19628399019090723,-0.22005805,0.22649169
505,-0.8,0.1333333333333333,-0.17142284606892946,0.026771374,0.9772804
506,-0.6666666666666667,0.1333333333333333,-0.03939261109202036,0.39526686,0.99963266
507,-0.5333333333333334,0.1333333333333333,0.18925501279302326,0.6682436,0.9999594
508,-0.3999999999999999,0.1333333333333333,0.4724264912854181,0.87831527,0.9999903
509,-0.2666666666666666,0.1333333333333333,0.7467312040282547,1.0959915,0.9999972
510,-0.1333333333333333,0.1333333333333333,0.9453324829625993,1.3281902,0.99999934
511,0.0,0.1333333333333333,0.01777777777777777,1.3472378,0.99999994
512,0.1333333333333333,0.1333333333333333,0.9453324818021672,1.3874062,0.99999994
513,0.2666666666666666,0.1333333333333333,0.7467312035722703,1.2364073,0.9999973
514,0.3999999999999999,0.1333333333333333,0.4724264910958196,0.88364375,0.9999313
515,0.5333333333333332,0.1333333333333333,0.1892550127393913,0.72840226,0.99904
516,0.6666666666666665,0.1333333333333333,-0.0393926110777152,0.44389477,0.9666843
517,0.7999999999999998,0.1333333333333333,-0.17142284602947896,0.16458903,0.34099364
518,0.9333333333333331,0.1333333333333333,-0.19628399015264936,-0.12579499,0.19693331
519,1.0666666666666664,0.1333333333333333,-0.13472148312921944,-0.21046464,0.2835953
520,1.2000000000000002,0.1333333333333333,-0.028791471918806325,-0.3048378,0.40875745
521,1.3333333333333335,0.1333333333333333,0.07390046235995021,-0.3706167,0.7850179
522,1.4666666666666668,0.1333333333333333,0.1360728054463425,-0.4487127,0.9795167
523,1.6,0.1333333333333333,0.14144755859925387,-0.5317986,0.998382
524,1.7333333333333334,0.1333333333333333,0.09711061028700585,-0.614696,0.9998743
525,1.8666666666666667,0.1333333333333333,0.02756176730106375,-0.70287746,0.999993
526,2.0,0.1333333333333333,-0.03662433330889052,-0.80637926,0.9999997
527,-2.0,0.2666666666666666,0.016709000019905412,-0.7948922,0.9999998
528,-1.8666666666666667,0.2666666666666666,0.08089510063527137,-0.70042527,0.99999887
529,-1.7333333333333334,0.2666666666666666,0.15044394362797384,-0.59357834,0.99998623
530,-1.6,0.2666666666666666,0.19478089194548043,-0.4808961,0.99980754
531,-1.4666666666666668,0.2666666666666666,0.1894061387931299,-0.3684103,0.99732774
532,-1.3333333333333335,0.2666666666666666,0.12723379570030485,-0.23870872,0.9548201
533,-1.2,0.2666666666666666,0.024541861408053374,-0.10434967,0.52514964
534,-1.0666666666666667,0.2666666666666666,-0.08138814981973434,-0.07343389,0.116164714
535,-0.9333333333333333,0.2666666666666666,-0.1429506568575739,-0.16887246,0.19210412
536,-0.8,0.2666666666666666,-0.11808951273559616,0.08465637,0.9713563
537,-0.6666666666666667,0.2666666666666666,0.013940722241312951,0.47119233,0.99958426
538,-0.5333333333333334,0.2666666666666666,0.24258834612635655,0.72399706,0.9999488
539,-0.3999999999999999,0.2666666666666666,0.5257598246187514,0.94168377,0.9999886
540,-0.2666666666666666,0.2666666666666666,0.800064537361588,1.1585257,0.9999967
541,-0.1333333333333333,0.2666666666666666,0.9986658162959327,1.377488,0.99999934
542,0.0,0.2666666666666666,0.07111111111111108,1.3989593,0.9999998
543,0.1333333333333333,0.2666666666666666,0.9986658151355006,1.4337376,0.9999997
544,0.2666666666666666,0.2666666666666666,0.8000645369056036,1.276929,0.99998146
545,0.3999999999999999,0.2666666666666666,0.5257598244291529,0.93242073,0.99953544
546,0.5333333333333332,0.2666666666666666,0.24258834607272461,0.8047977,0.99380404
547,0.6666666666666665,0.2666666666666666,0.013940722255618113,0.6059594,0.82740414
548,0.7999999999999998,0.2666666666666666,-0.11808951269614566,0.2833449,0.14418343
549,0.9333333333333331,0.2666666666666666,-0.14295065681931607,-0.013191,0.17688005
550,1.0666666666666664,0.2666666666666666,-0.08138814979588614,-0.19620411,0.31658265
551,1.2000000000000002,0.2666666666666666,0.024541861414526987,-0.28572795,0.45173198
552,1.3333333333333335,0.2666666666666666,0.12723379569328352,-0.34654757,0.8291672
553,1.4666666666666668,0.2666666666666666,0.18940613877967583,-0.41309783,0.9850308
554,1.6,0.2666666666666666,0.19478089193258719,-0.479568,0.99888027
555,1.7333333333333334,0.2666666666666666,0.15044394362033917,-0.5617266,0.9999133
556,1.8666666666666667,0.2666666666666666,0.08089510063439706,-0.6465694,0.9999954
557,2.0,0.2666666666666666,0.016709000024442797,-0.73199725,0.9999997
558,-2.0,0.3999999999999999,0.10559788890879425,-0.6556804,0.9999996
559,-1.8666666666666667,0.3999999999999999,0.1697839895241602,-0.54882246,0.9999952
560,-1.7333333333333334,0.3999999999999999,0.23933283251686266,-0.43713912,0.9999346
561,-1.6,0.3999999999999999,0.2836697808343693,-0.33057055,0.99921346
562,-1.4666666666666668,0.3999999999999999,0.27829502768201875,-0.22400202,0.9906156
563,-1.3333333333333335,0.3999999999999999,0.21612268458919368,-0.113517426,0.8905829
564,-1.2,0.3999999999999999,0.11343075029694222,-0.0027463627,0.38417184
565,-1.0666666666666667,0.3999999999999999,0.007500739069154494,-0.00076114805,0.10341776
566,-0.9333333333333333,0.3999999999999999,-0.05406176796868509,-0.11350823,0.15931904
567,-0.8,0.3999999999999999,-0.029200623846707324,0.14254142,0.9639445
568,-0.6666666666666667,0.3999999999999999,0.10282961113020178,0.54481924,0.9994608
569,-0.5333333333333334,0.3999999999999999,0.3314772350152454,0.7896466,0.9999328
570,-0.3999999999999999,0.3999999999999999,0.6146487135076402,1.0050523,0.9999868
571,-0.2666666666666666,0.3999999999999999,0.8889534262504768,1.2210598,0.99999624
572,-0.1333333333333333,0.3999999999999999,1.0875547051848216,1.4268863,0.99999934
573,0.0,0.3999999999999999,0.15999999999999992,1.4549133,0.9999997
574,0.1333333333333333,0.3999999999999999,1.0875547040243894,1.4784368,0.99999803
575,0.2666666666666666,0.3999999999999999,0.8889534257944924,1.3174508,0.9998712
576,0.3999999999999999,0.3999999999999999,0.6146487133180417,0.9824502,0.9968683
577,0.5333333333333332,0.3999999999999999,0.3314772349616134,0.87298894,0.95777196
578,0.6666666666666665,0.3999999999999999,0.10282961114450695,0.7323824,0.41216156
579,0.7999999999999998,0.3999999999999999,-0.029200623807256826,0.41855013,0.07624342
580,0.9333333333333331,0.3999999999999999,-0.05406176793042722,0.14489327,0.13513428
581,1.0666666666666664,0.3999999999999999,0.007500739093002695,-0.1431954,0.3204696
582,1.2000000000000002,0.3999999999999999,0.11343075030341582,-0.26807442,0.48910704
583,1.3333333333333335,0.3999999999999999,0.21612268458217238,-0.32648802,0.8654677
584,1.4666666666666668,0.3999999999999999,0.2782950276685646,-0.38902867,0.988696
585,1.6,0.3999999999999999,0.283669780821476,-0.45548424,0.9991569
586,1.7333333333333334,0.3999999999999999,0.239332832509228,-0.52177554,0.9999377
587,1.8666666666666667,0.3999999999999999,0.1697839895232859,-0.5939025,0.99999696
588,2.0,0.3999999999999999,0.10559788891333163,-0.6793302,0.9999998
589,-2.0,0.5333333333333332,0.23004233335323865,-0.42560604,0.9999978
590,-1.8666666666666667,0.5333333333333332,0.29422843396860465,-0.3356438,0.99996847
591,-1.7333333333333334,0.5333333333333332,0.3637772769613071,-0.2512437,0.9996807
592,-1.6,0.5333333333333332,0.4081142252788137,-0.1670349,0.99677694
593,-1.4666666666666668,0.5333333333333332,0.4027394721264631,-0.07877737,0.9672043
594,-1.3333333333333335,0.5333333333333332,0.3405671290336381,0.031691823,0.693895
595,-1.2,0.5333333333333332,0.23787519474138663,0.14190857,0.15825336
596,-1.0666666666666667,0.5333333333333332,0.1319451835135989,0.14643717,0.036827397
597,-0.9333333333333333,0.5333333333333332,0.07038267647575933,-0.006385675,0.09452815
598,-0.8,0.5333333333333332,0.09524382059773709,0.21116671,0.93582743
599,-0.6666666666666667,0.5333333333333332,0.2272740555746462,0.5856963,0.9989944
600,-0.5333333333333334,0.5333333333333332,0.4559216794596898,0.85529613,0.99991196
601,-0.3999999999999999,0.5333333333333332,0.7390931579520846,1.0668879,0.9999829
602,-0.2666666666666666,0.5333333333333332,1.0133978706949212,1.2868874,0.9999955
603,-0.1333333333333333,0.5333333333333332,1.211999149629266,1.4821994,0.99999875
604,0.0,0.5333333333333332,0.28444444444444433,1.5293244,0.99999815
605,0.1333333333333333,0.5333333333333332,1.2119991484688337,1.567623,0.99998444
606,0.2666666666666666,0.5333333333333332,1.0133978702389368,1.3617632,0.9988877
607,0.3999999999999999,0.5333333333333332,0.7390931577624862,1.0459964,0.97950196
608,0.5333333333333332,0.5333333333333332,0.4559216794060579,0.9252487,0.7352453
609,0.6666666666666665,0.5333333333333332,0.22727405558895136,0.7540966,0.10851392
610,0.7999999999999998,0.5333333333333332,0.09524382063718759,0.56337065,0.050795957
611,0.9333333333333331,0.5333333333333332,0.0703826765140172,0.29203478,0.10187628
612,1.0666666666666664,0.5333333333333332,0.1319451835374471,-0.019844819,0.27852765
613,1.2000000000000002,0.5333333333333332,0.23787519474786023,-0.2504208,0.5266022
614,1.3333333333333335,0.5333333333333332,0.3405671290266168,-0.3102795,0.8947734
615,1.4666666666666668,0.5333333333333332,0.4027394721130091,-0.36495948,0.99147165
616,1.6,0.5333333333333332,0.40811422526592045,-0.43140036,0.9993653
617,1.7333333333333334,0.5333333333333332,0.3637772769536724,-0.4981881,0.9999575
618,1.8666666666666667,0.5333333333333332,0.2942284339677303,-0.5668235,0.99999803
619,2.0,0.5333333333333332,0.23004233335777605,-0.6320391,0.9999998
620,-2.0,0.6666666666666665,0.39004233335323857,-0.22377531,0.99999756
621,-1.8666666666666667,0.6666666666666665,0.4542284339686046,-0.11596738,0.99993724
622,-1.7333333333333334,0.6666666666666665,0.523777276961307,-0.008266162,0.9983712
623,-1.6,0.6666666666666665,0.5681142252788136,0.084546626,0.9761942
624,-1.4666666666666668,0.6666666666666665,0.562739472126463,0.16964474,0.8077602
625,-1.3333333333333335,0.6666666666666665,0.500567129033638,0.25763616,0.28914592
626,-1.2,0.6666666666666665,0.39787519474138655,0.34562775,0.037582126
627,-1.0666666666666667,0.6666666666666665,0.2919451835135988,0.3469115,0.008538384
628,-0.9333333333333333,0.6666666666666665,0.23038267647575925,0.14548597,0.038679134
629,-0.8,0.6666666666666665,0.255243820597737,0.29491803,0.82621205
630,-0.6666666666666667,0.6666666666666665,0.3872740555746461,0.6459407,0.9958654
631,-0.5333333333333334,0.6666666666666665,0.6159216794596898,0.92152226,0.99972814
632,-0.3999999999999999,0.6666666666666665,0.8990931579520846,1.1370281,0.9999674
633,-0.2666666666666666,0.6666666666666665,1.173397870694921,1.3614473,0.9999923
634,-0.1333333333333333,0.6666666666666665,1.3719991496292658,1.5416281,0.9999909
635,0.0,0.6666666666666665,0.44444444444444425,1.629245,0.99998695
636,0.1333333333333333,0.6666666666666665,1.3719991484688336,1.6592079,0.9998769
637,0.2666666666666666,0.6666666666666665,1.1733978702389367,1.4609481,0.9911422
638,0.3999999999999999,0.6666666666666665,0.8990931577624861,1.1223727,0.8588219
639,0.5333333333333332,0.6666666666666665,0.6159216794060578,0.9785829,0.24417225
640,0.6666666666666665,0.6666666666666665,0.3872740555889513,0.7433114,0.03510002
641,0.7999999999999998,0.6666666666666665,0.25524382063718754,0.6849284,0.035676
642,0.9333333333333331,0.6666666666666665,0.23038267651401712,0.45129794,0.078055404
643,1.0666666666666664,0.6666666666666665,0.29194518353744703,0.14793949,0.2287991
644,1.2000000000000002,0.6666666666666665,0.39787519474786015,-0.11425683,0.561455
645,1.3333333333333335,0.6666666666666665,0.5005671290266167,-0.26726863,0.9358386
646,1.4666666666666668,0.6666666666666665,0.562739472113009,-0.3100234,0.9952309
647,1.6,0.6666666666666665,0.5681142252659204,-0.37234586,0.9996601
648,1.7333333333333334,0.6666666666666665,0.5237772769536724,-0.43620768,0.99998266
649,1.8666666666666667,0.6666666666666665,0.4542284339677302,-0.5007897,0.9999992
650,2.0,0.6666666666666665,0.39004233335777594,-0.56537175,0.99999994
651,-2.0,0.7999999999999998,0.585597888908794,-0.029466461,0.9999986
652,-1.8666666666666667,0.7999999999999998,0.6497839895241599,0.080858335,0.99995726
653,-1.7333333333333334,0.7999999999999998,0.7193328325168624,0.1910556,0.998657
654,-1.6,0.7999999999999998,0.763669780834369,0.2984331,0.96768343
655,-1.4666666666666668,0.7999999999999998,0.7582950276820185,0.40821472,0.5323192
656,-1.3333333333333335,0.7999999999999998,0.6961226845891935,0.5089551,0.058043398
657,-1.2,0.7999999999999998,0.5934307502969419,0.56273615,0.007965031
658,-1.0666666666666667,0.7999999999999998,0.48750073906915425,0.51073486,0.00446735
659,-0.9333333333333333,0.7999999999999998,0.42593823203131465,0.43798977,0.004276057
660,-0.8,0.7999999999999998,0.45079937615329246,0.45235926,0.032795686
661,-0.6666666666666667,0.7999999999999998,0.5828296111302016,0.6741072,0.6911635
662,-0.5333333333333334,0.7999999999999998,0.8114772350152452,0.9508364,0.9885938
663,-0.3999999999999999,0.7999999999999998,1.09464871350764,1.1958547,0.9993927
664,-0.2666666666666666,0.7999999999999998,1.3689534262504766,1.4391105,0.99969727
665,-0.1333333333333333,0.7999999999999998,1.567554705184821,1.6150227,0.99973756
666,0.0,0.7999999999999998,0.6399999999999997,1.7505568,0.99969465
667,0.1333333333333333,0.7999999999999998,1.5675547040243891,1.7624513,0.99733996
668,0.2666666666666666,0.7999999999999998,1.3689534257944922,1.5752304,0.8371983
669,0.3999999999999999,0.7999999999999998,1.0946487133180414,1.2706957,0.2222308
670,0.5333333333333332,0.7999999999999998,0.8114772349616132,0.92638135,0.03770655
671,0.6666666666666665,0.7999999999999998,0.5828296111445067,0.79451025,0.028569188
672,0.7999999999999998,0.7999999999999998,0.4507993761927429,0.7529673,0.028992273
673,0.9333333333333331,0.7999999999999998,0.42593823206957254,0.62284946,0.05981002
674,1.0666666666666664,0.7999999999999998,0.48750073909300246,0.34393367,0.19757734
675,1.2000000000000002,0.7999999999999998,0.5934307503034156,0.0811506,0.58152705
676,1.3333333333333335,0.7999999999999998,0.6961226845821721,-0.14447527,0.96349996
677,1.4666666666666668,0.7999999999999998,0.7582950276685644,-0.24939705,0.9976402
678,1.6,0.7999999999999998,0.7636697808214757,-0.30495813,0.99984974
679,1.7333333333333334,0.7999999999999998,0.7193328325092277,-0.36954018,0.9999934
680,1.8666666666666667,0.7999999999999998,0.6497839895232856,-0.43412206,0.9999997
681,2.0,0.7999999999999998,0.5855978889133314,-0.49870393,0.99999994
682,-2.0,0.9333333333333331,0.8167090000199051,0.1691607,0.9999996
683,-1.8666666666666667,0.9333333333333331,0.880895100635271,0.28343776,0.99998754
684,-1.7333333333333334,0.9333333333333331,0.9504439436279735,0.39771524,0.9996086
685,-1.6,0.9333333333333331,0.99478089194548,0.5119929,0.98779553
686,-1.4666666666666668,0.9333333333333331,0.9894061387931296,0.6298268,0.70142853
687,-1.3333333333333335,0.9333333333333331,0.9272337957003045,0.7490828,0.061212268
688,-1.2,0.9333333333333331,0.824541861408053,0.7620133,0.005843336
689,-1.0666666666666667,0.9333333333333331,0.7186118501802653,0.710356,0.0024674821
690,-0.9333333333333333,0.9333333333333331,0.6570493431424257,0.64089704,0.0023572766
691,-0.8,0.9333333333333331,0.6819104872644035,0.69706106,0.0035024036
692,-0.6666666666666667,0.9333333333333331,0.8139407222413126,0.8274708,0.00792127
693,-0.5333333333333334,0.9333333333333331,1.0425883461263563,0.9919293,0.086751044
694,-0.3999999999999999,0.9333333333333331,1.325759824618751,1.2452841,0.4170472
695,-0.2666666666666666,0.9333333333333331,1.6000645373615876,1.4521123,0.43475088
696,-0.1333333333333333,0.9333333333333331,1.7986658162959324,1.780283,0.72963685
697,0.0,0.9333333333333331,0.8711111111111107,1.9101511,0.83872724
698,0.1333333333333333,0.9333333333333331,1.7986658151355002,1.8662292,0.64949924
699,0.2666666666666666,0.9333333333333331,1.6000645369056032,1.6401256,0.10331599
700,0.3999999999999999,0.9333333333333331,1.3257598244291526,1.3164393,0.035877552
701,0.5333333333333332,0.9333333333333331,1.0425883460727243,1.0255227,0.027791597
702,0.6666666666666665,0.9333333333333331,0.8139407222556178,0.86763734,0.02469013
703,0.7999999999999998,0.9333333333333331,0.681910487303854,0.8180949,0.024051387
704,0.9333333333333331,0.9333333333333331,0.6570493431806836,0.7620713,0.04688836
705,1.0666666666666664,0.9333333333333331,0.7186118502041134,0.52857083,0.16332887
706,1.2000000000000002,0.9333333333333331,0.8245418614145267,0.287368,0.6118531
707,1.3333333333333335,0.9333333333333331,0.9272337956932831,0.02209818,0.9778519
708,1.4666666666666668,0.9333333333333331,0.9894061387796754,-0.16041924,0.9987713
709,1.6,0.9333333333333331,0.9947808919325868,-0.23829058,0.9999425
710,1.7333333333333334,0.9333333333333331,0.9504439436203388,-0.3028726,0.99999744
711,1.8666666666666667,0.9333333333333331,0.8808951006343967,-0.36745453,0.9999998
712,2.0,0.9333333333333331,0.8167090000244425,-0.43203637,0.99999994
713,-2.0,1.0666666666666664,1.0833756666865717,0.40018967,0.9999998
714,-1.8666666666666667,1.0666666666666664,1.1475617673019376,0.51306397,0.9999966
715,-1.7333333333333334,1.0666666666666664,1.21711061029464,0.6273068,0.9998935
716,-1.6,1.0666666666666664,1.2614475586121467,0.74158436,0.99664986
717,-1.4666666666666668,1.0666666666666664,1.256072805459796,0.86039484,0.893963
718,-1.3333333333333335,1.0666666666666664,1.1939004623669711,0.93815064,0.26204172
719,-1.2,1.0666666666666664,1.0912085280747197,0.8986049,0.084185734
720,-1.0666666666666667,1.0666666666666664,0.9852785168469319,0.85608804,0.024692317
721,-0.9333333333333333,1.0666666666666664,0.9237160098090923,0.8135707,0.0067182165
722,-0.8,1.0666666666666664,0.9485771539310701,0.79101145,0.0020194668
723,-0.6666666666666667,1.0666666666666664,1.0806073889079792,0.8772422,0.0029781328
724,-0.5333333333333334,1.0666666666666664,1.309255012793023,1.0406954,0.0061630304
725,-0.3999999999999999,1.0666666666666664,1.5924264912854176,1.2676045,0.012286639
726,-0.2666666666666666,1.0666666666666664,1.8667312040282542,1.6380168,0.03299909
727,-0.1333333333333333,1.0666666666666664,2.065332482962599,1.8793601,0.22700217
728,0.0,1.0666666666666664,1.1377777777777773,1.9911457,0.6411595
729,0.1333333333333333,1.0666666666666664,2.0653324818021668,1.969497,0.4050604
730,0.2666666666666666,1.0666666666666664,1.8667312035722698,1.7443913,0.0646829
731,0.3999999999999999,1.0666666666666664,1.5924264910958192,1.4977376,0.03811993
732,0.5333333333333332,1.0666666666666664,1.309255012739391,1.2624298,0.036639288
733,0.6666666666666665,1.0666666666666664,1.0806073889222843,1.1052116,0.036625937
734,0.7999999999999998,1.0666666666666664,0.9485771539705206,0.98095,0.03736615
735,0.9333333333333331,1.0666666666666664,0.9237160098473503,0.857315,0.05227743
736,1.0666666666666664,1.0666666666666664,0.98527851687078,0.7090953,0.1365635
737,1.2000000000000002,1.0666666666666664,1.0912085280811932,0.49098876,0.64382046
738,1.3333333333333335,1.0666666666666664,1.1939004623599498,0.24045475,0.9829442
739,1.4666666666666668,1.0666666666666664,1.2560728054463421,0.005472611,0.99935293
740,1.6,1.0666666666666664,1.2614475585992535,-0.17419589,0.9999779
741,1.7333333333333334,1.0666666666666664,1.2171106102870055,-0.236205,0.999999
742,1.8666666666666667,1.0666666666666664,1.1475617673010634,-0.30078685,0.99999994
743,2.0,1.0666666666666664,1.083375666691109,-0.36536893,0.99999994
744,-2.0,1.2000000000000002,1.3855978889087948,0.68892515,0.99999994
745,-1.8666666666666667,1.2000000000000002,1.4497839895241607,0.7960589,0.99999946
746,-1.7333333333333334,1.2000000000000002,1.5193328325168631,0.903388,0.9999843
747,-1.6,1.2000000000000002,1.5636697808343698,1.0119139,0.9994596
748,-1.4666666666666668,1.2000000000000002,1.558295027682019,1.1243031,0.97920376
749,-1.3333333333333335,1.2000000000000002,1.4961226845891942,1.1039326,0.87358266
750,-1.2,1.2000000000000002,1.3934307502969427,1.0545235,0.6369308
751,-1.0666666666666667,1.2000000000000002,1.2875007390691549,1.0050068,0.30797273
752,-0.9333333333333333,1.2000000000000002,1.2259382320313155,0.95549047,0.10126284
753,-0.8,1.2000000000000002,1.2507993761532932,0.9024187,0.03707151
754,-0.6666666666666667,1.2000000000000002,1.3828296111302023,0.9439291,0.03562588
755,-0.5333333333333334,1.2000000000000002,1.6114772350152458,1.0614178,0.094893724
756,-0.3999999999999999,1.2000000000000002,1.8946487135076406,1.3894982,0.4661026
757,-0.2666666666666666,1.2000000000000002,2.1689534262504773,1.823662,0.8691901
758,-0.1333333333333333,1.2000000000000002,2.367554705184822,2.0370564,0.99170387
759,0.0,1.2000000000000002,1.4400000000000004,2.162998,0.9985523
760,0.1333333333333333,1.2000000000000002,2.36755470402439,2.1441352,0.9950995
761,0.2666666666666666,1.2000000000000002,2.168953425794493,1.909228,0.91347504
762,0.3999999999999999,1.2000000000000002,1.894648713318042,1.7343262,0.7756041
763,0.5333333333333332,1.2000000000000002,1.611477234961614,1.5296019,0.7075216
764,0.6666666666666665,1.2000000000000002,1.3828296111445075,1.3992484,0.6102246
765,0.7999999999999998,1.2000000000000002,1.2507993761927436,1.2860581,0.5054
766,0.9333333333333331,1.2000000000000002,1.2259382320695733,1.1516237,0.473949
767,1.0666666666666664,1.2000000000000002,1.287500739093003,1.0024333,0.74114156
768,1.2000000000000002,1.2000000000000002,1.3934307503034162,0.7628429,0.9757572
769,1.3333333333333335,1.2000000000000002,1.496122684582173,0.51642865,0.99879867
770,1.4666666666666668,1.2000000000000002,1.5582950276685652,0.2161794,0.99993354
771,1.6,1.2000000000000002,1.5636697808214766,-0.00032118382,0.9999946
772,1.7333333333333334,1.2000000000000002,1.5193328325092286,-0.16816399,0.9999996
773,1.8666666666666667,1.2000000000000002,1.4497839895232865,-0.23411933,0.99999994
774,2.0,1.2000000000000002,1.385597888913332,-0.29870117,0.99999994
775,-2.0,1.3333333333333335,1.7233756666865725,0.9886738,0.99999994
776,-1.8666666666666667,1.3333333333333335,1.7875617673019384,1.0958077,0.99999994
777,-1.7333333333333334,1.3333333333333335,1.8571106102946409,1.2029415,0.99999815
778,-1.6,1.3333333333333335,1.9014475586121475,1.3112714,0.99993926
779,-1.4666666666666668,1.3333333333333335,1.8960728054597968,1.3584652,0.99899524
780,-1.3333333333333335,1.3333333333333335,1.833900462366972,1.3090525,0.99605733
781,-1.2,1.3333333333333335,1.7312085280747205,1.2596893,0.9846515
782,-1.0666666666666667,1.3333333333333335,1.6252785168469326,1.2102416,0.9421546
783,-0.9333333333333333,1.3333333333333335,1.5637160098090932,1.160725,0.8052305
784,-0.8,1.3333333333333335,1.588577153931071,1.1165366,0.74206746
785,-0.6666666666666667,1.3333333333333335,1.72060738890798,1.1365503,0.91521645
786,-0.5333333333333334,1.3333333333333335,1.9492550127930235,1.3259867,0.9885363
787,-0.3999999999999999,1.3333333333333335,2.2324264912854184,1.6841261,0.99861395
788,-0.2666666666666666,1.3333333333333335,2.506731204028255,2.0289984,0.9997607
789,-0.1333333333333333,1.3333333333333335,2.7053324829625995,2.195654,0.99998635
790,0.0,1.3333333333333335,1.7777777777777781,2.3120096,0.9999966
791,0.1333333333333333,1.3333333333333335,2.7053324818021673,2.3214326,0.9999891
792,0.2666666666666666,1.3333333333333335,2.5067312035722704,2.1821163,0.99985284
793,0.3999999999999999,1.3333333333333335,2.23242649109582,2.071185,0.9996119
794,0.5333333333333332,1.3333333333333335,1.9492550127393917,1.9129126,0.99952793
795,0.6666666666666665,1.3333333333333335,1.7206073889222853,1.7804201,0.9994346
796,0.7999999999999998,1.3333333333333335,1.5885771539705213,1.6695588,0.9992543
797,0.9333333333333331,1.3333333333333335,1.563716009847351,1.5569419,0.9990751
798,1.0666666666666664,1.3333333333333335,1.6252785168707808,1.390919,0.9993092
799,1.2000000000000002,1.3333333333333335,1.731208528081194,1.1803108,0.99990004
800,1.3333333333333335,1.3333333333333335,1.8339004623599506,0.84783405,0.9999946
801,1.4666666666666668,1.3333333333333335,1.896072805446343,0.5821589,0.9999997
802,1.6,1.3333333333333335,1.9014475585992543,0.2650884,0.99999994
803,1.7333333333333334,1.3333333333333335,1.8571106102870063,0.036153544,0.99999994
804,1.8666666666666667,1.3333333333333335,1.7875617673010642,-0.12744753,0.99999994
805,2.0,1.3333333333333335,1.7233756666911098,-0.20336522,0.99999994
806,-2.0,1.4666666666666668,2.096709000019906,1.2884225,0.99999994
807,-1.8666666666666667,1.4666666666666668,2.160895100635272,1.3955562,0.99999994
808,-1.7333333333333334,1.4666666666666668,2.2304439436279746,1.5026901,0.9999997
809,-1.6,1.4666666666666668,2.274780891945481,1.6109565,0.9999929
810,-1.4666666666666668,1.4666666666666668,2.2694061387931304,1.5626403,0.99997777
811,-1.3333333333333335,1.4666666666666668,2.207233795700305,1.5113444,0.9999395
812,-1.2,1.4666666666666668,2.104541861408054,1.4600483,0.9998353
813,-1.0666666666666667,1.4666666666666668,1.998611850180266,1.4088188,0.99955183
814,-0.9333333333333333,1.4666666666666668,1.9370493431424267,1.3630422,0.9988686
815,-0.8,1.4666666666666668,1.9619104872644044,1.3561326,0.9993928
816,-0.6666666666666667,1.4666666666666668,2.0939407222413133,1.3887739,0.9998813
817,-0.5333333333333334,1.4666666666666668,2.322588346126357,1.7122872,0.99998945
818,-0.3999999999999999,1.4666666666666668,2.605759824618752,2.0627503,0.9999986
819,-0.2666666666666666,1.4666666666666668,2.8800645373615885,2.335224,0.9999997
820,-0.1333333333333333,1.4666666666666668,3.078665816295933,2.4402153,0.99999994
821,0.0,1.4666666666666668,2.1511111111111116,2.5364225,0.99999994
822,0.1333333333333333,1.4666666666666668,3.0786658151355013,2.5784588,0.99999994
823,0.2666666666666666,1.4666666666666668,2.8800645369056044,2.5523407,0.9999998
824,0.3999999999999999,1.4666666666666668,2.6057598244291533,2.4851615,0.9999996
825,0.5333333333333332,1.4666666666666668,2.3225883460727252,2.3526685,0.99999946
826,0.6666666666666665,1.4666666666666668,2.093940722255619,2.2201762,0.99999946
827,0.7999999999999998,1.4666666666666668,1.9619104873038549,2.087684,0.99999934
828,0.9333333333333331,1.4666666666666668,1.9370493431806846,1.9593618,0.9999992
829,1.0666666666666664,1.4666666666666668,1.9986118502041144,1.7946455,0.99999934
830,1.2000000000000002,1.4666666666666668,2.1045418614145275,1.605346,0.9999996
831,1.3333333333333335,1.4666666666666668,2.207233795693284,1.3325012,0.99999994
832,1.4666666666666668,1.4666666666666668,2.2694061387796762,0.9740604,0.99999994
833,1.6,1.4666666666666668,2.2747808919325876,0.6221147,0.99999994
834,1.7333333333333334,1.4666666666666668,2.23044394362034,0.30910495,0.99999994
835,1.8666666666666667,1.4666666666666668,2.1608951006343977,0.080179945,0.99999994
836,2.0,1.4666666666666668,2.0967090000244433,-0.07463552,0.99999994
837,-2.0,1.6,2.505597888908795,1.5859189,0.99999994
838,-1.8666666666666667,1.6,2.569783989524161,1.6910833,0.99999994
839,-1.7333333333333334,1.6,2.6393328325168635,1.796248,0.99999994
840,-1.6,1.6,2.6836697808343697,1.8086891,0.99999994
841,-1.4666666666666668,1.6,2.678295027682019,1.7580966,0.9999998
842,-1.3333333333333335,1.6,2.616122684589194,1.7075036,0.9999997
843,-1.2,1.6,2.513430750296943,1.65625,0.9999992
844,-1.0666666666666667,1.6,2.407500739069155,1.6052573,0.9999979
845,-0.9333333333333333,1.6,2.3459382320313154,1.5935647,0.9999972
846,-0.8,1.6,2.3707993761532933,1.6056066,0.9999992
847,-0.6666666666666667,1.6,2.502829611130202,1.8211468,0.9999998
848,-0.5333333333333334,1.6,2.731477235015246,2.1479213,0.99999994
849,-0.3999999999999999,1.6,3.0146487135076407,2.450274,0.99999994
850,-0.2666666666666666,1.6,3.2889534262504774,2.682111,0.99999994
851,-0.1333333333333333,1.6,3.487554705184822,2.7664208,0.99999994
852,0.0,1.6,2.5600000000000005,2.8337994,0.99999994
853,0.1333333333333333,1.6,3.48755470402439,2.87608,0.99999994
854,0.2666666666666666,1.6,3.2889534257944932,2.9122562,0.99999994
855,0.3999999999999999,1.6,3.014648713318042,2.9254575,0.99999994
856,0.5333333333333332,1.6,2.731477234961614,2.7924252,0.99999994
857,0.6666666666666665,1.6,2.5028296111445076,2.6599329,0.99999994
858,0.7999999999999998,1.6,2.370799376192744,2.52744,0.99999994
859,0.9333333333333331,1.6,2.345938232069573,2.394948,0.99999994
860,1.0666666666666664,1.6,2.4075007390930034,2.2126386,0.99999994
861,1.2000000000000002,1.6,2.5134307503034163,2.0323179,0.99999994
862,1.3333333333333335,1.6,2.616122684582173,1.7830126,0.99999994
863,1.4666666666666668,1.6,2.678295027668565,1.461207,0.99999994
864,1.6,1.6,2.6836697808214764,1.0871733,0.99999994
865,1.7333333333333334,1.6,2.6393328325092287,0.64440584,0.99999994
866,1.8666666666666667,1.6,2.5697839895232866,0.35320106,0.99999994
867,2.0,1.6,2.505597888913332,0.12485425,0.99999994
868,-2.0,1.7333333333333334,2.950042333353239,1.8766856,0.99999994
869,-1.8666666666666667,1.7333333333333334,3.014228433968605,1.9818499,0.99999994
870,-1.7333333333333334,1.7333333333333334,3.0837772769613077,2.054674,0.99999994
871,-1.6,1.7333333333333334,3.128114225278814,2.0041306,0.99999994
872,-1.4666666666666668,1.7333333333333334,3.1227394721264634,1.9535384,0.99999994
873,-1.3333333333333335,1.7333333333333334,3.0605671290336383,1.9029458,0.99999994
874,-1.2,1.7333333333333334,2.957875194741387,1.8523531,0.99999994
875,-1.0666666666666667,1.7333333333333334,2.851945183513599,1.8301823,0.99999994
876,-0.9333333333333333,1.7333333333333334,2.7903826764757595,1.8381593,0.99999994
877,-0.8,1.7333333333333334,2.8152438205977375,1.9387488,0.99999994
878,-0.6666666666666667,1.7333333333333334,2.9472740555746464,2.2569785,0.99999994
879,-0.5333333333333334,1.7333333333333334,3.17592167945969,2.5835564,0.99999994
880,-0.3999999999999999,1.7333333333333334,3.459093157952085,2.8859084,0.99999994
881,-0.2666666666666666,1.7333333333333334,3.7333978706949216,3.0404046,0.99999994
882,-0.1333333333333333,1.7333333333333334,3.931999149629266,3.1207416,0.99999994
883,0.0,1.7333333333333334,3.0044444444444447,3.150426,0.99999994
884,0.1333333333333333,1.7333333333333334,3.931999148468834,3.1986065,0.99999994
885,0.2666666666666666,1.7333333333333334,3.733397870238937,3.3192043,0.99999994
886,0.3999999999999999,1.7333333333333334,3.4590931577624864,3.3574739,0.99999994
887,0.5333333333333332,1.7333333333333334,3.1759216794060583,3.2321815,0.99999994
888,0.6666666666666665,1.7333333333333334,2.947274055588952,3.099689,0.99999994
889,0.7999999999999998,1.7333333333333334,2.815243820637188,2.9671972,0.99999994
890,0.9333333333333331,1.7333333333333334,2.7903826765140174,2.8347044,0.99999994
891,1.0666666666666664,1.7333333333333334,2.8519451835374476,2.6682675,0.99999994
892,1.2000000000000002,1.7333333333333334,2.9578751947478605,2.4669683,0.99999994
893,1.3333333333333335,1.7333333333333334,3.060567129026617,2.2280393,0.99999994
894,1.4666666666666668,1.7333333333333334,3.1227394721130093,1.9268572,0.99999994
895,1.6,1.7333333333333334,3.1281142252659206,1.5679106,0.99999994
896,1.7333333333333334,1.7333333333333334,3.083777276953673,1.1759479,0.99999994
897,1.8666666666666667,1.7333333333333334,3.0142284339677308,0.7204263,0.99999994
898,2.0,1.7333333333333334,2.9500423333577763,0.3981135,0.99999994
899,-2.0,1.8666666666666667,3.430042333353239,2.1674526,0.99999994
900,-1.8666666666666667,1.8666666666666667,3.494228433968605,2.263116,0.99999994
901,-1.7333333333333334,1.8666666666666667,3.5637772769613076,2.2501655,0.99999994
902,-1.6,1.8666666666666667,3.608114225278814,2.1995728,0.99999994
903,-1.4666666666666668,1.8666666666666667,3.6027394721264634,2.1489801,0.99999994
904,-1.3333333333333335,1.8666666666666667,3.5405671290336382,2.0983875,0.99999994
905,-1.2,1.8666666666666667,3.437875194741387,2.0649645,0.99999994
906,-1.0666666666666667,1.8666666666666667,3.331945183513599,2.0667424,0.99999994
907,-0.9333333333333333,1.8666666666666667,3.2703826764757595,2.0762854,0.99999994
908,-0.8,1.8666666666666667,3.2952438205977375,2.3755097,0.99999994
909,-0.6666666666666667,1.8666666666666667,3.4272740555746464,2.6928833,0.99999994
910,-0.5333333333333334,1.8666666666666667,3.65592167945969,3.0191905,0.99999994
911,-0.3999999999999999,1.8666666666666667,3.939093157952085,3.321543,0.99999994
912,-0.2666666666666666,1.8666666666666667,4.213397870694921,3.4373264,0.99999994
913,-0.1333333333333333,1.8666666666666667,4.411999149629266,3.4751494,0.99999994
914,0.0,1.8666666666666667,3.4844444444444447,3.4829662,0.99999994
915,0.1333333333333333,1.8666666666666667,4.411999148468834,3.5753376,0.99999994
916,0.2666666666666666,1.8666666666666667,4.213397870238937,3.717603,0.99999994
917,0.3999999999999999,1.8666666666666667,3.9390931577624864,3.7749686,0.99999994
918,0.5333333333333332,1.8666666666666667,3.6559216794060583,3.6688607,0.99999994
919,0.6666666666666665,1.8666666666666667,3.427274055588952,3.5394418,0.99999994
920,0.7999999999999998,1.8666666666666667,3.295243820637188,3.406953,0.99999994
921,0.9333333333333331,1.8666666666666667,3.2703826765140174,3.2744606,0.99999994
922,1.0666666666666664,1.8666666666666667,3.3319451835374476,3.1238964,0.99999994
923,1.2000000000000002,1.8666666666666667,3.4378751947478605,2.922458,0.99999994
924,1.3333333333333335,1.8666666666666667,3.540567129026617,2.716695,0.99999994
925,1.4666666666666668,1.8666666666666667,3.6027394721130093,2.403722,0.99999994
926,1.6,1.8666666666666667,3.6081142252659206,2.0418744,0.99999994
927,1.7333333333333334,1.8666666666666667,3.563777276953673,1.671325,0.99999994
928,1.8666666666666667,1.8666666666666667,3.4942284339677308,1.2600262,0.99999994
929,2.0,1.8666666666666667,3.4300423333577763,0.8006995,0.99999994
930,-2.0,2.0,3.9455978889087944,2.458219,0.99999994
931,-1.8666666666666667,2.0,4.00978398952416,2.4959605,0.99999994
932,-1.7333333333333334,2.0,4.0793328325168625,2.4456074,0.99999994
933,-1.6,2.0,4.123669780834369,2.395015,0.99999994
934,-1.4666666666666668,2.0,4.118295027682019,2.344422,0.99999994
935,-1.3333333333333335,2.0,4.056122684589194,2.297549,0.99999994
936,-1.2,2.0,3.9534307502969424,2.2907882,0.99999994
937,-1.0666666666666667,2.0,3.8475007390691545,2.3061981,0.99999994
938,-0.9333333333333333,2.0,3.785938232031315,2.5076308,0.99999994
939,-0.8,2.0,3.810799376153293,2.812234,0.99999994
940,-0.6666666666666667,2.0,3.9428296111302017,3.1288118,0.99999994
941,-0.5333333333333334,2.0,4.171477235015246,3.4549415,0.99999994
942,-0.3999999999999999,2.0,4.45464871350764,3.746974,0.99999994
943,-0.2666666666666666,2.0,4.728953426250477,3.8291228,0.99999994
944,-0.1333333333333333,2.0,4.927554705184821,3.8669472,0.99999994
945,0.0,2.0,4.0,3.8741128,0.99999994
946,0.1333333333333333,2.0,4.92755470402439,3.95449,0.99999994
947,0.2666666666666666,2.0,4.728953425794493,4.0989265,0.99999994
948,0.3999999999999999,2.0,4.454648713318042,4.177498,0.99999994
949,0.5333333333333332,2.0,4.171477234961613,4.084604,0.99999994
950,0.6666666666666665,2.0,3.942829611144507,3.9639125,0.99999994
951,0.7999999999999998,2.0,3.8107993761927434,3.8344944,0.99999994
952,0.9333333333333331,2.0,3.7859382320695727,3.705075,0.99999994
953,1.0666666666666664,2.0,3.847500739093003,3.5732882,0.99999994
954,1.2000000000000002,2.0,3.953430750303416,3.3693805,0.99999994
955,1.3333333333333335,2.0,4.0561226845821725,3.1613753,0.99999994
956,1.4666666666666668,2.0,4.118295027668565,2.8981233,0.99999994
957,1.6,2.0,4.123669780821476,2.528596,0.99999994
958,1.7333333333333334,2.0,4.079332832509228,2.1523862,0.99999994
959,1.8666666666666667,2.0,4.009783989523286,1.7662699,0.99999994
960,2.0,2.0,3.9455978889133316,1.344441,0.99999994
