,xtr_0,xtr_1,ytr_0,xte_0,xte_1,yte_0,modelte_0,epi_0,loss
0,-1.0,-1.0,0.8082151450513766,-2.0,-2.0,3.9455978889087944,0.44967148,0.718675,0.7475827813148499
1,-0.8947368421052632,-1.0,0.7828087558329775,-1.8666666666666667,-2.0,4.00978398952416,0.6059696,0.8267022,0.2476414144039154
2,-0.7894736842105263,-1.0,0.8172534097868989,-1.7333333333333334,-2.0,4.0793328325168625,0.8756068,1.0,0.19675432741642
3,-0.6842105263157895,-1.0,0.9193708349615816,-1.6,-2.0,4.123669780834369,0.8693215,0.52869254,0.16493271589279174
4,-0.5789473684210527,-1.0,1.084413993886785,-1.4666666666666668,-2.0,4.118295027682019,1.0883445,0.70372236,0.1283819630742073
5,-0.4736842105263158,-1.0,1.2948836563908752,-1.3333333333333335,-2.0,4.056122684589194,1.1404257,0.64704996,0.07700671553611756
6,-0.368421052631579,-1.0,1.5229999370037697,-1.2,-2.0,3.9534307502969424,1.2220591,0.5332996,0.1671759605407715
7,-0.26315789473684215,-1.0,1.735422791153194,-1.0666666666666667,-2.0,3.8475007390691545,1.4441189,0.49894434,0.26732841581106187
8,-0.1578947368421053,-1.0,1.8993114573918617,-0.9333333333333333,-2.0,3.785938232031315,1.542215,0.55243534,0.11607645153999328
9,-0.052631578947368474,-1.0,1.9884978882241269,-0.8,-2.0,3.810799376153293,1.7631137,0.534256,0.09377748519182205
10,0.05263157894736836,-1.0,1.9884978850912138,-0.6666666666666667,-2.0,3.9428296111302017,2.180741,0.47707117,0.14083772003650666
11,0.1578947368421053,-1.0,1.899311456441779,-0.5333333333333334,-2.0,4.171477235015246,2.4307146,0.5990171,0.1585344433784485
12,0.26315789473684204,-1.0,1.7354227906870294,-0.3999999999999999,-2.0,4.45464871350764,2.7148242,0.6552212,0.15678246617317199
13,0.36842105263157876,-1.0,1.5229999367669733,-0.2666666666666666,-2.0,4.728953426250477,3.002113,0.5755131,0.14738391041755677
14,0.4736842105263157,-1.0,1.2948836562870316,-0.1333333333333333,-2.0,4.927554705184821,3.066334,0.58573014,0.12710997760295867
15,0.5789473684210527,-1.0,1.084413993862463,0.0,-2.0,4.0,3.0835764,0.6430103,0.13239772915840148
16,0.6842105263157894,-1.0,0.9193708349812388,0.1333333333333333,-2.0,4.92755470402439,3.146916,0.4484796,0.1745901070535183
17,0.7894736842105261,-1.0,0.8172534098255118,0.2666666666666666,-2.0,4.728953425794493,3.0818698,0.5882322,0.08571831285953521
18,0.894736842105263,-1.0,0.7828087558734692,0.3999999999999999,-2.0,4.454648713318042,2.8791513,0.82658315,0.06645542085170746
19,1.0,-1.0,0.808215145083368,0.5333333333333332,-2.0,4.171477234961613,2.7884514,0.5043988,0.07769428566098213
20,1.0,-1.0,0.808215145083368,0.6666666666666665,-2.0,3.942829611144507,2.6055589,0.60509235,0.15586097240448
21,1.0,-0.8947368421052632,0.6087691617038666,0.7999999999999998,-2.0,3.8107993761927434,2.3789349,0.49104837,0.14080243855714797
22,1.0,-0.7894736842105263,0.4314838431443099,0.9333333333333331,-2.0,3.7859382320695727,2.0921767,0.6596831,0.11294929832220077
23,1.0,-0.6842105263157895,0.27635918940469767,1.0666666666666664,-2.0,3.847500739093003,1.9318146,0.45843074,0.15090164691209793
24,1.0,-0.5789473684210527,0.14339520048503007,1.2000000000000002,-2.0,3.953430750303416,1.9705253,0.6182026,0.12623904645442963
25,1.0,-0.4736842105263158,0.032591876385307084,1.3333333333333335,-2.0,4.0561226845821725,1.5819299,0.7436489,0.12551016509532928
26,1.0,-0.368421052631579,-0.056050782894471296,1.4666666666666668,-2.0,4.118295027668565,1.6135621,0.64264953,0.08637925162911415
27,1.0,-0.26315789473684215,-0.12253277735430511,1.6,-2.0,4.123669780821476,1.4990863,0.5273181,0.12581378668546678
28,1.0,-0.1578947368421053,-0.1668541069941943,1.7333333333333334,-2.0,4.079332832509228,1.4107801,0.72333485,0.11538119986653328
29,1.0,-0.052631578947368474,-0.18901477181413892,1.8666666666666667,-2.0,4.009783989523286,1.2679023,0.584007,0.15164156556129454
30,1.0,0.05263157894736836,-0.18901477181413892,2.0,-2.0,3.9455978889133316,1.2887428,0.6312096,0.19566450715065004
31,1.0,0.1578947368421053,-0.1668541069941943,-2.0,-1.8666666666666667,3.430042333353239,0.310539,0.6881628,0.0953028604388237
32,1.0,0.26315789473684204,-0.12253277735430516,-1.8666666666666667,-1.8666666666666667,3.494228433968605,0.5233716,0.7021195,0.1034571498632431
33,1.0,0.36842105263157876,-0.05605078289447146,-1.7333333333333334,-1.8666666666666667,3.5637772769613076,0.640546,0.71260697,0.07704136073589325
34,1.0,0.4736842105263157,0.03259187638530697,-1.6,-1.8666666666666667,3.608114225278814,0.77526826,0.63213784,0.12392104268074036
35,1.0,0.5789473684210527,0.14339520048503007,-1.4666666666666668,-1.8666666666666667,3.6027394721264634,0.85753435,0.64485157,0.13987855911254882
36,1.0,0.6842105263157894,0.2763591894046975,-1.3333333333333335,-1.8666666666666667,3.5405671290336382,1.0486381,0.5768519,0.10620197355747223
37,1.0,0.7894736842105261,0.43148384314430954,-1.2,-1.8666666666666667,3.437875194741387,1.0441684,0.5256838,0.08817631900310516
38,1.0,0.894736842105263,0.6087691617038664,-1.0666666666666667,-1.8666666666666667,3.331945183513599,1.3172541,0.53910583,0.17607334554195403
39,1.0,1.0,0.808215145083368,-0.9333333333333333,-1.8666666666666667,3.2703826764757595,1.3809625,0.4855325,0.13059875071048738
40,1.0,1.0,0.808215145083368,-0.8,-1.8666666666666667,3.2952438205977375,1.4830239,0.6156956,0.06730518080294132
41,0.8947368421052632,1.0,0.7828087558734692,-0.6666666666666667,-1.8666666666666667,3.4272740555746464,1.9639561,0.50945497,0.07388588413596153
42,0.7894736842105263,1.0,0.8172534098255115,-0.5333333333333334,-1.8666666666666667,3.65592167945969,2.2436182,0.48504734,0.09879583269357681
43,0.6842105263157895,1.0,0.9193708349812388,-0.3999999999999999,-1.8666666666666667,3.939093157952085,2.5875585,0.5115164,0.08266848921775818
44,0.5789473684210527,1.0,1.084413993862463,-0.2666666666666666,-1.8666666666666667,4.213397870694921,2.8111532,0.4703982,0.06779358088970185
45,0.4736842105263158,1.0,1.2948836562870314,-0.1333333333333333,-1.8666666666666667,4.411999149629266,2.7988968,0.67398405,0.1100623831152916
46,0.368421052631579,1.0,1.5229999367669729,0.0,-1.8666666666666667,3.4844444444444447,2.8772485,0.5310556,0.10203172415494918
47,0.26315789473684215,1.0,1.7354227906870292,0.1333333333333333,-1.8666666666666667,4.411999148468834,2.81655,0.6334399,0.1405040591955185
48,0.1578947368421053,1.0,1.899311456441779,0.2666666666666666,-1.8666666666666667,4.213397870238937,2.8166885,0.63553435,0.1276068314909935
49,0.052631578947368474,1.0,1.988497885091214,0.3999999999999999,-1.8666666666666667,3.9390931577624864,2.8098762,0.4702977,0.0526793360710144
50,-0.05263157894736836,1.0,1.9884978882241269,0.5333333333333332,-1.8666666666666667,3.6559216794060583,2.5298166,0.5217564,0.07991106770932674
51,-0.1578947368421053,1.0,1.8993114573918617,0.6666666666666665,-1.8666666666666667,3.427274055588952,2.3545191,0.48375258,0.0925144225358963
52,-0.26315789473684204,1.0,1.7354227911531943,0.7999999999999998,-1.8666666666666667,3.295243820637188,2.083768,0.67864877,0.11163890659809113
53,-0.36842105263157876,1.0,1.5229999370037701,0.9333333333333331,-1.8666666666666667,3.2703826765140174,1.8648549,0.56837916,0.07657623440027236
54,-0.4736842105263157,1.0,1.2948836563908754,1.0666666666666664,-1.8666666666666667,3.3319451835374476,1.8385962,0.56879544,0.05588340610265732
55,-0.5789473684210527,1.0,1.084413993886785,1.2000000000000002,-1.8666666666666667,3.4378751947478605,1.6378195,0.55981445,0.09362645745277405
56,-0.6842105263157894,1.0,0.9193708349615817,1.3333333333333335,-1.8666666666666667,3.540567129026617,1.6300131,0.618873,0.09165216386318206
57,-0.7894736842105261,1.0,0.817253409786899,1.4666666666666668,-1.8666666666666667,3.6027394721130093,1.5020263,0.5314762,0.07477501146495343
58,-0.894736842105263,1.0,0.7828087558329775,1.6,-1.8666666666666667,3.6081142252659206,1.3150239,0.26060492,0.08855304792523384
59,-1.0,1.0,0.8082151450513766,1.7333333333333334,-1.8666666666666667,3.563777276953673,1.1782632,0.56709296,0.1463304191827774
60,-1.0,1.0,0.8082151450513766,1.8666666666666667,-1.8666666666666667,3.4942284339677308,1.1534427,0.56781286,0.06589684486389161
61,-1.0,0.8947368421052632,0.6087691616718752,2.0,-1.8666666666666667,3.4300423333577763,1.0424825,0.5426184,0.08327375501394271
62,-1.0,0.7894736842105263,0.43148384311231847,-2.0,-1.7333333333333334,2.950042333353239,0.24465466,0.802275,0.08424328863620759
63,-1.0,0.6842105263157895,0.2763591893727063,-1.8666666666666667,-1.7333333333333334,3.014228433968605,0.32030395,0.78221285,0.07302043437957764
64,-1.0,0.5789473684210527,0.1433952004530387,-1.7333333333333334,-1.7333333333333334,3.0837772769613077,0.3887458,0.47897595,0.11936481297016144
65,-1.0,0.4736842105263158,0.0325918763533157,-1.6,-1.7333333333333334,3.128114225278814,0.5901611,0.62444854,0.14547693133354186
66,-1.0,0.368421052631579,-0.05605078292646268,-1.4666666666666668,-1.7333333333333334,3.1227394721264634,0.75277984,0.5599148,0.07722940444946289
67,-1.0,0.26315789473684215,-0.12253277738629649,-1.3333333333333335,-1.7333333333333334,3.0605671290336383,0.8312901,0.5620067,0.04178949072957039
68,-1.0,0.1578947368421053,-0.1668541070261857,-1.2,-1.7333333333333334,2.957875194741387,0.99268675,0.44774395,0.1330477178096771
69,-1.0,0.052631578947368474,-0.1890147718461303,-1.0666666666666667,-1.7333333333333334,2.851945183513599,1.1392766,0.6546287,0.06798275411128998
70,-1.0,-0.05263157894736836,-0.1890147718461303,-0.9333333333333333,-1.7333333333333334,2.7903826764757595,1.3019392,0.42641288,0.10576089173555374
71,-1.0,-0.1578947368421053,-0.1668541070261857,-0.8,-1.7333333333333334,2.8152438205977375,1.3910888,0.58801705,0.09951017946004867
72,-1.0,-0.26315789473684204,-0.12253277738629655,-0.6666666666666667,-1.7333333333333334,2.9472740555746464,1.6681932,0.49501064,0.056499078124761584
73,-1.0,-0.36842105263157876,-0.056050782926462844,-0.5333333333333334,-1.7333333333333334,3.17592167945969,2.012821,0.48772034,0.1949868083000183
74,-1.0,-0.4736842105263157,0.03259187635331559,-0.3999999999999999,-1.7333333333333334,3.459093157952085,2.359616,0.4249395,0.09094119817018509
75,-1.0,-0.5789473684210527,0.1433952004530387,-0.2666666666666666,-1.7333333333333334,3.7333978706949216,2.660103,0.3616149,0.12884366512298584
76,-1.0,-0.6842105263157894,0.2763591893727061,-0.1333333333333333,-1.7333333333333334,3.931999149629266,2.6279402,0.5676398,0.08442830294370651
77,-1.0,-0.7894736842105261,0.43148384311231813,0.0,-1.7333333333333334,3.0044444444444447,2.6941917,0.43351164,0.13391121923923494
78,-1.0,-0.894736842105263,0.608769161671875,0.1333333333333333,-1.7333333333333334,3.931999148468834,2.6763656,0.5333024,0.10486694574356079
79,-1.0,-1.0,0.8082151450513766,0.2666666666666666,-1.7333333333333334,3.733397870238937,2.6285388,0.5752646,0.08342596739530564
80,,,,0.3999999999999999,-1.7333333333333334,3.4590931577624864,2.5209608,0.6138764,0.08444635272026062
81,,,,0.5333333333333332,-1.7333333333333334,3.1759216794060583,2.381766,0.3568882,0.0912762500345707
82,,,,0.6666666666666665,-1.7333333333333334,2.947274055588952,2.063472,0.5810891,0.08779483139514924
83,,,,0.7999999999999998,-1.7333333333333334,2.815243820637188,1.8643419,0.49590284,0.06694706231355667
84,,,,0.9333333333333331,-1.7333333333333334,2.7903826765140174,1.7061126,0.5172309,0.1036419291049242
85,,,,1.0666666666666664,-1.7333333333333334,2.8519451835374476,1.6389284,0.457659,0.10814726203680039
86,,,,1.2000000000000002,-1.7333333333333334,2.9578751947478605,1.5142461,0.5546512,0.046925634145736694
87,,,,1.3333333333333335,-1.7333333333333334,3.060567129026617,1.3482167,0.42436022,0.12432532273232937
88,,,,1.4666666666666668,-1.7333333333333334,3.1227394721130093,1.2557279,0.5621627,0.09321687519550323
89,,,,1.6,-1.7333333333333334,3.1281142252659206,1.2274288,0.41902402,0.0659744381904602
90,,,,1.7333333333333334,-1.7333333333333334,3.083777276953673,1.0767188,0.63197255,0.0666542150080204
91,,,,1.8666666666666667,-1.7333333333333334,3.0142284339677308,1.1142427,0.57576,0.07232704758644104
92,,,,2.0,-1.7333333333333334,2.9500423333577763,0.88214904,0.58627504,0.09141538292169571
93,,,,-2.0,-1.6,2.505597888908795,0.10504658,0.8942708,0.07402319237589836
94,,,,-1.8666666666666667,-1.6,2.569783989524161,0.06050048,0.5067386,0.08609407842159271
95,,,,-1.7333333333333334,-1.6,2.6393328325168635,0.18952678,0.54067075,0.1231119766831398
96,,,,-1.6,-1.6,2.6836697808343697,0.3593591,0.4475931,0.08558174967765808
97,,,,-1.4666666666666668,-1.6,2.678295027682019,0.56841344,0.56657326,0.054223208129405974
98,,,,-1.3333333333333335,-1.6,2.616122684589194,0.7013403,0.44195294,0.0620798259973526
99,,,,-1.2,-1.6,2.513430750296943,0.75207716,0.41863638,0.16632649600505828
100,,,,-1.0666666666666667,-1.6,2.407500739069155,0.99170685,0.43579388,
101,,,,-0.9333333333333333,-1.6,2.3459382320313154,1.1563449,0.41617727,
102,,,,-0.8,-1.6,2.3707993761532933,1.3058534,0.47548884,
103,,,,-0.6666666666666667,-1.6,2.502829611130202,1.4615315,0.31467792,
104,,,,-0.5333333333333334,-1.6,2.731477235015246,1.8513178,0.34325033,
105,,,,-0.3999999999999999,-1.6,3.0146487135076407,2.059467,0.5297388,
106,,,,-0.2666666666666666,-1.6,3.2889534262504774,2.3654604,0.41537333,
107,,,,-0.1333333333333333,-1.6,3.487554705184822,2.394847,0.54958236,
108,,,,0.0,-1.6,2.5600000000000005,2.4490914,0.3887917,
109,,,,0.1333333333333333,-1.6,3.48755470402439,2.4895644,0.3868469,
110,,,,0.2666666666666666,-1.6,3.2889534257944932,2.4030802,0.50931734,
111,,,,0.3999999999999999,-1.6,3.014648713318042,2.324813,0.4624857,
112,,,,0.5333333333333332,-1.6,2.731477234961614,2.1483507,0.41216785,
113,,,,0.6666666666666665,-1.6,2.5028296111445076,1.9250821,0.36395922,
114,,,,0.7999999999999998,-1.6,2.370799376192744,1.7706082,0.5551413,
115,,,,0.9333333333333331,-1.6,2.345938232069573,1.4728096,0.5088422,
116,,,,1.0666666666666664,-1.6,2.4075007390930034,1.3890674,0.36544555,
117,,,,1.2000000000000002,-1.6,2.5134307503034163,1.3105216,0.5257438,
118,,,,1.3333333333333335,-1.6,2.616122684582173,1.2456157,0.43272597,
119,,,,1.4666666666666668,-1.6,2.678295027668565,1.112734,0.4087389,
120,,,,1.6,-1.6,2.6836697808214764,1.047531,0.5249912,
121,,,,1.7333333333333334,-1.6,2.6393328325092287,0.9734202,0.38024417,
122,,,,1.8666666666666667,-1.6,2.5697839895232866,0.84550804,0.41381815,
123,,,,2.0,-1.6,2.505597888913332,0.6619346,0.34690148,
124,,,,-2.0,-1.4666666666666668,2.096709000019906,-0.17719212,0.53536606,
125,,,,-1.8666666666666667,-1.4666666666666668,2.160895100635272,-0.12707795,0.44706005,
126,,,,-1.7333333333333334,-1.4666666666666668,2.2304439436279746,0.110378124,0.5923487,
127,,,,-1.6,-1.4666666666666668,2.274780891945481,0.33259526,0.64757,
128,,,,-1.4666666666666668,-1.4666666666666668,2.2694061387931304,0.4091016,0.5488776,
129,,,,-1.3333333333333335,-1.4666666666666668,2.207233795700305,0.42340785,0.3690377,
130,,,,-1.2,-1.4666666666666668,2.104541861408054,0.7295112,0.49275467,
131,,,,-1.0666666666666667,-1.4666666666666668,1.998611850180266,0.79854697,0.40257752,
132,,,,-0.9333333333333333,-1.4666666666666668,1.9370493431424267,0.9435563,0.4260524,
133,,,,-0.8,-1.4666666666666668,1.9619104872644044,1.073298,0.38248652,
134,,,,-0.6666666666666667,-1.4666666666666668,2.0939407222413133,1.2211714,0.31976798,
135,,,,-0.5333333333333334,-1.4666666666666668,2.322588346126357,1.6083664,0.3545648,
136,,,,-0.3999999999999999,-1.4666666666666668,2.605759824618752,1.8789659,0.38979495,
137,,,,-0.2666666666666666,-1.4666666666666668,2.8800645373615885,2.1303759,0.46503916,
138,,,,-0.1333333333333333,-1.4666666666666668,3.078665816295933,2.2065892,0.41626826,
139,,,,0.0,-1.4666666666666668,2.1511111111111116,2.2944536,0.28416023,
140,,,,0.1333333333333333,-1.4666666666666668,3.0786658151355013,2.2218454,0.41841888,
141,,,,0.2666666666666666,-1.4666666666666668,2.8800645369056044,2.2345324,0.38969654,
142,,,,0.3999999999999999,-1.4666666666666668,2.6057598244291533,2.0615532,0.4837738,
143,,,,0.5333333333333332,-1.4666666666666668,2.3225883460727252,1.8818876,0.46115878,
144,,,,0.6666666666666665,-1.4666666666666668,2.093940722255619,1.6816007,0.39141417,
145,,,,0.7999999999999998,-1.4666666666666668,1.9619104873038549,1.4857773,0.42181635,
146,,,,0.9333333333333331,-1.4666666666666668,1.9370493431806846,1.4003868,0.33939117,
147,,,,1.0666666666666664,-1.4666666666666668,1.9986118502041144,1.2807034,0.4451823,
148,,,,1.2000000000000002,-1.4666666666666668,2.1045418614145275,1.1707324,0.43597254,
149,,,,1.3333333333333335,-1.4666666666666668,2.207233795693284,1.0643541,0.36341769,
150,,,,1.4666666666666668,-1.4666666666666668,2.2694061387796762,0.927672,0.35305864,
151,,,,1.6,-1.4666666666666668,2.2747808919325876,0.9162719,0.4684138,
152,,,,1.7333333333333334,-1.4666666666666668,2.23044394362034,0.7269473,0.41415027,
153,,,,1.8666666666666667,-1.4666666666666668,2.1608951006343977,0.6506255,0.46845108,
154,,,,2.0,-1.4666666666666668,2.0967090000244433,0.5579465,0.56587654,
155,,,,-2.0,-1.3333333333333335,1.7233756666865725,-0.13874897,0.8338054,
156,,,,-1.8666666666666667,-1.3333333333333335,1.7875617673019384,-0.061438937,0.73675525,
157,,,,-1.7333333333333334,-1.3333333333333335,1.8571106102946409,0.014682531,0.6639456,
158,,,,-1.6,-1.3333333333333335,1.9014475586121475,0.060943298,0.38372397,
159,,,,-1.4666666666666668,-1.3333333333333335,1.8960728054597968,0.24984989,0.418165,
160,,,,-1.3333333333333335,-1.3333333333333335,1.833900462366972,0.37683734,0.42783606,
161,,,,-1.2,-1.3333333333333335,1.7312085280747205,0.4910868,0.4291345,
162,,,,-1.0666666666666667,-1.3333333333333335,1.6252785168469326,0.70270187,0.4949473,
163,,,,-0.9333333333333333,-1.3333333333333335,1.5637160098090932,0.8338389,0.46591413,
164,,,,-0.8,-1.3333333333333335,1.588577153931071,0.9429011,0.33875972,
165,,,,-0.6666666666666667,-1.3333333333333335,1.72060738890798,1.1602017,0.33732584,
166,,,,-0.5333333333333334,-1.3333333333333335,1.9492550127930235,1.3636196,0.26300755,
167,,,,-0.3999999999999999,-1.3333333333333335,2.2324264912854184,1.6255068,0.40129584,
168,,,,-0.2666666666666666,-1.3333333333333335,2.506731204028255,1.9567077,0.2897026,
169,,,,-0.1333333333333333,-1.3333333333333335,2.7053324829625995,2.0355399,0.32726806,
170,,,,0.0,-1.3333333333333335,1.7777777777777781,2.0147398,0.3947216,
171,,,,0.1333333333333333,-1.3333333333333335,2.7053324818021673,1.9994768,0.39096332,
172,,,,0.2666666666666666,-1.3333333333333335,2.5067312035722704,2.009377,0.36171353,
173,,,,0.3999999999999999,-1.3333333333333335,2.23242649109582,1.8927248,0.3603908,
174,,,,0.5333333333333332,-1.3333333333333335,1.9492550127393917,1.7720217,0.219247,
175,,,,0.6666666666666665,-1.3333333333333335,1.7206073889222853,1.4705166,0.2835944,
176,,,,0.7999999999999998,-1.3333333333333335,1.5885771539705213,1.3520889,0.3397188,
177,,,,0.9333333333333331,-1.3333333333333335,1.563716009847351,1.2754732,0.34746286,
178,,,,1.0666666666666664,-1.3333333333333335,1.6252785168707808,1.1545871,0.31844553,
179,,,,1.2000000000000002,-1.3333333333333335,1.731208528081194,1.0121322,0.47657523,
180,,,,1.3333333333333335,-1.3333333333333335,1.8339004623599506,0.9258581,0.36978287,
181,,,,1.4666666666666668,-1.3333333333333335,1.896072805446343,0.8883925,0.4639107,
182,,,,1.6,-1.3333333333333335,1.9014475585992543,0.7397619,0.39964238,
183,,,,1.7333333333333334,-1.3333333333333335,1.8571106102870063,0.5856795,0.37637612,
184,,,,1.8666666666666667,-1.3333333333333335,1.7875617673010642,0.49485597,0.4570247,
185,,,,2.0,-1.3333333333333335,1.7233756666911098,0.45901242,0.47426286,
186,,,,-2.0,-1.2,1.3855978889087943,-0.4354139,0.4690766,
187,,,,-1.8666666666666667,-1.2,1.4497839895241602,-0.20270352,0.6826726,
188,,,,-1.7333333333333334,-1.2,1.5193328325168627,-0.235511,0.42668936,
189,,,,-1.6,-1.2,1.5636697808343694,-0.061456393,0.38077855,
190,,,,-1.4666666666666668,-1.2,1.5582950276820187,0.03986875,0.28329477,
191,,,,-1.3333333333333335,-1.2,1.4961226845891937,0.2676011,0.4747887,
192,,,,-1.2,-1.2,1.3934307502969423,0.3958261,0.43884978,
193,,,,-1.0666666666666667,-1.2,1.2875007390691544,0.625416,0.47678968,
194,,,,-0.9333333333333333,-1.2,1.225938232031315,0.6919659,0.3411626,
195,,,,-0.8,-1.2,1.2507993761532927,0.84220093,0.30066973,
196,,,,-0.6666666666666667,-1.2,1.3828296111302019,0.9873286,0.21686742,
197,,,,-0.5333333333333334,-1.2,1.6114772350152453,1.1364338,0.2930565,
198,,,,-0.3999999999999999,-1.2,1.8946487135076402,1.3572114,0.35920116,
199,,,,-0.2666666666666666,-1.2,2.168953426250477,1.7410305,0.23411319,
200,,,,-0.1333333333333333,-1.2,2.3675547051848214,1.8287374,0.24899366,
201,,,,0.0,-1.2,1.44,1.8602749,0.1646915,
202,,,,0.1333333333333333,-1.2,2.367554704024389,1.8312957,0.2783236,
203,,,,0.2666666666666666,-1.2,2.1689534257944922,1.8204526,0.2506132,
204,,,,0.3999999999999999,-1.2,1.8946487133180416,1.7059494,0.277691,
205,,,,0.5333333333333332,-1.2,1.6114772349616135,1.479608,0.3244975,
206,,,,0.6666666666666665,-1.2,1.382829611144507,1.2553298,0.32561174,
207,,,,0.7999999999999998,-1.2,1.2507993761927432,1.1382042,0.29563728,
208,,,,0.9333333333333331,-1.2,1.2259382320695729,1.0261859,0.2999507,
209,,,,1.0666666666666664,-1.2,1.2875007390930027,0.9508297,0.34941086,
210,,,,1.2000000000000002,-1.2,1.3934307503034158,0.8706493,0.32554942,
211,,,,1.3333333333333335,-1.2,1.4961226845821725,0.81938154,0.47193208,
212,,,,1.4666666666666668,-1.2,1.5582950276685648,0.7254009,0.46292207,
213,,,,1.6,-1.2,1.5636697808214761,0.49886134,0.3648463,
214,,,,1.7333333333333334,-1.2,1.5193328325092281,0.41026017,0.30523968,
215,,,,1.8666666666666667,-1.2,1.449783989523286,0.34014815,0.4348409,
216,,,,2.0,-1.2,1.3855978889133316,0.27515253,0.4303956,
217,,,,-2.0,-1.0666666666666667,1.0833756666865721,-0.4616747,0.42889303,
218,,,,-1.8666666666666667,-1.0666666666666667,1.147561767301938,-0.29796124,0.64673007,
219,,,,-1.7333333333333334,-1.0666666666666667,1.2171106102946405,-0.28876573,0.44015217,
220,,,,-1.6,-1.0666666666666667,1.2614475586121472,-0.1264838,0.5544511,
221,,,,-1.4666666666666668,-1.0666666666666667,1.2560728054597965,-0.05798105,0.40900934,
222,,,,-1.3333333333333335,-1.0666666666666667,1.1939004623669716,0.13785973,0.46733394,
223,,,,-1.2,-1.0666666666666667,1.0912085280747201,0.25004503,0.34652683,
224,,,,-1.0666666666666667,-1.0666666666666667,0.9852785168469324,0.32898277,0.26154754,
225,,,,-0.9333333333333333,-1.0666666666666667,0.9237160098090927,0.5259857,0.34823358,
226,,,,-0.8,-1.0666666666666667,0.9485771539310706,0.59224176,0.2400478,
227,,,,-0.6666666666666667,-1.0666666666666667,1.0806073889079797,0.8177387,0.3148059,
228,,,,-0.5333333333333334,-1.0666666666666667,1.3092550127930234,0.9273701,0.21923931,
229,,,,-0.3999999999999999,-1.0666666666666667,1.592426491285418,1.1605607,0.2819959,
230,,,,-0.2666666666666666,-1.0666666666666667,1.8667312040282547,1.525022,0.18839578,
231,,,,-0.1333333333333333,-1.0666666666666667,2.0653324829625994,1.5822372,0.1962544,
232,,,,0.0,-1.0666666666666667,1.1377777777777778,1.5844774,0.2502476,
233,,,,0.1333333333333333,-1.0666666666666667,2.065332481802167,1.6080731,0.22832389,
234,,,,0.2666666666666666,-1.0666666666666667,1.8667312035722703,1.6019772,0.22774838,
235,,,,0.3999999999999999,-1.0666666666666667,1.5924264910958197,1.4954981,0.22449973,
236,,,,0.5333333333333332,-1.0666666666666667,1.3092550127393914,1.2913266,0.205261,
237,,,,0.6666666666666665,-1.0666666666666667,1.0806073889222847,1.0933021,0.27715892,
238,,,,0.7999999999999998,-1.0666666666666667,0.948577153970521,0.99767286,0.23068503,
239,,,,0.9333333333333331,-1.0666666666666667,0.9237160098473507,0.9168124,0.27174956,
240,,,,1.0666666666666664,-1.0666666666666667,0.9852785168707805,0.81880057,0.30900016,
241,,,,1.2000000000000002,-1.0666666666666667,1.0912085280811936,0.69475144,0.3260112,
242,,,,1.3333333333333335,-1.0666666666666667,1.1939004623599503,0.6274431,0.2689341,
243,,,,1.4666666666666668,-1.0666666666666667,1.2560728054463426,0.48513082,0.27571005,
244,,,,1.6,-1.0666666666666667,1.261447558599254,0.38725913,0.2333525,
245,,,,1.7333333333333334,-1.0666666666666667,1.217110610287006,0.27271497,0.26362568,
246,,,,1.8666666666666667,-1.0666666666666667,1.1475617673010639,0.20990603,0.42824438,
247,,,,2.0,-1.0666666666666667,1.0833756666911094,0.08010211,0.34712675,
248,,,,-2.0,-0.9333333333333333,0.8167090000199055,-0.49978006,0.48800787,
249,,,,-1.8666666666666667,-0.9333333333333333,0.8808951006352714,-0.42684934,0.44833887,
250,,,,-1.7333333333333334,-0.9333333333333333,0.9504439436279739,-0.37826106,0.37218174,
251,,,,-1.6,-0.9333333333333333,0.9947808919454805,-0.23882137,0.4392617,
252,,,,-1.4666666666666668,-0.9333333333333333,0.98940613879313,-0.10183404,0.50448835,
253,,,,-1.3333333333333335,-0.9333333333333333,0.927233795700305,0.02073134,0.501681,
254,,,,-1.2,-0.9333333333333333,0.8245418614080534,0.07376254,0.28696793,
255,,,,-1.0666666666666667,-0.9333333333333333,0.7186118501802657,0.22906381,0.2842728,
256,,,,-0.9333333333333333,-0.9333333333333333,0.6570493431424261,0.3643726,0.23723266,
257,,,,-0.8,-0.9333333333333333,0.681910487264404,0.46733066,0.14468206,
258,,,,-0.6666666666666667,-0.9333333333333333,0.8139407222413131,0.6660025,0.20057905,
259,,,,-0.5333333333333334,-0.9333333333333333,1.0425883461263568,0.79129046,0.104160815,
260,,,,-0.3999999999999999,-0.9333333333333333,1.3257598246187514,0.9763559,0.16397077,
261,,,,-0.2666666666666666,-0.9333333333333333,1.600064537361588,1.2543356,0.2097205,
262,,,,-0.1333333333333333,-0.9333333333333333,1.7986658162959328,1.366581,0.14748009,
263,,,,0.0,-0.9333333333333333,0.8711111111111112,1.3421849,0.24923798,
264,,,,0.1333333333333333,-0.9333333333333333,1.7986658151355006,1.3561914,0.2523978,
265,,,,0.2666666666666666,-0.9333333333333333,1.6000645369056037,1.4019611,0.13269484,
266,,,,0.3999999999999999,-0.9333333333333333,1.325759824429153,1.258169,0.22291958,
267,,,,0.5333333333333332,-0.9333333333333333,1.0425883460727248,1.075501,0.19407022,
268,,,,0.6666666666666665,-0.9333333333333333,0.8139407222556182,0.9370159,0.18513046,
269,,,,0.7999999999999998,-0.9333333333333333,0.6819104873038544,0.8357734,0.19745928,
270,,,,0.9333333333333331,-0.9333333333333333,0.6570493431806841,0.7267093,0.1885193,
271,,,,1.0666666666666664,-0.9333333333333333,0.7186118502041139,0.659232,0.2862535,
272,,,,1.2000000000000002,-0.9333333333333333,0.8245418614145271,0.54337156,0.23867679,
273,,,,1.3333333333333335,-0.9333333333333333,0.9272337956932836,0.5316601,0.31698686,
274,,,,1.4666666666666668,-0.9333333333333333,0.9894061387796759,0.344334,0.28387055,
275,,,,1.6,-0.9333333333333333,0.9947808919325872,0.25096455,0.3146183,
276,,,,1.7333333333333334,-0.9333333333333333,0.9504439436203392,0.18072219,0.38147742,
277,,,,1.8666666666666667,-0.9333333333333333,0.8808951006343971,0.09919288,0.37626985,
278,,,,2.0,-0.9333333333333333,0.8167090000244429,-0.010368798,0.3455954,
279,,,,-2.0,-0.8,0.5855978889087945,-0.5395555,0.3669269,
280,,,,-1.8666666666666667,-0.8,0.6497839895241604,-0.40225998,0.5504528,
281,,,,-1.7333333333333334,-0.8,0.7193328325168629,-0.36007687,0.4736502,
282,,,,-1.6,-0.8,0.7636697808343694,-0.39392543,0.115404874,
283,,,,-1.4666666666666668,-0.8,0.758295027682019,-0.25328857,0.34980938,
284,,,,-1.3333333333333335,-0.8,0.6961226845891939,-0.15354642,0.34709,
285,,,,-1.2,-0.8,0.5934307502969424,-0.037969038,0.35557073,
286,,,,-1.0666666666666667,-0.8,0.4875007390691547,0.09271265,0.29272866,
287,,,,-0.9333333333333333,-0.8,0.4259382320313151,0.21670374,0.23898728,
288,,,,-0.8,-0.8,0.4507993761532929,0.3495756,0.16989404,
289,,,,-0.6666666666666667,-0.8,0.582829611130202,0.5009307,0.22826758,
290,,,,-0.5333333333333334,-0.8,0.8114772350152456,0.64981836,0.16276295,
291,,,,-0.3999999999999999,-0.8,1.0946487135076404,0.8073113,0.08294026,
292,,,,-0.2666666666666666,-0.8,1.368953426250477,1.0745949,0.08157873,
293,,,,-0.1333333333333333,-0.8,1.5675547051848215,1.1355933,0.11724469,
294,,,,0.0,-0.8,0.6400000000000001,1.1271931,0.1735777,
295,,,,0.1333333333333333,-0.8,1.5675547040243896,1.1716424,0.12746887,
296,,,,0.2666666666666666,-0.8,1.3689534257944926,1.1663862,0.15109365,
297,,,,0.3999999999999999,-0.8,1.0946487133180418,1.0721002,0.11262325,
298,,,,0.5333333333333332,-0.8,0.8114772349616136,0.88065046,0.11883344,
299,,,,0.6666666666666665,-0.8,0.5828296111445072,0.76521754,0.16072142,
300,,,,0.7999999999999998,-0.8,0.45079937619274335,0.65582734,0.16248997,
301,,,,0.9333333333333331,-0.8,0.425938232069573,0.5662411,0.16981074,
302,,,,1.0666666666666664,-0.8,0.4875007390930029,0.5202371,0.19568457,
303,,,,1.2000000000000002,-0.8,0.5934307503034161,0.42231753,0.21932237,
304,,,,1.3333333333333335,-0.8,0.6961226845821725,0.29982746,0.22623207,
305,,,,1.4666666666666668,-0.8,0.7582950276685648,0.18853574,0.26163355,
306,,,,1.6,-0.8,0.7636697808214762,0.07868109,0.2343315,
307,,,,1.7333333333333334,-0.8,0.7193328325092282,0.10736967,0.41593954,
308,,,,1.8666666666666667,-0.8,0.6497839895232861,-0.04558609,0.28730458,
309,,,,2.0,-0.8,0.5855978889133319,-0.111839674,0.3035575,
310,,,,-2.0,-0.6666666666666667,0.39004233335323885,-0.5263698,0.4535365,
311,,,,-1.8666666666666667,-0.6666666666666667,0.45422843396860485,-0.43786308,0.42609546,
312,,,,-1.7333333333333334,-0.6666666666666667,0.5237772769613073,-0.4364448,0.35499644,
313,,,,-1.6,-0.6666666666666667,0.5681142252788138,-0.37069207,0.32355615,
314,,,,-1.4666666666666668,-0.6666666666666667,0.5627394721264634,-0.33357942,0.2352264,
315,,,,-1.3333333333333335,-0.6666666666666667,0.5005671290336383,-0.26588967,0.15932816,
316,,,,-1.2,-0.6666666666666667,0.39787519474138683,-0.1546958,0.2539599,
317,,,,-1.0666666666666667,-0.6666666666666667,0.2919451835135991,-0.051358297,0.23577808,
318,,,,-0.9333333333333333,-0.6666666666666667,0.23038267647575952,0.14542815,0.32047036,
319,,,,-0.8,-0.6666666666666667,0.2552438205977373,0.19916555,0.17808338,
320,,,,-0.6666666666666667,-0.6666666666666667,0.3872740555746464,0.3620646,0.1804445,
321,,,,-0.5333333333333334,-0.6666666666666667,0.61592167945969,0.4964123,0.124192335,
322,,,,-0.3999999999999999,-0.6666666666666667,0.8990931579520849,0.6500844,0.10272256,
323,,,,-0.2666666666666666,-0.6666666666666667,1.1733978706949215,0.8469366,0.06742312,
324,,,,-0.1333333333333333,-0.6666666666666667,1.371999149629266,0.913923,0.05563742,
325,,,,0.0,-0.6666666666666667,0.44444444444444453,0.936178,0.068589635,
326,,,,0.1333333333333333,-0.6666666666666667,1.3719991484688339,0.942916,0.0878306,
327,,,,0.2666666666666666,-0.6666666666666667,1.173397870238937,0.95316565,0.09236477,
328,,,,0.3999999999999999,-0.6666666666666667,0.8990931577624863,0.8451717,0.10379534,
329,,,,0.5333333333333332,-0.6666666666666667,0.615921679406058,0.72206527,0.078777164,
330,,,,0.6666666666666665,-0.6666666666666667,0.38727405558895156,0.62301546,0.11591641,
331,,,,0.7999999999999998,-0.6666666666666667,0.25524382063718776,0.5419074,0.09010204,
332,,,,0.9333333333333331,-0.6666666666666667,0.2303826765140174,0.45215836,0.17267418,
333,,,,1.0666666666666664,-0.6666666666666667,0.2919451835374473,0.32789472,0.12912014,
334,,,,1.2000000000000002,-0.6666666666666667,0.39787519474786043,0.23065403,0.14842737,
335,,,,1.3333333333333335,-0.6666666666666667,0.5005671290266169,0.15544885,0.19417882,
336,,,,1.4666666666666668,-0.6666666666666667,0.5627394721130092,0.10438687,0.2874552,
337,,,,1.6,-0.6666666666666667,0.5681142252659206,0.00520687,0.24167459,
338,,,,1.7333333333333334,-0.6666666666666667,0.5237772769536726,-0.012926177,0.32687318,
339,,,,1.8666666666666667,-0.6666666666666667,0.4542284339677305,-0.112428896,0.24166003,
340,,,,2.0,-0.6666666666666667,0.39004233335777627,-0.099142894,0.3423618,
341,,,,-2.0,-0.5333333333333334,0.23004233335323887,-0.58440405,0.30657843,
342,,,,-1.8666666666666667,-0.5333333333333334,0.2942284339686049,-0.5142935,0.28834474,
343,,,,-1.7333333333333334,-0.5333333333333334,0.3637772769613073,-0.4264273,0.3539173,
344,,,,-1.6,-0.5333333333333334,0.4081142252788139,-0.39433852,0.25923225,
345,,,,-1.4666666666666668,-0.5333333333333334,0.4027394721264633,-0.36477956,0.12862137,
346,,,,-1.3333333333333335,-0.5333333333333334,0.34056712903363834,-0.18057972,0.38746905,
347,,,,-1.2,-0.5333333333333334,0.23787519474138685,-0.20737162,0.19016916,
348,,,,-1.0666666666666667,-0.5333333333333334,0.13194518351359913,-0.09848308,0.22201227,
349,,,,-0.9333333333333333,-0.5333333333333334,0.07038267647575955,-0.030308437,0.13146295,
350,,,,-0.8,-0.5333333333333334,0.09524382059773731,0.11241561,0.16767873,
351,,,,-0.6666666666666667,-0.5333333333333334,0.22727405557464642,0.23957504,0.1512285,
352,,,,-0.5333333333333334,-0.5333333333333334,0.45592167945969003,0.35455623,0.0719977,
353,,,,-0.3999999999999999,-0.5333333333333334,0.7390931579520849,0.4961826,0.054362934,
354,,,,-0.2666666666666666,-0.5333333333333334,1.0133978706949214,0.67224205,0.021729054,
355,,,,-0.1333333333333333,-0.5333333333333334,1.2119991496292661,0.71423984,0.020860566,
356,,,,0.0,-0.5333333333333334,0.28444444444444456,0.7260389,0.024522694,
357,,,,0.1333333333333333,-0.5333333333333334,1.211999148468834,0.74478394,0.032995638,
358,,,,0.2666666666666666,-0.5333333333333334,1.013397870238937,0.7615267,0.034604322,
359,,,,0.3999999999999999,-0.5333333333333334,0.7390931577624864,0.68087494,0.04439633,
360,,,,0.5333333333333332,-0.5333333333333334,0.4559216794060581,0.59556407,0.049693227,
361,,,,0.6666666666666665,-0.5333333333333334,0.22727405558895158,0.48882324,0.07073302,
362,,,,0.7999999999999998,-0.5333333333333334,0.09524382063718781,0.4032597,0.08900826,
363,,,,0.9333333333333331,-0.5333333333333334,0.07038267651401742,0.31015065,0.15263857,
364,,,,1.0666666666666664,-0.5333333333333334,0.13194518353744733,0.22336161,0.13568844,
365,,,,1.2000000000000002,-0.5333333333333334,0.23787519474786045,0.110277444,0.14816967,
366,,,,1.3333333333333335,-0.5333333333333334,0.340567129026617,0.020897709,0.13086945,
367,,,,1.4666666666666668,-0.5333333333333334,0.4027394721130093,0.0020241155,0.2260283,
368,,,,1.6,-0.5333333333333334,0.40811422526592067,-0.018628888,0.26055494,
369,,,,1.7333333333333334,-0.5333333333333334,0.3637772769536726,-0.114830844,0.16739725,
370,,,,1.8666666666666667,-0.5333333333333334,0.2942284339677305,-0.1306203,0.22127067,
371,,,,2.0,-0.5333333333333334,0.23004233335777627,-0.18342413,0.18362305,
372,,,,-2.0,-0.3999999999999999,0.10559788890879425,-0.53071237,0.39764988,
373,,,,-1.8666666666666667,-0.3999999999999999,0.1697839895241602,-0.48253727,0.332486,
374,,,,-1.7333333333333334,-0.3999999999999999,0.23933283251686266,-0.4505702,0.2899907,
375,,,,-1.6,-0.3999999999999999,0.2836697808343693,-0.40550256,0.2188636,
376,,,,-1.4666666666666668,-0.3999999999999999,0.27829502768201875,-0.35012132,0.17375855,
377,,,,-1.3333333333333335,-0.3999999999999999,0.21612268458919368,-0.29123518,0.16029052,
378,,,,-1.2,-0.3999999999999999,0.11343075029694222,-0.2062568,0.18347915,
379,,,,-1.0666666666666667,-0.3999999999999999,0.007500739069154494,-0.10306913,0.23969191,
380,,,,-0.9333333333333333,-0.3999999999999999,-0.05406176796868509,-0.040373817,0.17089796,
381,,,,-0.8,-0.3999999999999999,-0.029200623846707324,0.11285701,0.19971296,
382,,,,-0.6666666666666667,-0.3999999999999999,0.10282961113020178,0.22015761,0.12581564,
383,,,,-0.5333333333333334,-0.3999999999999999,0.3314772350152454,0.3495263,0.07078453,
384,,,,-0.3999999999999999,-0.3999999999999999,0.6146487135076402,0.48625275,0.05162377,
385,,,,-0.2666666666666666,-0.3999999999999999,0.8889534262504768,0.656431,0.01103518,
386,,,,-0.1333333333333333,-0.3999999999999999,1.0875547051848216,0.6820529,0.013289685,
387,,,,0.0,-0.3999999999999999,0.15999999999999992,0.6796875,0.016053565,
388,,,,0.1333333333333333,-0.3999999999999999,1.0875547040243894,0.69106066,0.012851065,
389,,,,0.2666666666666666,-0.3999999999999999,0.8889534257944924,0.6954725,0.017741371,
390,,,,0.3999999999999999,-0.3999999999999999,0.6146487133180417,0.6118567,0.030175028,
391,,,,0.5333333333333332,-0.3999999999999999,0.3314772349616134,0.5109019,0.034893937,
392,,,,0.6666666666666665,-0.3999999999999999,0.10282961114450695,0.42470348,0.06159815,
393,,,,0.7999999999999998,-0.3999999999999999,-0.029200623807256826,0.32583594,0.08027601,
394,,,,0.9333333333333331,-0.3999999999999999,-0.05406176793042722,0.24491495,0.15571813,
395,,,,1.0666666666666664,-0.3999999999999999,0.007500739093002695,0.10692785,0.102150045,
396,,,,1.2000000000000002,-0.3999999999999999,0.11343075030341582,0.033639546,0.13354136,
397,,,,1.3333333333333335,-0.3999999999999999,0.21612268458217238,0.0056773936,0.19070621,
398,,,,1.4666666666666668,-0.3999999999999999,0.2782950276685646,-0.019527536,0.22994435,
399,,,,1.6,-0.3999999999999999,0.283669780821476,-0.084689654,0.17775191,
400,,,,1.7333333333333334,-0.3999999999999999,0.239332832509228,-0.14698716,0.09933481,
401,,,,1.8666666666666667,-0.3999999999999999,0.1697839895232859,-0.18245184,0.14036563,
402,,,,2.0,-0.3999999999999999,0.10559788891333163,-0.2224194,0.14773461,
403,,,,-2.0,-0.2666666666666666,0.016709000019905412,-0.5444669,0.37069342,
404,,,,-1.8666666666666667,-0.2666666666666666,0.08089510063527137,-0.53521043,0.19921742,
405,,,,-1.7333333333333334,-0.2666666666666666,0.15044394362797384,-0.45311034,0.25909534,
406,,,,-1.6,-0.2666666666666666,0.19478089194548043,-0.35768577,0.33467856,
407,,,,-1.4666666666666668,-0.2666666666666666,0.1894061387931299,-0.33333203,0.20318075,
408,,,,-1.3333333333333335,-0.2666666666666666,0.12723379570030485,-0.27513164,0.18880065,
409,,,,-1.2,-0.2666666666666666,0.024541861408053374,-0.19877188,0.20190063,
410,,,,-1.0666666666666667,-0.2666666666666666,-0.08138814981973434,-0.13677365,0.20608586,
411,,,,-0.9333333333333333,-0.2666666666666666,-0.1429506568575739,-0.044434484,0.18225595,
412,,,,-0.8,-0.2666666666666666,-0.11808951273559616,0.077925906,0.1719782,
413,,,,-0.6666666666666667,-0.2666666666666666,0.013940722241312951,0.21085209,0.14364597,
414,,,,-0.5333333333333334,-0.2666666666666666,0.24258834612635655,0.3421373,0.07231921,
415,,,,-0.3999999999999999,-0.2666666666666666,0.5257598246187514,0.47851807,0.04468017,
416,,,,-0.2666666666666666,-0.2666666666666666,0.800064537361588,0.65200335,0.006815384,
417,,,,-0.1333333333333333,-0.2666666666666666,0.9986658162959327,0.6686256,0.006362062,
418,,,,0.0,-0.2666666666666666,0.07111111111111108,0.6674704,0.00614871,
419,,,,0.1333333333333333,-0.2666666666666666,0.9986658151355006,0.66658103,0.007695324,
420,,,,0.2666666666666666,-0.2666666666666666,0.8000645369056036,0.6711981,0.0092802895,
421,,,,0.3999999999999999,-0.2666666666666666,0.5257598244291529,0.59130865,0.02405819,
422,,,,0.5333333333333332,-0.2666666666666666,0.24258834607272461,0.49251696,0.04509681,
423,,,,0.6666666666666665,-0.2666666666666666,0.013940722255618113,0.39878136,0.079087205,
424,,,,0.7999999999999998,-0.2666666666666666,-0.11808951269614566,0.27921155,0.07579737,
425,,,,0.9333333333333331,-0.2666666666666666,-0.14295065681931607,0.17643812,0.12694763,
426,,,,1.0666666666666664,-0.2666666666666666,-0.08138814979588614,0.09178019,0.1524841,
427,,,,1.2000000000000002,-0.2666666666666666,0.024541861414526987,0.0431428,0.17469828,
428,,,,1.3333333333333335,-0.2666666666666666,0.12723379569328352,-0.009285095,0.15466167,
429,,,,1.4666666666666668,-0.2666666666666666,0.18940613877967583,-0.06108831,0.14288235,
430,,,,1.6,-0.2666666666666666,0.19478089193258719,-0.08470034,0.17412095,
431,,,,1.7333333333333334,-0.2666666666666666,0.15044394362033917,-0.14097957,0.15821719,
432,,,,1.8666666666666667,-0.2666666666666666,0.08089510063439706,-0.18132706,0.13911761,
433,,,,2.0,-0.2666666666666666,0.016709000024442797,-0.20203161,0.19845401,
434,,,,-2.0,-0.1333333333333333,-0.036624333313427904,-0.5815459,0.25156108,
435,,,,-1.8666666666666667,-0.1333333333333333,0.027561767301938066,-0.5596691,0.072483845,
436,,,,-1.7333333333333334,-0.1333333333333333,0.09711061029464052,-0.4161425,0.32625365,
437,,,,-1.6,-0.1333333333333333,0.1414475586121471,-0.3717136,0.28799057,
438,,,,-1.4666666666666668,-0.1333333333333333,0.13607280545979658,-0.35732025,0.12696311,
439,,,,-1.3333333333333335,-0.1333333333333333,0.07390046236697154,-0.24915403,0.25112757,
440,,,,-1.2,-0.1333333333333333,-0.02879147192527994,-0.22880429,0.1450126,
441,,,,-1.0666666666666667,-0.1333333333333333,-0.13472148315306764,-0.10417792,0.26260206,
442,,,,-0.9333333333333333,-0.1333333333333333,-0.19628399019090723,-0.048186317,0.21272305,
443,,,,-0.8,-0.1333333333333333,-0.17142284606892946,0.050405808,0.17294472,
444,,,,-0.6666666666666667,-0.1333333333333333,-0.03939261109202036,0.16449253,0.08774477,
445,,,,-0.5333333333333334,-0.1333333333333333,0.18925501279302326,0.327163,0.05556973,
446,,,,-0.3999999999999999,-0.1333333333333333,0.4724264912854181,0.4762045,0.050641946,
447,,,,-0.2666666666666666,-0.1333333333333333,0.7467312040282547,0.64403754,0.0054407185,
448,,,,-0.1333333333333333,-0.1333333333333333,0.9453324829625993,0.65688825,0.0020607936,
449,,,,0.0,-0.1333333333333333,0.01777777777777777,0.6513489,0.0035927456,
450,,,,0.1333333333333333,-0.1333333333333333,0.9453324818021672,0.6492481,0.006245672,
451,,,,0.2666666666666666,-0.1333333333333333,0.7467312035722703,0.64931136,0.00548028,
452,,,,0.3999999999999999,-0.1333333333333333,0.4724264910958196,0.5721257,0.024309346,
453,,,,0.5333333333333332,-0.1333333333333333,0.1892550127393913,0.4695419,0.057551835,
454,,,,0.6666666666666665,-0.1333333333333333,-0.0393926110777152,0.3445615,0.064669795,
455,,,,0.7999999999999998,-0.1333333333333333,-0.17142284602947896,0.247817,0.13556373,
456,,,,0.9333333333333331,-0.1333333333333333,-0.19628399015264936,0.12145948,0.14783803,
457,,,,1.0666666666666664,-0.1333333333333333,-0.13472148312921944,0.074653074,0.16020711,
458,,,,1.2000000000000002,-0.1333333333333333,-0.028791471918806325,0.015235389,0.1238806,
459,,,,1.3333333333333335,-0.1333333333333333,0.07390046235995021,-0.021039123,0.15099138,
460,,,,1.4666666666666668,-0.1333333333333333,0.1360728054463425,-0.027674405,0.22089005,
461,,,,1.6,-0.1333333333333333,0.14144755859925387,-0.084770806,0.18763395,
462,,,,1.7333333333333334,-0.1333333333333333,0.09711061028700585,-0.11511843,0.21589556,
463,,,,1.8666666666666667,-0.1333333333333333,0.02756176730106375,-0.16678053,0.20578845,
464,,,,2.0,-0.1333333333333333,-0.03662433330889052,-0.19755863,0.21659714,
465,,,,-2.0,0.0,-0.05440211109120567,-0.5769484,0.27986157,
466,,,,-1.8666666666666667,0.0,0.009783989524160297,-0.530711,0.23328395,
467,,,,-1.7333333333333334,0.0,0.07933283251686275,-0.43559715,0.27689624,
468,,,,-1.6,0.0,0.12366978083436934,-0.35121483,0.3046495,
469,,,,-1.4666666666666668,0.0,0.1182950276820188,-0.30019367,0.2645551,
470,,,,-1.3333333333333335,0.0,0.05612268458919376,-0.26397148,0.2293515,
471,,,,-1.2,0.0,-0.04656924970305771,-0.2203961,0.14156634,
472,,,,-1.0666666666666667,0.0,-0.15249926093084543,-0.14263996,0.1568108,
473,,,,-0.9333333333333333,0.0,-0.214061767968685,-0.07332088,0.16072056,
474,,,,-0.8,0.0,-0.18920062384670724,0.0401908,0.1963889,
475,,,,-0.6666666666666667,0.0,-0.05717038886979813,0.16586895,0.14858182,
476,,,,-0.5333333333333334,0.0,0.17147723501524548,0.3200163,0.10428911,
477,,,,-0.3999999999999999,0.0,0.4546487135076403,0.46095005,0.046276342,
478,,,,-0.2666666666666666,0.0,0.7289534262504769,0.6331889,0.0044869306,
479,,,,-0.1333333333333333,0.0,0.9275547051848215,0.64426565,0.0017479446,
480,,,,0.0,0.0,0.0,0.6360418,0.0011127638,
481,,,,0.1333333333333333,0.0,0.9275547040243894,0.6374155,0.0,
482,,,,0.2666666666666666,0.0,0.7289534257944925,0.6361357,0.003330677,
483,,,,0.3999999999999999,0.0,0.4546487133180418,0.5591783,0.028535604,
484,,,,0.5333333333333332,0.0,0.17147723496161352,0.40615126,0.03844725,
485,,,,0.6666666666666665,0.0,-0.05717038885549297,0.29776952,0.10614548,
486,,,,0.7999999999999998,0.0,-0.18920062380725675,0.17509902,0.12425948,
487,,,,0.9333333333333331,0.0,-0.21406176793042714,0.11100247,0.1480145,
488,,,,1.0666666666666664,0.0,-0.15249926090699722,0.047970567,0.11288987,
489,,,,1.2000000000000002,0.0,-0.046569249696584096,0.02137475,0.13848944,
490,,,,1.3333333333333335,0.0,0.05612268458217244,0.019601926,0.22500378,
491,,,,1.4666666666666668,0.0,0.11829502766856473,-0.050403163,0.18983167,
492,,,,1.6,0.0,0.12366978082147609,-0.07604472,0.1995495,
493,,,,1.7333333333333334,0.0,0.07933283250922808,-0.13218121,0.19587193,
494,,,,1.8666666666666667,0.0,0.00978398952328598,-0.12661274,0.27977815,
495,,,,2.0,0.0,-0.05440211108666829,-0.19506389,0.25106212,
496,,,,-2.0,0.1333333333333333,-0.036624333313427904,-0.56138504,0.30423915,
497,,,,-1.8666666666666667,0.1333333333333333,0.027561767301938066,-0.45316106,0.37839663,
498,,,,-1.7333333333333334,0.1333333333333333,0.09711061029464052,-0.48107296,0.1454356,
499,,,,-1.6,0.1333333333333333,0.1414475586121471,-0.36699063,0.27824962,
500,,,,-1.4666666666666668,0.1333333333333333,0.13607280545979658,-0.3303913,0.21943928,
501,,,,-1.3333333333333335,0.1333333333333333,0.07390046236697154,-0.2624466,0.20495085,
502,,,,-1.2,0.1333333333333333,-0.02879147192527994,-0.2142951,0.16476545,
503,,,,-1.0666666666666667,0.1333333333333333,-0.13472148315306764,-0.16423942,0.09790055,
504,,,,-0.9333333333333333,0.1333333333333333,-0.19628399019090723,-0.024022605,0.25073153,
505,,,,-0.8,0.1333333333333333,-0.17142284606892946,-0.01620398,0.083026,
506,,,,-0.6666666666666667,0.1333333333333333,-0.03939261109202036,0.1140589,0.12354121,
507,,,,-0.5333333333333334,0.1333333333333333,0.18925501279302326,0.28251365,0.09034748,
508,,,,-0.3999999999999999,0.1333333333333333,0.4724264912854181,0.42962015,0.040157706,
509,,,,-0.2666666666666666,0.1333333333333333,0.7467312040282547,0.611826,0.006114118,
510,,,,-0.1333333333333333,0.1333333333333333,0.9453324829625993,0.62417555,0.0043823924,
511,,,,0.0,0.1333333333333333,0.01777777777777777,0.6227436,0.0011003402,
512,,,,0.1333333333333333,0.1333333333333333,0.9453324818021672,0.6241057,0.0014974975,
513,,,,0.2666666666666666,0.1333333333333333,0.7467312035722703,0.6171364,0.0058890684,
514,,,,0.3999999999999999,0.1333333333333333,0.4724264910958196,0.49783254,0.030029321,
515,,,,0.5333333333333332,0.1333333333333333,0.1892550127393913,0.354414,0.082099356,
516,,,,0.6666666666666665,0.1333333333333333,-0.0393926110777152,0.2317697,0.12232422,
517,,,,0.7999999999999998,0.1333333333333333,-0.17142284602947896,0.13554643,0.12771009,
518,,,,0.9333333333333331,0.1333333333333333,-0.19628399015264936,0.08441645,0.10546767,
519,,,,1.0666666666666664,0.1333333333333333,-0.13472148312921944,0.07458381,0.18834665,
520,,,,1.2000000000000002,0.1333333333333333,-0.028791471918806325,0.018661965,0.15237544,
521,,,,1.3333333333333335,0.1333333333333333,0.07390046235995021,-0.011996377,0.17606238,
522,,,,1.4666666666666668,0.1333333333333333,0.1360728054463425,-0.049285553,0.18642019,
523,,,,1.6,0.1333333333333333,0.14144755859925387,-0.052273765,0.24733375,
524,,,,1.7333333333333334,0.1333333333333333,0.09711061028700585,-0.10159037,0.25132036,
525,,,,1.8666666666666667,0.1333333333333333,0.02756176730106375,-0.15097706,0.2359709,
526,,,,2.0,0.1333333333333333,-0.03662433330889052,-0.20580944,0.21147078,
527,,,,-2.0,0.2666666666666666,0.016709000019905412,-0.56406325,0.2752312,
528,,,,-1.8666666666666667,0.2666666666666666,0.08089510063527137,-0.544787,0.14761464,
529,,,,-1.7333333333333334,0.2666666666666666,0.15044394362797384,-0.42771876,0.31407225,
530,,,,-1.6,0.2666666666666666,0.19478089194548043,-0.37278903,0.27285483,
531,,,,-1.4666666666666668,0.2666666666666666,0.1894061387931299,-0.2995311,0.27587995,
532,,,,-1.3333333333333335,0.2666666666666666,0.12723379570030485,-0.2378729,0.25484124,
533,,,,-1.2,0.2666666666666666,0.024541861408053374,-0.21211523,0.16052769,
534,,,,-1.0666666666666667,0.2666666666666666,-0.08138814981973434,-0.111648016,0.23059352,
535,,,,-0.9333333333333333,0.2666666666666666,-0.1429506568575739,-0.06455189,0.16812678,
536,,,,-0.8,0.2666666666666666,-0.11808951273559616,0.012538583,0.17689806,
537,,,,-0.6666666666666667,0.2666666666666666,0.013940722241312951,0.09540521,0.15330887,
538,,,,-0.5333333333333334,0.2666666666666666,0.24258834612635655,0.22323193,0.1064675,
539,,,,-0.3999999999999999,0.2666666666666666,0.5257598246187514,0.38767347,0.053812616,
540,,,,-0.2666666666666666,0.2666666666666666,0.800064537361588,0.572718,0.013770792,
541,,,,-0.1333333333333333,0.2666666666666666,0.9986658162959327,0.6042147,0.008981199,
542,,,,0.0,0.2666666666666666,0.07111111111111108,0.5967379,0.011627495,
543,,,,0.1333333333333333,0.2666666666666666,0.9986658151355006,0.590978,0.013348355,
544,,,,0.2666666666666666,0.2666666666666666,0.8000645369056036,0.5676876,0.016147051,
545,,,,0.3999999999999999,0.2666666666666666,0.5257598244291529,0.44470185,0.044480555,
546,,,,0.5333333333333332,0.2666666666666666,0.24258834607272461,0.28972435,0.07351511,
547,,,,0.6666666666666665,0.2666666666666666,0.013940722255618113,0.17635967,0.09048052,
548,,,,0.7999999999999998,0.2666666666666666,-0.11808951269614566,0.12786518,0.11860018,
549,,,,0.9333333333333331,0.2666666666666666,-0.14295065681931607,0.08866169,0.13882253,
550,,,,1.0666666666666664,0.2666666666666666,-0.08138814979588614,0.04176342,0.12297747,
551,,,,1.2000000000000002,0.2666666666666666,0.024541861414526987,0.028279724,0.18321843,
552,,,,1.3333333333333335,0.2666666666666666,0.12723379569328352,-0.03404868,0.14228393,
553,,,,1.4666666666666668,0.2666666666666666,0.18940613877967583,-0.065600164,0.1509313,
554,,,,1.6,0.2666666666666666,0.19478089193258719,-0.110816814,0.13876365,
555,,,,1.7333333333333334,0.2666666666666666,0.15044394362033917,-0.10791022,0.23038583,
556,,,,1.8666666666666667,0.2666666666666666,0.08089510063439706,-0.17010915,0.21277516,
557,,,,2.0,0.2666666666666666,0.016709000024442797,-0.23770593,0.1376963,
558,,,,-2.0,0.3999999999999999,0.10559788890879425,-0.5814244,0.22759375,
559,,,,-1.8666666666666667,0.3999999999999999,0.1697839895241602,-0.5072276,0.27123517,
560,,,,-1.7333333333333334,0.3999999999999999,0.23933283251686266,-0.4321935,0.2723346,
561,,,,-1.6,0.3999999999999999,0.2836697808343693,-0.40330997,0.16985399,
562,,,,-1.4666666666666668,0.3999999999999999,0.27829502768201875,-0.3450372,0.14438705,
563,,,,-1.3333333333333335,0.3999999999999999,0.21612268458919368,-0.26846468,0.1817318,
564,,,,-1.2,0.3999999999999999,0.11343075029694222,-0.19362843,0.18513247,
565,,,,-1.0666666666666667,0.3999999999999999,0.007500739069154494,-0.11987008,0.17563719,
566,,,,-0.9333333333333333,0.3999999999999999,-0.05406176796868509,-0.07152525,0.108619295,
567,,,,-0.8,0.3999999999999999,-0.029200623846707324,0.013578167,0.11802362,
568,,,,-0.6666666666666667,0.3999999999999999,0.10282961113020178,0.09059418,0.095945254,
569,,,,-0.5333333333333334,0.3999999999999999,0.3314772350152454,0.19037181,0.08256216,
570,,,,-0.3999999999999999,0.3999999999999999,0.6146487135076402,0.32304507,0.077993646,
571,,,,-0.2666666666666666,0.3999999999999999,0.8889534262504768,0.4730019,0.04106691,
572,,,,-0.1333333333333333,0.3999999999999999,1.0875547051848216,0.50979316,0.03303084,
573,,,,0.0,0.3999999999999999,0.15999999999999992,0.5215676,0.02811474,
574,,,,0.1333333333333333,0.3999999999999999,1.0875547040243894,0.52843195,0.020510552,
575,,,,0.2666666666666666,0.3999999999999999,0.8889534257944924,0.51363957,0.024983961,
576,,,,0.3999999999999999,0.3999999999999999,0.6146487133180417,0.36969453,0.054726534,
577,,,,0.5333333333333332,0.3999999999999999,0.3314772349616134,0.2480229,0.07109922,
578,,,,0.6666666666666665,0.3999999999999999,0.10282961114450695,0.16946049,0.083609276,
579,,,,0.7999999999999998,0.3999999999999999,-0.029200623807256826,0.12778856,0.12131835,
580,,,,0.9333333333333331,0.3999999999999999,-0.05406176793042722,0.093029864,0.14477016,
581,,,,1.0666666666666664,0.3999999999999999,0.007500739093002695,0.038312033,0.12696953,
582,,,,1.2000000000000002,0.3999999999999999,0.11343075030341582,0.0094991485,0.14902028,
583,,,,1.3333333333333335,0.3999999999999999,0.21612268458217238,-0.046283875,0.11538356,
584,,,,1.4666666666666668,0.3999999999999999,0.2782950276685646,-0.05254967,0.17740822,
585,,,,1.6,0.3999999999999999,0.283669780821476,-0.10746204,0.1575143,
586,,,,1.7333333333333334,0.3999999999999999,0.239332832509228,-0.1525633,0.15570238,
587,,,,1.8666666666666667,0.3999999999999999,0.1697839895232859,-0.18517616,0.17701179,
588,,,,2.0,0.3999999999999999,0.10559788891333163,-0.22904044,0.16859023,
589,,,,-2.0,0.5333333333333332,0.23004233335323865,-0.5649056,0.26361835,
590,,,,-1.8666666666666667,0.5333333333333332,0.29422843396860465,-0.4707085,0.30978596,
591,,,,-1.7333333333333334,0.5333333333333332,0.3637772769613071,-0.45311454,0.16965619,
592,,,,-1.6,0.5333333333333332,0.4081142252788137,-0.40974817,0.06464459,
593,,,,-1.4666666666666668,0.5333333333333332,0.4027394721264631,-0.28372523,0.17836946,
594,,,,-1.3333333333333335,0.5333333333333332,0.3405671290336381,-0.19932422,0.24627005,
595,,,,-1.2,0.5333333333333332,0.23787519474138663,-0.14368537,0.19367848,
596,,,,-1.0666666666666667,0.5333333333333332,0.1319451835135989,-0.05220572,0.20266253,
597,,,,-0.9333333333333333,0.5333333333333332,0.07038267647575933,-0.010732596,0.12811063,
598,,,,-0.8,0.5333333333333332,0.09524382059773709,0.07468028,0.10401304,
599,,,,-0.6666666666666667,0.5333333333333332,0.2272740555746462,0.1696295,0.07467012,
600,,,,-0.5333333333333334,0.5333333333333332,0.4559216794596898,0.3083409,0.09761895,
601,,,,-0.3999999999999999,0.5333333333333332,0.7390931579520846,0.38254535,0.04874431,
602,,,,-0.2666666666666666,0.5333333333333332,1.0133978706949212,0.47706565,0.04006566,
603,,,,-0.1333333333333333,0.5333333333333332,1.211999149629266,0.51273817,0.02824401,
604,,,,0.0,0.5333333333333332,0.28444444444444433,0.53123415,0.02946067,
605,,,,0.1333333333333333,0.5333333333333332,1.2119991484688337,0.556092,0.029298251,
606,,,,0.2666666666666666,0.5333333333333332,1.0133978702389368,0.553222,0.024477256,
607,,,,0.3999999999999999,0.5333333333333332,0.7390931577624862,0.3876334,0.06244624,
608,,,,0.5333333333333332,0.5333333333333332,0.4559216794060579,0.29101506,0.07384174,
609,,,,0.6666666666666665,0.5333333333333332,0.22727405558895136,0.19576631,0.025483394,
610,,,,0.7999999999999998,0.5333333333333332,0.09524382063718759,0.15596844,0.1258284,
611,,,,0.9333333333333331,0.5333333333333332,0.0703826765140172,0.09462041,0.12112105,
612,,,,1.0666666666666664,0.5333333333333332,0.1319451835374471,0.04751117,0.1335876,
613,,,,1.2000000000000002,0.5333333333333332,0.23787519474786023,0.015480174,0.16016473,
614,,,,1.3333333333333335,0.5333333333333332,0.3405671290266168,-0.023135744,0.16493194,
615,,,,1.4666666666666668,0.5333333333333332,0.4027394721130091,-0.073799714,0.13744374,
616,,,,1.6,0.5333333333333332,0.40811422526592045,-0.09451862,0.1882878,
617,,,,1.7333333333333334,0.5333333333333332,0.3637772769536724,-0.14765057,0.15598299,
618,,,,1.8666666666666667,0.5333333333333332,0.2942284339677303,-0.20703594,0.12091286,
619,,,,2.0,0.5333333333333332,0.23004233335777605,-0.22436124,0.1792466,
620,,,,-2.0,0.6666666666666665,0.39004233335323857,-0.46305415,0.41611743,
621,,,,-1.8666666666666667,0.6666666666666665,0.4542284339686046,-0.442056,0.30166236,
622,,,,-1.7333333333333334,0.6666666666666665,0.523777276961307,-0.37624383,0.2272497,
623,,,,-1.6,0.6666666666666665,0.5681142252788136,-0.26417172,0.31733227,
624,,,,-1.4666666666666668,0.6666666666666665,0.562739472126463,-0.23279499,0.16188928,
625,,,,-1.3333333333333335,0.6666666666666665,0.500567129033638,-0.14730571,0.2047334,
626,,,,-1.2,0.6666666666666665,0.39787519474138655,-0.0075418367,0.21374598,
627,,,,-1.0666666666666667,0.6666666666666665,0.2919451835135988,0.036749516,0.16517986,
628,,,,-0.9333333333333333,0.6666666666666665,0.23038267647575925,0.15844363,0.18402867,
629,,,,-0.8,0.6666666666666665,0.255243820597737,0.24498688,0.15386297,
630,,,,-0.6666666666666667,0.6666666666666665,0.3872740555746461,0.3424774,0.11725067,
631,,,,-0.5333333333333334,0.6666666666666665,0.6159216794596898,0.42348516,0.088412985,
632,,,,-0.3999999999999999,0.6666666666666665,0.8990931579520846,0.5055193,0.05058366,
633,,,,-0.2666666666666666,0.6666666666666665,1.173397870694921,0.63329333,0.03562886,
634,,,,-0.1333333333333333,0.6666666666666665,1.3719991496292658,0.70285004,0.031138266,
635,,,,0.0,0.6666666666666665,0.44444444444444425,0.7118353,0.037268415,
636,,,,0.1333333333333333,0.6666666666666665,1.3719991484688336,0.7295002,0.031402797,
637,,,,0.2666666666666666,0.6666666666666665,1.1733978702389367,0.71204233,0.036220763,
638,,,,0.3999999999999999,0.6666666666666665,0.8990931577624861,0.4869633,0.056822453,
639,,,,0.5333333333333332,0.6666666666666665,0.6159216794060578,0.38341781,0.07366339,
640,,,,0.6666666666666665,0.6666666666666665,0.3872740555889513,0.3056316,0.10508307,
641,,,,0.7999999999999998,0.6666666666666665,0.25524382063718754,0.21824807,0.13168618,
642,,,,0.9333333333333331,0.6666666666666665,0.23038267651401712,0.17189755,0.21434489,
643,,,,1.0666666666666664,0.6666666666666665,0.29194518353744703,0.0891994,0.19156784,
644,,,,1.2000000000000002,0.6666666666666665,0.39787519474786015,0.037783206,0.20325275,
645,,,,1.3333333333333335,0.6666666666666665,0.5005671290266167,-0.014645261,0.19496654,
646,,,,1.4666666666666668,0.6666666666666665,0.562739472113009,-0.068405844,0.17512563,
647,,,,1.6,0.6666666666666665,0.5681142252659204,-0.10699281,0.18341692,
648,,,,1.7333333333333334,0.6666666666666665,0.5237772769536724,-0.13957721,0.19219433,
649,,,,1.8666666666666667,0.6666666666666665,0.4542284339677302,-0.17128426,0.2280624,
650,,,,2.0,0.6666666666666665,0.39004233335777594,-0.22086084,0.2157767,
651,,,,-2.0,0.7999999999999998,0.585597888908794,-0.38363388,0.41176137,
652,,,,-1.8666666666666667,0.7999999999999998,0.6497839895241599,-0.34150562,0.30599126,
653,,,,-1.7333333333333334,0.7999999999999998,0.7193328325168624,-0.2268804,0.33462766,
654,,,,-1.6,0.7999999999999998,0.763669780834369,-0.2038,0.2022096,
655,,,,-1.4666666666666668,0.7999999999999998,0.7582950276820185,-0.06291781,0.28950393,
656,,,,-1.3333333333333335,0.7999999999999998,0.6961226845891935,0.025969904,0.28308642,
657,,,,-1.2,0.7999999999999998,0.5934307502969419,0.10655245,0.25171122,
658,,,,-1.0666666666666667,0.7999999999999998,0.48750073906915425,0.1645195,0.15177478,
659,,,,-0.9333333333333333,0.7999999999999998,0.42593823203131465,0.29946843,0.20519276,
660,,,,-0.8,0.7999999999999998,0.45079937615329246,0.40404385,0.17920083,
661,,,,-0.6666666666666667,0.7999999999999998,0.5828296111302016,0.4824463,0.13484897,
662,,,,-0.5333333333333334,0.7999999999999998,0.8114772350152452,0.55243516,0.08157189,
663,,,,-0.3999999999999999,0.7999999999999998,1.09464871350764,0.62621826,0.08595008,
664,,,,-0.2666666666666666,0.7999999999999998,1.3689534262504766,0.8107213,0.079427764,
665,,,,-0.1333333333333333,0.7999999999999998,1.567554705184821,0.9014213,0.07355474,
666,,,,0.0,0.7999999999999998,0.6399999999999997,0.9057698,0.08155252,
667,,,,0.1333333333333333,0.7999999999999998,1.5675547040243891,0.88786614,0.09907906,
668,,,,0.2666666666666666,0.7999999999999998,1.3689534257944922,0.903507,0.04908206,
669,,,,0.3999999999999999,0.7999999999999998,1.0946487133180414,0.64525056,0.08992946,
670,,,,0.5333333333333332,0.7999999999999998,0.8114772349616132,0.5125963,0.13131393,
671,,,,0.6666666666666665,0.7999999999999998,0.5828296111445067,0.4133329,0.12943578,
672,,,,0.7999999999999998,0.7999999999999998,0.4507993761927429,0.3221039,0.12980033,
673,,,,0.9333333333333331,0.7999999999999998,0.42593823206957254,0.24452585,0.1757564,
674,,,,1.0666666666666664,0.7999999999999998,0.48750073909300246,0.12727933,0.09791837,
675,,,,1.2000000000000002,0.7999999999999998,0.5934307503034156,0.074039124,0.19793932,
676,,,,1.3333333333333335,0.7999999999999998,0.6961226845821721,-0.005852186,0.15381016,
677,,,,1.4666666666666668,0.7999999999999998,0.7582950276685644,-0.021726117,0.24223831,
678,,,,1.6,0.7999999999999998,0.7636697808214757,-0.026184976,0.3378819,
679,,,,1.7333333333333334,0.7999999999999998,0.7193328325092277,-0.098784305,0.2861024,
680,,,,1.8666666666666667,0.7999999999999998,0.6497839895232856,-0.11682537,0.34553242,
681,,,,2.0,0.7999999999999998,0.5855978889133314,-0.16775784,0.33635908,
682,,,,-2.0,0.9333333333333331,0.8167090000199051,-0.27866584,0.37065974,
683,,,,-1.8666666666666667,0.9333333333333331,0.880895100635271,-0.1775926,0.3713075,
684,,,,-1.7333333333333334,0.9333333333333331,0.9504439436279735,-0.119569376,0.3306558,
685,,,,-1.6,0.9333333333333331,0.99478089194548,-0.022707567,0.33519208,
686,,,,-1.4666666666666668,0.9333333333333331,0.9894061387931296,0.03266638,0.17710036,
687,,,,-1.3333333333333335,0.9333333333333331,0.9272337957003045,0.17263213,0.32657343,
688,,,,-1.2,0.9333333333333331,0.824541861408053,0.24652092,0.21264812,
689,,,,-1.0666666666666667,0.9333333333333331,0.7186118501802653,0.33742782,0.22201756,
690,,,,-0.9333333333333333,0.9333333333333331,0.6570493431424257,0.4202287,0.2321339,
691,,,,-0.8,0.9333333333333331,0.6819104872644035,0.5078351,0.18507178,
692,,,,-0.6666666666666667,0.9333333333333331,0.8139407222413126,0.5672724,0.19344763,
693,,,,-0.5333333333333334,0.9333333333333331,1.0425883461263563,0.68113744,0.14368021,
694,,,,-0.3999999999999999,0.9333333333333331,1.325759824618751,0.7825389,0.08863718,
695,,,,-0.2666666666666666,0.9333333333333331,1.6000645373615876,0.994696,0.13254327,
696,,,,-0.1333333333333333,0.9333333333333331,1.7986658162959324,1.0886104,0.13478105,
697,,,,0.0,0.9333333333333331,0.8711111111111107,1.0680712,0.14936274,
698,,,,0.1333333333333333,0.9333333333333331,1.7986658151355002,1.0718846,0.13226599,
699,,,,0.2666666666666666,0.9333333333333331,1.6000645369056032,1.0714602,0.10899255,
700,,,,0.3999999999999999,0.9333333333333331,1.3257598244291526,0.81174064,0.11457863,
701,,,,0.5333333333333332,0.9333333333333331,1.0425883460727243,0.61042494,0.09971608,
702,,,,0.6666666666666665,0.9333333333333331,0.8139407222556178,0.5303761,0.17185585,
703,,,,0.7999999999999998,0.9333333333333331,0.681910487303854,0.4474632,0.17800684,
704,,,,0.9333333333333331,0.9333333333333331,0.6570493431806836,0.35227868,0.16105062,
705,,,,1.0666666666666664,0.9333333333333331,0.7186118502041134,0.3031874,0.25756893,
706,,,,1.2000000000000002,0.9333333333333331,0.8245418614145267,0.19719273,0.27488577,
707,,,,1.3333333333333335,0.9333333333333331,0.9272337956932831,0.088066444,0.23379165,
708,,,,1.4666666666666668,0.9333333333333331,0.9894061387796754,0.045518607,0.3110555,
709,,,,1.6,0.9333333333333331,0.9947808919325868,-0.044634514,0.23522541,
710,,,,1.7333333333333334,0.9333333333333331,0.9504439436203388,-0.077180855,0.2940944,
711,,,,1.8666666666666667,0.9333333333333331,0.8808951006343967,-0.16024882,0.20383312,
712,,,,2.0,0.9333333333333331,0.8167090000244425,-0.16697307,0.31630877,
713,,,,-2.0,1.0666666666666664,1.0833756666865717,-0.122734234,0.41130772,
714,,,,-1.8666666666666667,1.0666666666666664,1.1475617673019376,-0.09168036,0.26617563,
715,,,,-1.7333333333333334,1.0666666666666664,1.21711061029464,0.02574626,0.34767538,
716,,,,-1.6,1.0666666666666664,1.2614475586121467,0.08539462,0.32583153,
717,,,,-1.4666666666666668,1.0666666666666664,1.256072805459796,0.21480526,0.3110084,
718,,,,-1.3333333333333335,1.0666666666666664,1.1939004623669711,0.2706332,0.20985955,
719,,,,-1.2,1.0666666666666664,1.0912085280747197,0.36174217,0.21171373,
720,,,,-1.0666666666666667,1.0666666666666664,0.9852785168469319,0.46262944,0.27415836,
721,,,,-0.9333333333333333,1.0666666666666664,0.9237160098090923,0.5430572,0.25062346,
722,,,,-0.8,1.0666666666666664,0.9485771539310701,0.6321154,0.2814153,
723,,,,-0.6666666666666667,1.0666666666666664,1.0806073889079792,0.7434339,0.18549041,
724,,,,-0.5333333333333334,1.0666666666666664,1.309255012793023,0.8441204,0.2136468,
725,,,,-0.3999999999999999,1.0666666666666664,1.5924264912854176,0.9164074,0.14335984,
726,,,,-0.2666666666666666,1.0666666666666664,1.8667312040282542,1.1917946,0.15818538,
727,,,,-0.1333333333333333,1.0666666666666664,2.065332482962599,1.2879899,0.118991606,
728,,,,0.0,1.0666666666666664,1.1377777777777773,1.2609041,0.17000106,
729,,,,0.1333333333333333,1.0666666666666664,2.0653324818021668,1.2771183,0.11728775,
730,,,,0.2666666666666666,1.0666666666666664,1.8667312035722698,1.2396511,0.17983091,
731,,,,0.3999999999999999,1.0666666666666664,1.5924264910958192,1.0093569,0.1214827,
732,,,,0.5333333333333332,1.0666666666666664,1.309255012739391,0.7502137,0.14264682,
733,,,,0.6666666666666665,1.0666666666666664,1.0806073889222843,0.6311357,0.19334933,
734,,,,0.7999999999999998,1.0666666666666664,0.9485771539705206,0.5389548,0.1638039,
735,,,,0.9333333333333331,1.0666666666666664,0.9237160098473503,0.4591444,0.16803248,
736,,,,1.0666666666666664,1.0666666666666664,0.98527851687078,0.41365469,0.26798806,
737,,,,1.2000000000000002,1.0666666666666664,1.0912085280811932,0.30390114,0.19797091,
738,,,,1.3333333333333335,1.0666666666666664,1.1939004623599498,0.22222097,0.25600573,
739,,,,1.4666666666666668,1.0666666666666664,1.2560728054463421,0.12242321,0.30281517,
740,,,,1.6,1.0666666666666664,1.2614475585992535,0.07391159,0.35086507,
741,,,,1.7333333333333334,1.0666666666666664,1.2171106102870055,-0.058552742,0.22616474,
742,,,,1.8666666666666667,1.0666666666666664,1.1475617673010634,-0.09055792,0.28264868,
743,,,,2.0,1.0666666666666664,1.083375666691109,-0.10822906,0.3967197,
744,,,,-2.0,1.2000000000000002,1.3855978889087948,0.004813119,0.3802241,
745,,,,-1.8666666666666667,1.2000000000000002,1.4497839895241607,0.028610067,0.28298157,
746,,,,-1.7333333333333334,1.2000000000000002,1.5193328325168631,0.12175903,0.33290213,
747,,,,-1.6,1.2000000000000002,1.5636697808343698,0.26187837,0.3975817,
748,,,,-1.4666666666666668,1.2000000000000002,1.558295027682019,0.34970883,0.36379188,
749,,,,-1.3333333333333335,1.2000000000000002,1.4961226845891942,0.48602068,0.32960546,
750,,,,-1.2,1.2000000000000002,1.3934307502969427,0.535303,0.30265835,
751,,,,-1.0666666666666667,1.2000000000000002,1.2875007390691549,0.606065,0.28272808,
752,,,,-0.9333333333333333,1.2000000000000002,1.2259382320313155,0.70604867,0.22729494,
753,,,,-0.8,1.2000000000000002,1.2507993761532932,0.76922154,0.32587424,
754,,,,-0.6666666666666667,1.2000000000000002,1.3828296111302023,0.81342727,0.24462892,
755,,,,-0.5333333333333334,1.2000000000000002,1.6114772350152458,0.9589963,0.1809455,
756,,,,-0.3999999999999999,1.2000000000000002,1.8946487135076406,1.0926732,0.21914434,
757,,,,-0.2666666666666666,1.2000000000000002,2.1689534262504773,1.382872,0.16318719,
758,,,,-0.1333333333333333,1.2000000000000002,2.367554705184822,1.4080981,0.24177893,
759,,,,0.0,1.2000000000000002,1.4400000000000004,1.4554709,0.15266412,
760,,,,0.1333333333333333,1.2000000000000002,2.36755470402439,1.4528854,0.17127286,
761,,,,0.2666666666666666,1.2000000000000002,2.168953425794493,1.3891678,0.28201056,
762,,,,0.3999999999999999,1.2000000000000002,1.894648713318042,1.1891497,0.1742399,
763,,,,0.5333333333333332,1.2000000000000002,1.611477234961614,0.9100816,0.21677907,
764,,,,0.6666666666666665,1.2000000000000002,1.3828296111445075,0.71459615,0.21415116,
765,,,,0.7999999999999998,1.2000000000000002,1.2507993761927436,0.6281863,0.24689783,
766,,,,0.9333333333333331,1.2000000000000002,1.2259382320695733,0.55727375,0.16225992,
767,,,,1.0666666666666664,1.2000000000000002,1.287500739093003,0.56690335,0.294955,
768,,,,1.2000000000000002,1.2000000000000002,1.3934307503034162,0.41140518,0.23415618,
769,,,,1.3333333333333335,1.2000000000000002,1.496122684582173,0.37006447,0.3284194,
770,,,,1.4666666666666668,1.2000000000000002,1.5582950276685652,0.31378037,0.45052767,
771,,,,1.6,1.2000000000000002,1.5636697808214766,0.1542592,0.31721458,
772,,,,1.7333333333333334,1.2000000000000002,1.5193328325092286,0.0781061,0.3784437,
773,,,,1.8666666666666667,1.2000000000000002,1.4497839895232865,0.047012057,0.45689154,
774,,,,2.0,1.2000000000000002,1.385597888913332,-0.0607378,0.36306974,
775,,,,-2.0,1.3333333333333335,1.7233756666865725,0.024676612,0.3192876,
776,,,,-1.8666666666666667,1.3333333333333335,1.7875617673019384,0.22848628,0.37600362,
777,,,,-1.7333333333333334,1.3333333333333335,1.8571106102946409,0.28362766,0.33325052,
778,,,,-1.6,1.3333333333333335,1.9014475586121475,0.3936733,0.40922445,
779,,,,-1.4666666666666668,1.3333333333333335,1.8960728054597968,0.50789833,0.4549844,
780,,,,-1.3333333333333335,1.3333333333333335,1.833900462366972,0.5301711,0.3236688,
781,,,,-1.2,1.3333333333333335,1.7312085280747205,0.6400891,0.38794535,
782,,,,-1.0666666666666667,1.3333333333333335,1.6252785168469326,0.76106596,0.3164271,
783,,,,-0.9333333333333333,1.3333333333333335,1.5637160098090932,0.78075826,0.32423788,
784,,,,-0.8,1.3333333333333335,1.588577153931071,0.93405527,0.2899369,
785,,,,-0.6666666666666667,1.3333333333333335,1.72060738890798,1.0074629,0.2856141,
786,,,,-0.5333333333333334,1.3333333333333335,1.9492550127930235,1.0431714,0.29250458,
787,,,,-0.3999999999999999,1.3333333333333335,2.2324264912854184,1.2847724,0.26387095,
788,,,,-0.2666666666666666,1.3333333333333335,2.506731204028255,1.5102521,0.20263822,
789,,,,-0.1333333333333333,1.3333333333333335,2.7053324829625995,1.6176981,0.23856045,
790,,,,0.0,1.3333333333333335,1.7777777777777781,1.6511072,0.17834163,
791,,,,0.1333333333333333,1.3333333333333335,2.7053324818021673,1.6105999,0.26053005,
792,,,,0.2666666666666666,1.3333333333333335,2.5067312035722704,1.629853,0.14404568,
793,,,,0.3999999999999999,1.3333333333333335,2.23242649109582,1.338364,0.24178694,
794,,,,0.5333333333333332,1.3333333333333335,1.9492550127393917,1.0490108,0.23616536,
795,,,,0.6666666666666665,1.3333333333333335,1.7206073889222853,0.87258196,0.24046464,
796,,,,0.7999999999999998,1.3333333333333335,1.5885771539705213,0.8120693,0.3304099,
797,,,,0.9333333333333331,1.3333333333333335,1.563716009847351,0.690525,0.31548208,
798,,,,1.0666666666666664,1.3333333333333335,1.6252785168707808,0.66022307,0.32837132,
799,,,,1.2000000000000002,1.3333333333333335,1.731208528081194,0.5718533,0.3086513,
800,,,,1.3333333333333335,1.3333333333333335,1.8339004623599506,0.4446663,0.32564062,
801,,,,1.4666666666666668,1.3333333333333335,1.896072805446343,0.3815184,0.30722395,
802,,,,1.6,1.3333333333333335,1.9014475585992543,0.24927704,0.25236267,
803,,,,1.7333333333333334,1.3333333333333335,1.8571106102870063,0.11848219,0.21557063,
804,,,,1.8666666666666667,1.3333333333333335,1.7875617673010642,0.113808304,0.42325407,
805,,,,2.0,1.3333333333333335,1.7233756666911098,0.015144155,0.3855257,
806,,,,-2.0,1.4666666666666668,2.096709000019906,0.22730164,0.35270762,
807,,,,-1.8666666666666667,1.4666666666666668,2.160895100635272,0.39246133,0.4915875,
808,,,,-1.7333333333333334,1.4666666666666668,2.2304439436279746,0.44420284,0.47969198,
809,,,,-1.6,1.4666666666666668,2.274780891945481,0.54779315,0.37308377,
810,,,,-1.4666666666666668,1.4666666666666668,2.2694061387931304,0.6600217,0.38962692,
811,,,,-1.3333333333333335,1.4666666666666668,2.207233795700305,0.77708656,0.38846922,
812,,,,-1.2,1.4666666666666668,2.104541861408054,0.6986301,0.36051878,
813,,,,-1.0666666666666667,1.4666666666666668,1.998611850180266,0.8678267,0.37574628,
814,,,,-0.9333333333333333,1.4666666666666668,1.9370493431424267,0.913148,0.38198772,
815,,,,-0.8,1.4666666666666668,1.9619104872644044,1.0779153,0.35595167,
816,,,,-0.6666666666666667,1.4666666666666668,2.0939407222413133,1.1291503,0.25402096,
817,,,,-0.5333333333333334,1.4666666666666668,2.322588346126357,1.2164649,0.28328916,
818,,,,-0.3999999999999999,1.4666666666666668,2.605759824618752,1.4646262,0.27302283,
819,,,,-0.2666666666666666,1.4666666666666668,2.8800645373615885,1.6443497,0.32734427,
820,,,,-0.1333333333333333,1.4666666666666668,3.078665816295933,1.7918292,0.30251688,
821,,,,0.0,1.4666666666666668,2.1511111111111116,1.7842336,0.3042017,
822,,,,0.1333333333333333,1.4666666666666668,3.0786658151355013,1.8273172,0.20889372,
823,,,,0.2666666666666666,1.4666666666666668,2.8800645369056044,1.7602913,0.32485008,
824,,,,0.3999999999999999,1.4666666666666668,2.6057598244291533,1.4692246,0.31773138,
825,,,,0.5333333333333332,1.4666666666666668,2.3225883460727252,1.1890328,0.26559228,
826,,,,0.6666666666666665,1.4666666666666668,2.093940722255619,1.0584852,0.28133002,
827,,,,0.7999999999999998,1.4666666666666668,1.9619104873038549,0.91855454,0.3499016,
828,,,,0.9333333333333331,1.4666666666666668,1.9370493431806846,0.85296625,0.3373595,
829,,,,1.0666666666666664,1.4666666666666668,1.9986118502041144,0.71903235,0.27807826,
830,,,,1.2000000000000002,1.4666666666666668,2.1045418614145275,0.6910311,0.39331785,
831,,,,1.3333333333333335,1.4666666666666668,2.207233795693284,0.5480173,0.2933055,
832,,,,1.4666666666666668,1.4666666666666668,2.2694061387796762,0.51480025,0.3799018,
833,,,,1.6,1.4666666666666668,2.2747808919325876,0.39191315,0.3321217,
834,,,,1.7333333333333334,1.4666666666666668,2.23044394362034,0.41845074,0.54475605,
835,,,,1.8666666666666667,1.4666666666666668,2.1608951006343977,0.17803192,0.34712243,
836,,,,2.0,1.4666666666666668,2.0967090000244433,0.13220674,0.44100654,
837,,,,-2.0,1.6,2.505597888908795,0.427987,0.5398874,
838,,,,-1.8666666666666667,1.6,2.569783989524161,0.49096322,0.48593652,
839,,,,-1.7333333333333334,1.6,2.6393328325168635,0.5671472,0.45662314,
840,,,,-1.6,1.6,2.6836697808343697,0.6540034,0.3543512,
841,,,,-1.4666666666666668,1.6,2.678295027682019,0.7671479,0.35888094,
842,,,,-1.3333333333333335,1.6,2.616122684589194,0.8319528,0.39779767,
843,,,,-1.2,1.6,2.513430750296943,0.8864215,0.38102603,
844,,,,-1.0666666666666667,1.6,2.407500739069155,1.029127,0.3747703,
845,,,,-0.9333333333333333,1.6,2.3459382320313154,1.1288407,0.37667766,
846,,,,-0.8,1.6,2.3707993761532933,1.2172714,0.33798456,
847,,,,-0.6666666666666667,1.6,2.502829611130202,1.2502639,0.41500717,
848,,,,-0.5333333333333334,1.6,2.731477235015246,1.3273668,0.3641757,
849,,,,-0.3999999999999999,1.6,3.0146487135076407,1.6018682,0.31747207,
850,,,,-0.2666666666666666,1.6,3.2889534262504774,1.8385358,0.29842517,
851,,,,-0.1333333333333333,1.6,3.487554705184822,1.8773603,0.46818802,
852,,,,0.0,1.6,2.5600000000000005,1.9322667,0.378428,
853,,,,0.1333333333333333,1.6,3.48755470402439,1.9493905,0.41115138,
854,,,,0.2666666666666666,1.6,3.2889534257944932,1.9387348,0.32028055,
855,,,,0.3999999999999999,1.6,3.014648713318042,1.714628,0.2521216,
856,,,,0.5333333333333332,1.6,2.731477234961614,1.4328508,0.32638612,
857,,,,0.6666666666666665,1.6,2.5028296111445076,1.1478368,0.3646889,
858,,,,0.7999999999999998,1.6,2.370799376192744,0.9578907,0.33162317,
859,,,,0.9333333333333331,1.6,2.345938232069573,0.96455693,0.3638523,
860,,,,1.0666666666666664,1.6,2.4075007390930034,0.88074213,0.3966035,
861,,,,1.2000000000000002,1.6,2.5134307503034163,0.80292463,0.42054927,
862,,,,1.3333333333333335,1.6,2.616122684582173,0.70800054,0.45187995,
863,,,,1.4666666666666668,1.6,2.678295027668565,0.6460614,0.40478534,
864,,,,1.6,1.6,2.6836697808214764,0.57540953,0.5009709,
865,,,,1.7333333333333334,1.6,2.6393328325092287,0.5099611,0.57974017,
866,,,,1.8666666666666667,1.6,2.5697839895232866,0.41118512,0.5202128,
867,,,,2.0,1.6,2.505597888913332,0.24359307,0.45830455,
868,,,,-2.0,1.7333333333333334,2.950042333353239,0.5879142,0.50143826,
869,,,,-1.8666666666666667,1.7333333333333334,3.014228433968605,0.6040842,0.4765048,
870,,,,-1.7333333333333334,1.7333333333333334,3.0837772769613077,0.6880861,0.4105026,
871,,,,-1.6,1.7333333333333334,3.128114225278814,0.779495,0.28265816,
872,,,,-1.4666666666666668,1.7333333333333334,3.1227394721264634,0.9172228,0.43408018,
873,,,,-1.3333333333333335,1.7333333333333334,3.0605671290336383,0.9638313,0.37046692,
874,,,,-1.2,1.7333333333333334,2.957875194741387,1.0911518,0.3185801,
875,,,,-1.0666666666666667,1.7333333333333334,2.851945183513599,1.159986,0.3643985,
876,,,,-0.9333333333333333,1.7333333333333334,2.7903826764757595,1.1761159,0.4009272,
877,,,,-0.8,1.7333333333333334,2.8152438205977375,1.2698418,0.5010385,
878,,,,-0.6666666666666667,1.7333333333333334,2.9472740555746464,1.399341,0.36040208,
879,,,,-0.5333333333333334,1.7333333333333334,3.17592167945969,1.5668771,0.3169344,
880,,,,-0.3999999999999999,1.7333333333333334,3.459093157952085,1.7686992,0.32419592,
881,,,,-0.2666666666666666,1.7333333333333334,3.7333978706949216,2.0382955,0.2577514,
882,,,,-0.1333333333333333,1.7333333333333334,3.931999149629266,2.1303885,0.35423905,
883,,,,0.0,1.7333333333333334,3.0044444444444447,2.0854957,0.4855526,
884,,,,0.1333333333333333,1.7333333333333334,3.931999148468834,2.17814,0.31339356,
885,,,,0.2666666666666666,1.7333333333333334,3.733397870238937,2.0865018,0.45304507,
886,,,,0.3999999999999999,1.7333333333333334,3.4590931577624864,1.8630128,0.34149277,
887,,,,0.5333333333333332,1.7333333333333334,3.1759216794060583,1.5554585,0.37328,
888,,,,0.6666666666666665,1.7333333333333334,2.947274055588952,1.3375266,0.4707796,
889,,,,0.7999999999999998,1.7333333333333334,2.815243820637188,1.1192023,0.33422843,
890,,,,0.9333333333333331,1.7333333333333334,2.7903826765140174,1.0442035,0.47720414,
891,,,,1.0666666666666664,1.7333333333333334,2.8519451835374476,0.99551696,0.4063094,
892,,,,1.2000000000000002,1.7333333333333334,2.9578751947478605,0.87648803,0.30245224,
893,,,,1.3333333333333335,1.7333333333333334,3.060567129026617,0.8907544,0.46562567,
894,,,,1.4666666666666668,1.7333333333333334,3.1227394721130093,0.7542431,0.46341914,
895,,,,1.6,1.7333333333333334,3.1281142252659206,0.62894803,0.30662864,
896,,,,1.7333333333333334,1.7333333333333334,3.083777276953673,0.6240874,0.5581682,
897,,,,1.8666666666666667,1.7333333333333334,3.0142284339677308,0.5287623,0.51851016,
898,,,,2.0,1.7333333333333334,2.9500423333577763,0.3486998,0.46263587,
899,,,,-2.0,1.8666666666666667,3.430042333353239,0.6039343,0.53206897,
900,,,,-1.8666666666666667,1.8666666666666667,3.494228433968605,0.68234235,0.46736443,
901,,,,-1.7333333333333334,1.8666666666666667,3.5637772769613076,0.7785701,0.44347972,
902,,,,-1.6,1.8666666666666667,3.608114225278814,0.89677596,0.36734915,
903,,,,-1.4666666666666668,1.8666666666666667,3.6027394721264634,0.94670725,0.45780095,
904,,,,-1.3333333333333335,1.8666666666666667,3.5405671290336382,1.0749747,0.43342623,
905,,,,-1.2,1.8666666666666667,3.437875194741387,1.2379864,0.27937034,
906,,,,-1.0666666666666667,1.8666666666666667,3.331945183513599,1.2261013,0.43196747,
907,,,,-0.9333333333333333,1.8666666666666667,3.2703826764757595,1.360011,0.4725965,
908,,,,-0.8,1.8666666666666667,3.2952438205977375,1.443839,0.51086605,
909,,,,-0.6666666666666667,1.8666666666666667,3.4272740555746464,1.5198802,0.39758503,
910,,,,-0.5333333333333334,1.8666666666666667,3.65592167945969,1.6207559,0.42889526,
911,,,,-0.3999999999999999,1.8666666666666667,3.939093157952085,1.9027022,0.456844,
912,,,,-0.2666666666666666,1.8666666666666667,4.213397870694921,2.158642,0.4151284,
913,,,,-0.1333333333333333,1.8666666666666667,4.411999149629266,2.1949575,0.5601052,
914,,,,0.0,1.8666666666666667,3.4844444444444447,2.279016,0.47256157,
915,,,,0.1333333333333333,1.8666666666666667,4.411999148468834,2.331125,0.44238845,
916,,,,0.2666666666666666,1.8666666666666667,4.213397870238937,2.2972198,0.39292383,
917,,,,0.3999999999999999,1.8666666666666667,3.9390931577624864,2.1282008,0.2688189,
918,,,,0.5333333333333332,1.8666666666666667,3.6559216794060583,1.8015187,0.38699016,
919,,,,0.6666666666666665,1.8666666666666667,3.427274055588952,1.5242962,0.32900384,
920,,,,0.7999999999999998,1.8666666666666667,3.295243820637188,1.3149055,0.3767957,
921,,,,0.9333333333333331,1.8666666666666667,3.2703826765140174,1.2268049,0.45618567,
922,,,,1.0666666666666664,1.8666666666666667,3.3319451835374476,1.0552039,0.38769162,
923,,,,1.2000000000000002,1.8666666666666667,3.4378751947478605,1.0733553,0.56616807,
924,,,,1.3333333333333335,1.8666666666666667,3.540567129026617,0.9505953,0.3995169,
925,,,,1.4666666666666668,1.8666666666666667,3.6027394721130093,0.830525,0.356693,
926,,,,1.6,1.8666666666666667,3.6081142252659206,0.67234683,0.40552673,
927,,,,1.7333333333333334,1.8666666666666667,3.563777276953673,0.75050753,0.57437783,
928,,,,1.8666666666666667,1.8666666666666667,3.4942284339677308,0.58911717,0.5031377,
929,,,,2.0,1.8666666666666667,3.4300423333577763,0.5385262,0.5030355,
930,,,,-2.0,2.0,3.9455978889087944,0.74637914,0.60233086,
931,,,,-1.8666666666666667,2.0,4.00978398952416,0.8268863,0.5945329,
932,,,,-1.7333333333333334,2.0,4.0793328325168625,0.9389991,0.5631576,
933,,,,-1.6,2.0,4.123669780834369,1.084132,0.52133465,
934,,,,-1.4666666666666668,2.0,4.118295027682019,1.1338766,0.50771964,
935,,,,-1.3333333333333335,2.0,4.056122684589194,1.258872,0.53888386,
936,,,,-1.2,2.0,3.9534307502969424,1.3724355,0.32961228,
937,,,,-1.0666666666666667,2.0,3.8475007390691545,1.4343511,0.5690803,
938,,,,-0.9333333333333333,2.0,3.785938232031315,1.5450637,0.35208425,
939,,,,-0.8,2.0,3.810799376153293,1.5662346,0.36480618,
940,,,,-0.6666666666666667,2.0,3.9428296111302017,1.6632353,0.43959936,
941,,,,-0.5333333333333334,2.0,4.171477235015246,1.8644612,0.4034124,
942,,,,-0.3999999999999999,2.0,4.45464871350764,2.123616,0.4605765,
943,,,,-0.2666666666666666,2.0,4.728953426250477,2.3799832,0.3267006,
944,,,,-0.1333333333333333,2.0,4.927554705184821,2.3857815,0.5890256,
945,,,,0.0,2.0,4.0,2.4707165,0.48394057,
946,,,,0.1333333333333333,2.0,4.92755470402439,2.3623104,0.6840449,
947,,,,0.2666666666666666,2.0,4.728953425794493,2.5054917,0.38465723,
948,,,,0.3999999999999999,2.0,4.454648713318042,2.1681368,0.61407256,
949,,,,0.5333333333333332,2.0,4.171477234961613,1.9232544,0.41291264,
950,,,,0.6666666666666665,2.0,3.942829611144507,1.641142,0.39410394,
951,,,,0.7999999999999998,2.0,3.8107993761927434,1.4648311,0.43543157,
952,,,,0.9333333333333331,2.0,3.7859382320695727,1.3102878,0.3923571,
953,,,,1.0666666666666664,2.0,3.847500739093003,1.1819323,0.3971083,
954,,,,1.2000000000000002,2.0,3.953430750303416,1.1251061,0.39092672,
955,,,,1.3333333333333335,2.0,4.0561226845821725,1.0158033,0.5187741,
956,,,,1.4666666666666668,2.0,4.118295027668565,0.9129459,0.44101006,
957,,,,1.6,2.0,4.123669780821476,0.9740755,0.6056674,
958,,,,1.7333333333333334,2.0,4.079332832509228,0.8156272,0.53324306,
959,,,,1.8666666666666667,2.0,4.009783989523286,0.7400107,0.61449516,
960,,,,2.0,2.0,3.9455978889133316,0.6009415,0.3545104,
