,xtr_0,ytr_0,xte_0,yte_0,modelte_0,epi_0
0,-0.165955990594852,-0.4980652197092491,-4.0,4.898587196589413e-16,-0.048222195,0.046339236
1,0.4406489868843162,0.9826672516685445,-3.959798994974874,0.1259597050677177,-0.046588697,0.05501146
2,-0.9997712503653102,-0.0007186381099971351,-3.919597989949749,0.2499129623703082,-0.052198593,0.020944864
3,-0.39533485473632046,-0.9464255890012647,-3.879396984924623,0.369885285416548,-0.043954983,0.06601063
4,-0.7064882183657739,-0.7968687382785425,-3.8391959798994977,0.483965601142838,-0.050619215,0.026149645
5,-0.8153228104624044,-0.5481749109919547,-3.798994974874372,0.5903366919365288,-0.04630281,0.05929944
6,-0.6274795772446582,-0.9208704959976054,-3.758793969849246,0.6873041426091845,-0.044946127,0.059747152
7,-0.3088785459139045,-0.825095140135845,-3.7185929648241207,0.773323331215339,-0.048572887,0.048676938
8,-0.20646505153866013,-0.6040944774579686,-3.678391959798995,0.8470240337722996,-0.05013798,0.032972105
9,0.07763346800671389,0.2414819750403921,-3.6381909547738696,0.9072322509454811,-0.038142644,0.088482454
10,-0.1616109711934104,-0.48618248687837584,-3.5979899497487438,0.9529889090158394,-0.043768264,0.079461515
11,0.370439000793519,0.9183014838331793,-3.557788944723618,0.98356513723637,-0.046015684,0.05819074
12,-0.5910955005369651,-0.9593278199945117,-3.5175879396984926,0.9984738782203788,-0.054362744,0.023964047
13,0.7562348727818908,0.6931216192901521,-3.477386934673367,0.9974776464163388,-0.033556193,0.11048739
14,-0.9452248136041477,-0.17123330156651745,-3.4371859296482414,0.9805923110824042,-0.044392478,0.07062144
15,0.34093502035680445,0.8777180261638202,-3.3969849246231156,0.9480868435005093,-0.0402821,0.08055368
16,-0.16539039526574606,-0.4965236398533634,-3.35678391959799,0.9004790324567514,-0.052080993,0.020506106
17,0.11737965689150331,0.36045819878289787,-3.3165829145728645,0.8385272362373773,-0.047793444,0.05219221
18,-0.7192261228095325,-0.7720606736879136,-3.2763819095477387,0.7632183025251686,-0.04214694,0.072367184
19,-0.6037970218302424,-0.9473027700507853,-3.2361809045226133,0.6757518486236092,-0.03831394,0.10015808
20,0.6014891373510733,0.9496004513478512,-3.1959798994974875,0.5775211524135879,-0.05066766,0.041533545
21,0.936523151438795,0.19809929159558132,-3.1557788944723617,0.4700909584360025,-0.045912296,0.06595306
22,-0.3731516436815143,-0.9216418095149987,-3.115577889447236,0.3551725526334265,-0.04412576,0.06677871
23,0.38464523133862816,0.9350494885442237,-3.0753768844221105,0.23459650279236882,-0.050194517,0.04242359
24,0.7527783045920766,0.70090808384377,-3.035175879396985,0.11028349891127548,-0.05401789,0.0
25,0.7892133270076946,0.6148579738067691,-2.9949748743718594,-0.015786242013636178,-0.044977456,0.07647504
26,-0.8299115772604442,-0.5092805001101812,-2.9547738693467336,-0.14160451942495228,-0.03970383,0.09169491
27,-0.9218904335342353,-0.2429331468008957,-2.914572864321608,-0.265167138398679,-0.048060022,0.056808174
28,-0.6603391608708622,-0.8757928716116864,-2.8743718592964824,-0.3845058350320108,-0.047723517,0.060275592
29,0.7562850068588263,0.693008080828926,-2.834170854271357,-0.4977196294756828,-0.048883796,0.055369355
30,-0.8033063323338998,-0.5793503144042031,-2.7939698492462313,-0.603005107179614,-0.056128193,0.0038047098
31,-0.15778474998989567,-0.47564347664689377,-2.7537688442211055,-0.698685145993307,-0.045186587,0.08702469
32,0.9157790603010039,0.2615115172452029,-2.7135678391959797,-0.7832356315188906,-0.052331243,0.01822365
33,0.06633056994603415,0.20687876961213802,-2.6733668341708543,-0.8553097351604119,-0.041898564,0.08776362
34,0.3837542279009467,0.9340534727275798,-2.633165829145729,-0.9137593681374366,-0.041952204,0.08025952
35,-0.3689687379878741,-0.9164631296221153,-2.592964824120603,-0.9576534697159294,-0.04350099,0.0742862
36,0.3730018553631673,0.9214591051805938,-2.5527638190954773,-0.9862928383380029,-0.04909349,0.054443076
37,0.6692513437947458,0.8619368967665602,-2.5125628140703515,-0.9992212694012756,-0.04926745,0.057809077
38,-0.9634234453116164,-0.11465592689973005,-2.472361809045226,-0.9962328222710067,-0.053055536,0.016521543
39,0.5002886298899349,0.9999995888954083,-2.4321608040201004,-0.9773751007667071,-0.05190299,0.012876131
40,0.9777221778129894,0.06993071962672012,-2.391959798994975,-0.9429484948674373,-0.05250754,0.021847285
41,0.4963313087596788,0.9999335817746025,-2.351758793969849,-0.8935013957148741,-0.052759442,0.03298966
42,-0.43911201587118964,-0.9817606944298557,-2.3115577889447234,-0.8298214601357254,-0.05161668,0.032091863
43,0.578558656902977,0.9696993233590511,-2.271356783919598,-0.7529230638333768,-0.04856235,0.073182784
44,-0.793547986844716,-0.6040618343791608,-2.2311557788944723,-0.6640311431104307,-0.040753994,0.097487524
45,-0.10421294764818967,-0.32157714175017216,-2.190954773869347,-0.5645616825119184,-0.046110667,0.064883515
46,0.8171910061861911,0.5432567872377934,-2.150753768844221,-0.4560991592070158,-0.042498227,0.07609199
47,-0.412771703252641,-0.9626865821979014,-2.1105527638190953,-0.34037130340411215,-0.049095526,0.054239675
48,-0.4244493228273025,-0.9719646042269684,-2.07035175879397,-0.21922157684769095,-0.053114954,0.025348067
49,-0.7399428557634447,-0.729091508249454,-2.030150753768844,-0.09457980779484401,-0.048770383,0.07259185
50,-0.9612660842594059,-0.12138609547567396,-1.9899497487437188,0.031568549764810244,-0.047397953,0.065075025
51,0.3576710658797819,0.9016876210067345,-1.949748743718593,0.15721404296725106,-0.053023335,0.046150938
52,-0.5767437679998819,-0.9710764736131523,-1.9095477386934672,0.28035522921701517,-0.037527926,0.09858343
53,-0.4689066812555476,-0.9952328529567951,-1.8693467336683418,0.3990305577323406,-0.0525411,0.04064522
54,-0.01685368143932342,-0.052922666230748365,-1.829145728643216,0.5113496156423268,-0.05178781,0.052891597
55,-0.8932749097658392,-0.32903997491792497,-1.7889447236180902,0.6155232409081798,-0.04509274,0.07205893
56,0.14823521098402614,0.4490435862043659,-1.7487437185929648,0.7098920223913331,-0.054036245,0.04200632
57,-0.7065428501883797,-0.7967650352894843,-1.708542713567839,0.7929527330827791,-0.05098154,0.051302038
58,0.1786110738065685,0.532137531192738,-1.6683417085427137,0.8633822754312233,-0.051067553,0.05755218
59,0.39951672004186234,0.9505862494656265,-1.6281407035175879,0.9200587573381745,-0.043448173,0.09516226
60,-0.7953311423443483,-0.5995879771416541,-1.587939698492462,0.9620793630944631,-0.050083194,0.06765637
61,-0.17188802436086337,-0.5141378396471589,-1.5477386934673367,0.9887747345870026,-0.057188302,0.026651993
62,0.3888003154554902,0.9395974133185333,-1.507537688442211,0.999719633693478,-0.054202113,0.046205297
63,-0.1716414609461947,-0.5134733036293712,-1.4673366834170856,0.994739716020657,-0.05113294,0.096035
64,-0.9000930821078257,-0.308738867450702,-1.4271356783919598,0.9739143080855377,-0.060949426,0.009129699
65,0.07179281183102315,0.2236363931356314,-1.386934673366834,0.9375751437008247,-0.0597111,0.06356439
66,0.32758929043957763,0.85686217041933,-1.3467336683417086,0.8863010796932088,-0.0535495,0.09884189
67,0.029778224116617125,0.09341465315718374,-1.3065326633165828,0.8209088751292625,-0.060898293,0.11090621
68,0.8891895119816267,0.34113251204191947,-1.2663316582914574,0.7424401809292834,-0.054306794,0.118133485
69,0.17311008100398584,0.5174269569933274,-1.2261306532663316,0.6521449471151866,-0.08309528,0.10278842
70,0.806803830575767,0.5703596707333669,-1.1859296482412058,0.551461512003107,-0.10609292,0.16153863
71,-0.725050591707525,-0.760302733673524,-1.1457286432160805,0.4419936905055793,-0.13954945,0.079991475
72,-0.7214473054984829,-0.7676070204119146,-1.1055276381909547,0.3254852265102114,-0.1673391,0.15658726
73,0.6147825774190476,0.9356852547071152,-1.0653266331658293,0.20379201629015253,-0.21363944,0.24779558
74,-0.20464632602893285,-0.5995313256230842,-1.0251256281407035,0.07885254540747635,-0.29318976,0.31137434
75,-0.6692916057661344,-0.8618727591388333,-0.9849246231155777,-0.04734298997155865,-0.3952649,0.22179264
76,0.8550171607920678,0.4398907545578962,-0.9447236180904524,-0.1727843854740994,-0.50049114,0.23558691
77,-0.3044682805089869,-0.817188061143469,-0.9045226130653266,-0.2954734496346705,-0.5775545,0.345686
78,0.5016242062723111,0.9999869817929656,-0.8643216080402008,-0.413455833652135,-0.68105006,0.46287453
79,0.4519959707009029,0.9886498430406381,-0.8241206030150754,-0.5248521627644684,-0.75555396,0.5151676
80,0.7666121824116197,0.6692577986756443,-0.7839195979899496,-0.627887973340859,-0.8487355,0.59233916
81,0.24734441411121777,0.7011830131926441,-0.7437185929648242,-0.7209219788147161,-0.9449177,0.46862495
82,0.5018848680546744,0.9999824680433314,-0.7035175879396984,-0.802472214201578,-0.93544275,0.68064463
83,-0.30220331604431494,-0.8130661841223341,-0.6633165829145726,-0.8712396427384599,-0.99774027,0.5096823
84,-0.46014421646994785,-0.9921713841391564,-0.6231155778894473,-0.9261288486078412,-0.97727984,0.62636095
85,0.7917724363921337,0.6084977756797377,-0.5829145728643215,-0.9662654861260219,-0.9794751,0.5065804
86,-0.14381762025741018,-0.43660036912476935,-0.5427135678391961,-0.9910102074427921,-0.91025406,0.73010725
87,0.9296800942967711,0.2191239404934049,-0.5025125628140703,-0.9999688468941563,-0.9641564,0.42744675
88,0.32688299563689616,0.8557161228185352,-0.4623115577889445,-0.9929986997786695,-0.89063245,0.68009037
89,0.24339144041824357,0.6922749187942501,-0.42211055276381915,-0.9702107955409863,-0.94470185,0.32239604
90,-0.7705080540932496,-0.6601137719422261,-0.38190954773869334,-0.9319681291524347,-0.8909123,0.40283296
91,0.8989785174141425,0.31206741650296016,-0.341708542713568,-0.8788798788614606,-0.7867713,0.56570387
92,-0.10017573304011895,-0.30954200808466925,-0.3015075376884422,-0.8117917024210207,-0.70638514,0.4646976
93,0.15677922877426353,0.47286238562406413,-0.2613065326633164,-0.7317722663670764,-0.6126112,0.37889272
94,-0.18372639447743766,-0.5456742418013802,-0.22110552763819102,-0.6400962229271073,-0.50709724,0.25258827
95,-0.5259460395139446,-0.9966797451058068,-0.18090452261306522,-0.5382239057242882,-0.393265,0.32673228
96,0.8067590411245076,0.5704752437589626,-0.14070351758793986,-0.42777806771021004,-0.27839372,0.16906078
97,0.1473589733445717,0.44658225032885124,-0.10050251256281406,-0.31051803187416877,-0.14994675,0.09463538
98,-0.9942593459376821,-0.018033818996919467,-0.06030150753768826,-0.18831166648971728,-0.021254981,0.13370435
99,0.23428982724144776,0.6713606685046128,-0.0201005025125629,-0.06310563131267392,0.09724364,0.10851945
