,xtr_0,xtr_1,ytr_0,xte_0,xte_1,yte_0,modelte_0,epi_0
0,-1.0,-1.0,0.8082151450513766,-2.0,-2.0,3.9455978889087944,2.716593020653818,0.9999997309399492
1,-0.8947368421052632,-1.0,0.7828087558329775,-1.8666666666666667,-2.0,4.00978398952416,2.908944662543945,0.7093675827281923
2,-0.7894736842105263,-1.0,0.8172534097868989,-1.7333333333333334,-2.0,4.0793328325168625,3.1462386058992706,0.5140132274535346
3,-0.6842105263157895,-1.0,0.9193708349615816,-1.6,-2.0,4.123669780834369,3.378360594448168,0.3596255004299301
4,-0.5789473684210527,-1.0,1.084413993886785,-1.4666666666666668,-2.0,4.118295027682019,3.5643353691557422,0.22849114156931838
5,-0.4736842105263158,-1.0,1.2948836563908752,-1.3333333333333335,-2.0,4.056122684589194,3.684003845206462,0.12121887627865996
6,-0.368421052631579,-1.0,1.5229999370037697,-1.2,-2.0,3.9534307502969424,3.743491103465203,0.044617506497501
7,-0.26315789473684215,-1.0,1.735422791153194,-1.0666666666666667,-2.0,3.8475007390691545,3.7723862464772537,0.004992920547656891
8,-0.1578947368421053,-1.0,1.8993114573918617,-0.9333333333333333,-2.0,3.785938232031315,3.8131213890155777,0.004886129166652965
9,-0.052631578947368474,-1.0,1.9884978882241269,-0.8,-2.0,3.810799376153293,3.9056700061191805,0.04175377092671199
10,0.05263157894736836,-1.0,1.9884978850912138,-0.6666666666666667,-2.0,3.9428296111302017,4.072458828741219,0.10790089050934422
11,0.1578947368421053,-1.0,1.899311456441779,-0.5333333333333334,-2.0,4.171477235015246,4.308595716604032,0.1914142195477897
12,0.26315789473684204,-1.0,1.7354227906870294,-0.3999999999999999,-2.0,4.45464871350764,4.580962687381543,0.27789663480463406
13,0.36842105263157876,-1.0,1.5229999367669733,-0.2666666666666666,-2.0,4.728953426250477,4.83684571296908,0.3526986189377655
14,0.4736842105263157,-1.0,1.2948836562870316,-0.1333333333333333,-2.0,4.927554705184821,5.019526174699422,0.40325209132773104
15,0.5789473684210527,-1.0,1.084413993862463,0.0,-2.0,4.0,5.0857892644708045,0.42109700614073636
16,0.6842105263157894,-1.0,0.9193708349812388,0.1333333333333333,-2.0,4.92755470402439,5.0195261740882415,0.40325209130852885
17,0.7894736842105261,-1.0,0.8172534098255118,0.2666666666666666,-2.0,4.728953425794493,4.8368457129981834,0.3526986188953029
18,0.894736842105263,-1.0,0.7828087558734692,0.3999999999999999,-2.0,4.454648713318042,4.580962688603904,0.27789663475206755
19,1.0,-1.0,0.808215145083368,0.5333333333333332,-2.0,4.171477234961613,4.308595718466677,0.1914142194761156
20,1.0,-1.0,0.808215145083368,0.6666666666666665,-2.0,3.942829611144507,4.072458830720279,0.1079008904193671
21,1.0,-0.8947368421052632,0.6087691617038666,0.7999999999999998,-2.0,3.8107993761927434,3.9056700083310716,0.041753770839302255
22,1.0,-0.7894736842105263,0.4314838431443099,0.9333333333333331,-2.0,3.7859382320695727,3.8131213921733433,0.004886129079562675
23,1.0,-0.6842105263157895,0.27635918940469767,1.0666666666666664,-2.0,3.847500739093003,3.7723862454658956,0.004992920438962624
24,1.0,-0.5789473684210527,0.14339520048503007,1.2000000000000002,-2.0,3.953430750303416,3.743491074681515,0.044617506305064704
25,1.0,-0.4736842105263158,0.032591876385307084,1.3333333333333335,-2.0,4.0561226845821725,3.6840037213078176,0.12121887588711451
26,1.0,-0.368421052631579,-0.056050782894471296,1.4666666666666668,-2.0,4.118295027668565,3.5643350070968154,0.2284911407360154
27,1.0,-0.26315789473684215,-0.12253277735430511,1.6,-2.0,4.123669780821476,3.3783597499495954,0.35962549894739565
28,1.0,-0.1578947368421053,-0.1668541069941943,1.7333333333333334,-2.0,4.079332832509228,3.146236918724753,0.5140132257410942
29,1.0,-0.052631578947368474,-0.18901477181413892,1.8666666666666667,-2.0,4.009783989523286,2.908941667423278,0.709367583790443
30,1.0,0.05263157894736836,-0.18901477181413892,2.0,-2.0,3.9455978889133316,2.7165881874116167,0.999999743655451
31,1.0,0.1578947368421053,-0.1668541069941943,-2.0,-1.8666666666666667,3.430042333353239,2.4504651381867006,0.7713443048236471
32,1.0,0.26315789473684204,-0.12253277735430516,-1.8666666666666667,-1.8666666666666667,3.494228433968605,2.6029847669997253,0.5206604318899584
33,1.0,0.36842105263157876,-0.05605078289447146,-1.7333333333333334,-1.8666666666666667,3.5637772769613076,2.8016171362251043,0.36676192235872546
34,1.0,0.4736842105263157,0.03259187638530697,-1.6,-1.8666666666666667,3.608114225278814,2.996758960711304,0.25344728121196125
35,1.0,0.5789473684210527,0.14339520048503007,-1.4666666666666668,-1.8666666666666667,3.6027394721264634,3.1480278519447893,0.1603241739000184
36,1.0,0.6842105263157894,0.2763591894046975,-1.3333333333333335,-1.8666666666666667,3.5405671290336382,3.2360125837731175,0.08494082061181811
37,1.0,0.7894736842105261,0.43148384314430954,-1.2,-1.8666666666666667,3.437875194741387,3.267727235564962,0.031246302427767596
38,1.0,0.894736842105263,0.6087691617038664,-1.0666666666666667,-1.8666666666666667,3.331945183513599,3.273671704926528,0.0034839309455710044
39,1.0,1.0,0.808215145083368,-0.9333333333333333,-1.8666666666666667,3.2703826764757595,3.297005415195599,0.003409178261917292
40,1.0,1.0,0.808215145083368,-0.8,-1.8666666666666667,3.2952438205977375,3.378011086198967,0.029238383211950447
41,0.8947368421052632,1.0,0.7828087558734692,-0.6666666666666667,-1.8666666666666667,3.4272740555746464,3.5388214320410043,0.0755805162382302
42,0.7894736842105263,1.0,0.8172534098255115,-0.5333333333333334,-1.8666666666666667,3.65592167945969,3.7735865888535045,0.13408925176925193
43,0.6842105263157895,1.0,0.9193708349812388,-0.3999999999999999,-1.8666666666666667,3.939093157952085,4.047676256683189,0.1946780940018484
44,0.5789473684210527,1.0,1.084413993862463,-0.2666666666666666,-1.8666666666666667,4.213397870694921,4.306582915771287,0.24708372073170792
45,0.4736842105263158,1.0,1.2948836562870314,-0.1333333333333333,-1.8666666666666667,4.411999149629266,4.491892168822233,0.28250104664013564
46,0.368421052631579,1.0,1.5229999367669729,0.0,-1.8666666666666667,3.4844444444444447,4.55917790834792,0.295003039396446
47,0.26315789473684215,1.0,1.7354227906870292,0.1333333333333333,-1.8666666666666667,4.411999148468834,4.491892168181948,0.2825010466339715
48,0.1578947368421053,1.0,1.899311456441779,0.2666666666666666,-1.8666666666666667,4.213397870238937,4.306582915451145,0.24708372071252938
49,0.052631578947368474,1.0,1.988497885091214,0.3999999999999999,-1.8666666666666667,3.9390931577624864,4.0476762571779545,0.19467809398016162
50,-0.05263157894736836,1.0,1.9884978882241269,0.5333333333333332,-1.8666666666666667,3.6559216794060583,3.773586590104969,0.13408925173487013
51,-0.1578947368421053,1.0,1.8993114573918617,0.6666666666666665,-1.8666666666666667,3.427274055588952,3.5388214332342613,0.0755805162009024
52,-0.26315789473684204,1.0,1.7354227911531943,0.7999999999999998,-1.8666666666666667,3.295243820637188,3.3780110876105027,0.02923838317232738
53,-0.36842105263157876,1.0,1.5229999370037701,0.9333333333333331,-1.8666666666666667,3.2703826765140174,3.297005416621687,0.003409178221489698
54,-0.4736842105263157,1.0,1.2948836563908754,1.0666666666666664,-1.8666666666666667,3.3319451835374476,3.27367170319485,0.003483930892117135
55,-0.5789473684210527,1.0,1.084413993886785,1.2000000000000002,-1.8666666666666667,3.4378751947478605,3.2677272059299867,0.031246302333176254
56,-0.6842105263157894,1.0,0.9193708349615817,1.3333333333333335,-1.8666666666666667,3.540567129026617,3.2360124562401325,0.08494082033709503
57,-0.7894736842105261,1.0,0.817253409786899,1.4666666666666668,-1.8666666666666667,3.6027394721130093,3.1480274818131875,0.16032417323391554
58,-0.894736842105263,1.0,0.7828087558329775,1.6,-1.8666666666666667,3.6081142252659206,2.996758098441205,0.25344727985601
59,-1.0,1.0,0.8082151450513766,1.7333333333333334,-1.8666666666666667,3.563777276953673,2.801615414375192,0.3667619200178175
60,-1.0,1.0,0.8082151450513766,1.8666666666666667,-1.8666666666666667,3.4942284339677308,2.6029817113203535,0.520660429739641
61,-1.0,0.8947368421052632,0.6087691616718752,2.0,-1.8666666666666667,3.4300423333577763,2.450460208046934,0.7713443072366433
62,-1.0,0.7894736842105263,0.43148384311231847,-2.0,-1.7333333333333334,2.950042333353239,2.201804225158412,0.5904946294274692
63,-1.0,0.6842105263157895,0.2763591893727063,-1.8666666666666667,-1.7333333333333334,3.014228433968605,2.317075397761073,0.3718756981520224
64,-1.0,0.5789473684210527,0.1433952004530387,-1.7333333333333334,-1.7333333333333334,3.0837772769613077,2.4795610979781486,0.2508560553018836
65,-1.0,0.4736842105263158,0.0325918763533157,-1.6,-1.7333333333333334,3.128114225278814,2.6401290294597857,0.16993718522095425
66,-1.0,0.368421052631579,-0.05605078292646268,-1.4666666666666668,-1.7333333333333334,3.1227394721264634,2.758945747395046,0.10672936011343308
67,-1.0,0.26315789473684215,-0.12253277738629649,-1.3333333333333335,-1.7333333333333334,3.0605671290336383,2.8172969977604225,0.056424446347243896
68,-1.0,0.1578947368421053,-0.1668541070261857,-1.2,-1.7333333333333334,2.957875194741387,2.8230296937399544,0.020740881504011474
69,-1.0,0.052631578947368474,-0.1890147718461303,-1.0666666666666667,-1.7333333333333334,2.851945183513599,2.807500335678924,0.002304963004359654
70,-1.0,-0.05263157894736836,-0.1890147718461303,-0.9333333333333333,-1.7333333333333334,2.7903826764757595,2.8145550750778057,0.0022553417812689928
71,-1.0,-0.1578947368421053,-0.1668541070261857,-0.8,-1.7333333333333334,2.8152438205977375,2.884771777316928,0.019405716347522205
72,-1.0,-0.26315789473684204,-0.12253277738629655,-0.6666666666666667,-1.7333333333333334,2.9472740555746464,3.040011222823523,0.05017647291676261
73,-1.0,-0.36842105263157876,-0.056050782926462844,-0.5333333333333334,-1.7333333333333334,3.17592167945969,3.2735265796654858,0.08902573279881751
74,-1.0,-0.4736842105263157,0.03259187635331559,-0.3999999999999999,-1.7333333333333334,3.459093157952085,3.549267514201347,0.12925615969928628
75,-1.0,-0.5789473684210527,0.1433952004530387,-0.2666666666666666,-1.7333333333333334,3.7333978706949216,3.8110405320767313,0.1640530053038496
76,-1.0,-0.6842105263157894,0.2763591893727061,-0.1333333333333333,-1.7333333333333334,3.931999149629266,3.9988361255382188,0.18756977722072776
77,-1.0,-0.7894736842105261,0.43148384311231813,0.0,-1.7333333333333334,3.0044444444444447,4.067088408570271,0.1958709828689025
78,-1.0,-0.894736842105263,0.608769161671875,0.1333333333333333,-1.7333333333333334,3.931999148468834,3.998836124665104,0.1875697772184443
79,-1.0,-1.0,0.8082151450513766,0.2666666666666666,-1.7333333333333334,3.733397870238937,3.811040531436447,0.16405300529789846
80,,,,0.3999999999999999,-1.7333333333333334,3.4590931577624864,3.5492675144341774,0.12925615968899304
81,,,,0.5333333333333332,-1.7333333333333334,3.1759216794060583,3.273526580276666,0.08902573278524699
82,,,,0.6666666666666665,-1.7333333333333334,2.947274055588952,3.040011223813053,0.050176472902482214
83,,,,0.7999999999999998,-1.7333333333333334,2.815243820637188,2.8847717780590756,0.0194057163309702
84,,,,0.9333333333333331,-1.7333333333333334,2.7903826765140174,2.814555077100522,0.0022553417663497078
85,,,,1.0666666666666664,-1.7333333333333334,2.8519451835374476,2.8075003325066064,0.0023049629835483754
86,,,,1.2000000000000002,-1.7333333333333334,2.9578751947478605,2.8230296623369213,0.02074088144390841
87,,,,1.3333333333333335,-1.7333333333333334,3.060567129026617,2.8172968672733987,0.05642444615919701
88,,,,1.4666666666666668,-1.7333333333333334,3.1227394721130093,2.758945369376306,0.10672935957216237
89,,,,1.6,-1.7333333333333334,3.1281142252659206,2.640128149996599,0.1699371837823613
90,,,,1.7333333333333334,-1.7333333333333334,3.083777276953673,2.4795593427406857,0.2508560521074411
91,,,,1.8666666666666667,-1.7333333333333334,3.0142284339677308,2.3170722836075583,0.37187569208997745
92,,,,2.0,-1.7333333333333334,2.9500423333577763,2.2017992019191297,0.5904946202015183
93,,,,-2.0,-1.6,2.505597888908795,1.9709282143739983,0.45244650346558035
94,,,,-1.8666666666666667,-1.6,2.569783989524161,2.051586776447948,0.2588069709665905
95,,,,-1.7333333333333334,-1.6,2.6393328325168635,2.180490357277449,0.16298112810392051
96,,,,-1.6,-1.6,2.6836697808343697,2.30893803719664,0.10669337926407309
97,,,,-1.4666666666666668,-1.6,2.678295027682019,2.3976014460786246,0.06616005672917347
98,,,,-1.3333333333333335,-1.6,2.616122684589194,2.428411803091876,0.03484352615151288
99,,,,-1.2,-1.6,2.513430750296943,2.409991293854546,0.01279310864767911
100,,,,-1.0666666666666667,-1.6,2.407500739069155,2.3744968798127957,0.001416254125587542
101,,,,-0.9333333333333333,-1.6,2.3459382320313154,2.3664189077098854,0.0013856230851034945
102,,,,-0.8,-1.6,2.3707993761532933,2.4266149614122696,0.011967115689310708
103,,,,-0.6666666666666667,-1.6,2.502829611130202,2.576695904659573,0.03095214357517867
104,,,,-0.5333333333333334,-1.6,2.731477235015246,2.809080152423121,0.054921464528027195
105,,,,-0.3999999999999999,-1.6,3.0146487135076407,3.0863924996810965,0.07974293975077142
106,,,,-0.2666666666666666,-1.6,3.2889534262504774,3.3508646928239614,0.10121198858147304
107,,,,-0.1333333333333333,-1.6,3.487554705184822,3.5409964348073117,0.11572142766251736
108,,,,0.0,-1.6,2.5600000000000005,3.6101562498370185,0.12084312702775851
109,,,,0.1333333333333333,-1.6,3.48755470402439,3.5409964338177815,0.11572142766133424
110,,,,0.2666666666666666,-1.6,3.2889534257944932,3.3508646919508465,0.10121198857875183
111,,,,0.3999999999999999,-1.6,3.014648713318042,3.086392499972135,0.07974293974537634
112,,,,0.5333333333333332,-1.6,2.731477234961614,2.80908015294699,0.054921464524655274
113,,,,0.6666666666666665,-1.6,2.5028296111445076,2.576695905139786,0.030952143572599445
114,,,,0.7999999999999998,-1.6,2.370799376192744,2.426614961863379,0.01196711568301645
115,,,,0.9333333333333331,-1.6,2.345938232069573,2.3664189083356177,0.0013856230807377402
116,,,,1.0666666666666664,-1.6,2.4075007390930034,2.3744968774335575,0.001416254119222296
117,,,,1.2000000000000002,-1.6,2.5134307503034163,2.4099912615929497,0.012793108612871388
118,,,,1.3333333333333335,-1.6,2.616122684582173,2.428411669723573,0.03484352601636379
119,,,,1.4666666666666668,-1.6,2.678295027668565,2.3976010606675118,0.06616005622885092
120,,,,1.6,-1.6,2.6836697808214764,2.308937141595379,0.10669337768220297
121,,,,1.7333333333333334,-1.6,2.6393328325092287,2.1804885704350454,0.16298112375962825
122,,,,1.8666666666666667,-1.6,2.5697839895232866,2.051583606807071,0.25880696059626773
123,,,,2.0,-1.6,2.505597888913332,1.9709231015649493,0.45244648109107793
124,,,,-2.0,-1.4666666666666668,2.096709000019906,1.7580883444170468,0.3519442478591754
125,,,,-1.8666666666666667,-1.4666666666666668,2.160895100635272,1.8068127503502183,0.17703810574099155
126,,,,-1.7333333333333334,-1.4666666666666668,2.2304439436279746,1.9047389329061843,0.09965849374332492
127,,,,-1.6,-1.4666666666666668,2.274780891945481,2.003558309166692,0.0611960817088224
128,,,,-1.4666666666666668,-1.4666666666666668,2.2694061387931304,2.0644039706676267,0.0369948110094816
129,,,,-1.3333333333333335,-1.4666666666666668,2.207233795700305,2.069800692202989,0.019333325718166903
130,,,,-1.2,-1.4666666666666668,2.104541861408054,2.0290871766628698,0.00708244016794152
131,,,,-1.0666666666666667,-1.4666666666666668,1.998611850180266,1.9751629440579563,0.0007791439216995677
132,,,,-0.9333333333333333,-1.4666666666666668,1.9370493431424267,1.9531181413913146,0.0007621468269232044
133,,,,-0.8,-1.4666666666666668,1.9619104872644044,2.0040733559289947,0.006622439159000759
134,,,,-0.6666666666666667,-1.4666666666666668,2.0939407222413133,2.1494113678927533,0.017136814841290277
135,,,,-0.5333333333333334,-1.4666666666666668,2.322588346126357,2.3807793059386313,0.030411612789695827
136,,,,-0.3999999999999999,-1.4666666666666668,2.605759824618752,2.659574813907966,0.04415835404432626
137,,,,-0.2666666666666666,-1.4666666666666668,2.8800645373615885,2.926569447037764,0.05604843903374497
138,,,,-0.1333333333333333,-1.4666666666666668,3.078665816295933,3.118879770860076,0.06408412162674541
139,,,,0.0,-1.4666666666666668,2.1511111111111116,3.188885349663906,0.06692064409626403
140,,,,0.1333333333333333,-1.4666666666666668,3.0786658151355013,3.1188797697832342,0.06408412162660343
141,,,,0.2666666666666666,-1.4666666666666668,2.8800645369056044,2.9265694459027145,0.05604843903382779
142,,,,0.3999999999999999,-1.4666666666666668,2.6057598244291533,2.6595748136751354,0.04415835404429076
143,,,,0.5333333333333332,-1.4666666666666668,2.3225883460727252,2.3807793064625002,0.030411612789317224
144,,,,0.6666666666666665,-1.4666666666666668,2.093940722255619,2.14941136809648,0.017136814839290786
145,,,,0.7999999999999998,-1.4666666666666668,1.9619104873038549,2.004073356205481,0.006622439158622156
146,,,,0.9333333333333331,-1.4666666666666668,1.9370493431806846,1.953118142002495,0.0007621468276212518
147,,,,1.0666666666666664,-1.4666666666666668,1.9986118502041144,1.9751629407764995,0.000779143919818389
148,,,,1.2000000000000002,-1.4666666666666668,2.1045418614145275,2.0290871432516724,0.007082440147449687
149,,,,1.3333333333333335,-1.4666666666666668,2.207233795693284,2.0698005558588193,0.019333325607851747
150,,,,1.4666666666666668,-1.4666666666666668,2.2694061387796762,2.0644035782424908,0.036994810521487294
151,,,,1.6,-1.4666666666666668,2.2747808919325876,2.0035573977984313,0.061196079903801895
152,,,,1.7333333333333334,-1.4666666666666668,2.23044394362034,1.9047371155174915,0.0996584881400627
153,,,,1.8666666666666667,-1.4666666666666668,2.1608951006343977,1.80680952747025,0.17703809042385513
154,,,,2.0,-1.4666666666666668,2.0967090000244433,1.7580831464820221,0.3519442112299411
155,,,,-2.0,-1.3333333333333335,1.7233756666865725,1.5634769162279554,0.28358997033736133
156,,,,-1.8666666666666667,-1.3333333333333335,1.7875617673019384,1.5829795830650255,0.12203466776487563
157,,,,-1.7333333333333334,-1.3333333333333335,1.8571106102946409,1.6525648310780525,0.057317060033150874
158,,,,-1.6,-1.3333333333333335,1.9014475586121475,1.7242780879023485,0.030859140283626726
159,,,,-1.4666666666666668,-1.3333333333333335,1.8960728054597968,1.7596707099583,0.017570107838132218
160,,,,-1.3333333333333335,-1.3333333333333335,1.833900462366972,1.7418088750564493,0.00900749492861097
161,,,,-1.2,-1.3333333333333335,1.7312085280747205,1.680688036547508,0.0032814152546056675
162,,,,-1.0666666666666667,-1.3333333333333335,1.6252785168469326,1.6098907730774954,0.00035566391094728563
163,,,,-0.9333333333333333,-1.3333333333333335,1.5637160098090932,1.5750609060632996,0.0003477383588673971
164,,,,-0.8,-1.3333333333333335,1.588577153931071,1.6175640426808968,0.0030651397675887193
165,,,,-0.6666666666666667,-1.3333333333333335,1.72060738890798,1.7585764570976608,0.007940628399188713
166,,,,-0.5333333333333334,-1.3333333333333335,1.9492550127930235,1.9890385041362606,0.01409611684222664
167,,,,-0.3999999999999999,-1.3333333333333335,2.2324264912854184,2.269220664340537,0.020470444012485843
168,,,,-0.2666666666666666,-1.3333333333333335,2.506731204028255,2.538551884237677,0.025983844522768012
169,,,,-0.1333333333333333,-1.3333333333333335,2.7053324829625995,2.732876257679891,0.029709969025370785
170,,,,0.0,-1.3333333333333335,1.7777777777777781,2.8036632380099036,0.031025256888837168
171,,,,0.1333333333333333,-1.3333333333333335,2.7053324818021673,2.7328762566612568,0.02970996902532346
172,,,,0.2666666666666666,-1.3333333333333335,2.5067312035722704,2.5385518832481466,0.025983844522495893
173,,,,0.3999999999999999,-1.3333333333333335,2.23242649109582,2.2692206642241217,0.020470444012604158
174,,,,0.5333333333333332,-1.3333333333333335,1.9492550127393917,1.9890385044855066,0.014096116841990013
175,,,,0.6666666666666665,-1.3333333333333335,1.7206073889222853,1.758576457068557,0.007940628399117725
176,,,,0.7999999999999998,-1.3333333333333335,1.5885771539705213,1.617564042666345,0.003065139767718864
177,,,,0.9333333333333331,-1.3333333333333335,1.563716009847351,1.5750609063979937,0.00034773835900937285
178,,,,1.0666666666666664,-1.3333333333333335,1.6252785168707808,1.609890769010235,0.0003556639094565403
179,,,,1.2000000000000002,-1.3333333333333335,1.731208528081194,1.6806880025178543,0.0032814152397100454
180,,,,1.3333333333333335,-1.3333333333333335,1.8339004623599506,1.7418087361838843,0.009007494830978981
181,,,,1.4666666666666668,-1.3333333333333335,1.896072805446343,1.759670311177615,0.017570107343015458
182,,,,1.6,-1.3333333333333335,1.9014475585992543,1.7242771619130508,0.03085913822510852
183,,,,1.7333333333333334,-1.3333333333333335,1.8571106102870063,1.6525629851075792,0.0573170529570086
184,,,,1.8666666666666667,-1.3333333333333335,1.7875617673010642,1.582976309609876,0.12203464704214273
185,,,,2.0,-1.3333333333333335,1.7233756666911098,1.5634716374161144,0.28358991808429934
186,,,,-2.0,-1.2,1.3855978889087943,1.3872352510807104,0.24195657841905088
187,,,,-1.8666666666666667,-1.2,1.4497839895241602,1.3802549807587638,0.08923858334545355
188,,,,-1.7333333333333334,-1.2,1.5193328325168627,1.424160132824909,0.03236760420182294
189,,,,-1.6,-1.2,1.5636697808343694,1.4713126434362493,0.013083616792832563
190,,,,-1.4666666666666668,-1.2,1.5582950276820187,1.4836394753074273,0.006214556879813987
191,,,,-1.3333333333333335,-1.2,1.4961226845891937,1.4446959656197578,0.0029759221219086197
192,,,,-1.2,-1.2,1.3934307502969423,1.365073710330762,0.0010617664957590766
193,,,,-1.0666666666666667,-1.2,1.2875007390691544,1.2789774067350663,0.00010856713401508349
194,,,,-0.9333333333333333,-1.2,1.225938232031315,1.2325568272499368,0.00010594102967061619
195,,,,-0.8,-1.2,1.2507993761532927,1.2674033942748792,0.0009879497442664403
196,,,,-0.6666666666666667,-1.2,1.3828296111302019,1.4045081360382028,0.0025704291175217327
197,,,,-0.5333333333333334,-1.2,1.6114772350152453,1.6341700126649812,0.004568368630298296
198,,,,-0.3999999999999999,-1.2,1.8946487135076402,1.9156343181384727,0.006637338577039153
199,,,,-0.2666666666666666,-1.2,2.168953426250477,2.1871076602255926,0.008426870147646048
200,,,,-0.1333333333333333,-1.2,2.3675547051848214,2.3832750364672393,0.009636290345161792
201,,,,0.0,-1.2,1.44,2.45477663888596,0.010063204601385524
202,,,,0.1333333333333333,-1.2,2.367554704024389,2.3832750354195014,0.009636290345090804
203,,,,0.2666666666666666,-1.2,2.1689534257944922,2.1871076591778547,0.00842687014749224
204,,,,0.3999999999999999,-1.2,1.8946487133180416,1.9156343179638498,0.006637338577323104
205,,,,0.5333333333333332,-1.2,1.6114772349616135,1.6341700129851233,0.004568368630357452
206,,,,0.6666666666666665,-1.2,1.382829611144507,1.4045081359508913,0.002570429117687371
207,,,,0.7999999999999998,-1.2,1.2507993761927432,1.2674033941148082,0.00098794974399432
208,,,,0.9333333333333331,-1.2,1.2259382320695729,1.2325568278611172,0.00010594102974160406
209,,,,1.0666666666666664,-1.2,1.2875007390930027,1.2789774025368388,0.00010856713290294012
210,,,,1.2000000000000002,-1.2,1.3934307503034158,1.365073675311578,0.0010617664870512307
211,,,,1.3333333333333335,-1.2,1.4961226845821725,1.4446958243934205,0.0029759220352324253
212,,,,1.4666666666666668,-1.2,1.5582950276685648,1.4836390699310869,0.006214556345085993
213,,,,1.6,-1.2,1.5636697808214761,1.4713117037426855,0.013083614374831761
214,,,,1.7333333333333334,-1.2,1.5193328325092281,1.4241582598624518,0.03236759543558952
215,,,,1.8666666666666667,-1.2,1.449783989523286,1.3802516598825605,0.08923855657128833
216,,,,2.0,-1.2,1.3855978889133316,1.3872298960332046,0.24195650936309993
217,,,,-2.0,-1.0666666666666667,1.0833756666865721,1.2294616758590564,0.22170210344687996
218,,,,-1.8666666666666667,-1.0666666666666667,1.147561767301938,1.198757154867053,0.07416393565092133
219,,,,-1.7333333333333334,-1.0666666666666667,1.2171106102946405,1.2196611289982684,0.021278049054128046
220,,,,-1.6,-1.0666666666666667,1.2614475586121472,1.2448154350859113,0.005312147993072009
221,,,,-1.4666666666666668,-1.0666666666666667,1.2560728054597965,1.236480607476551,0.0012836830760066316
222,,,,-1.3333333333333335,-1.0666666666666667,1.1939004623669716,1.1786489257356152,0.0003630456460540909
223,,,,-1.2,-1.0666666666666667,1.0912085280747201,1.0824468227801844,0.00010088232437872549
224,,,,-1.0666666666666667,-1.0666666666666667,0.9852785168469324,0.9826389035442844,1.6543512643401685e-06
225,,,,-0.9333333333333333,-1.0666666666666667,0.9237160098090927,0.9258316943887621,1.3286843469263951e-06
226,,,,-0.8,-1.0666666666666667,0.9485771539310706,0.9538220745744184,8.890909416393675e-05
227,,,,-0.6666666666666667,-1.0666666666666667,1.0806073889079797,1.087436725909356,0.00024604697660061953
228,,,,-0.5333333333333334,-1.0666666666666667,1.3092550127930234,1.3163993021007627,0.00044443914694465835
229,,,,-0.3999999999999999,-1.0666666666666667,1.592426491285418,1.5990336172981188,0.0006498847345660733
230,,,,-0.2666666666666666,-1.0666666666666667,1.8667312040282547,1.8724465839914046,0.0008275824612868708
231,,,,-0.1333333333333333,-1.0666666666666667,2.0653324829625994,2.070279891951941,0.0009476761163114427
232,,,,0.0,-1.0666666666666667,1.1377777777777778,2.142427110229619,0.000990068055191762
233,,,,0.1333333333333333,-1.0666666666666667,2.065332481802167,2.070279891078826,0.0009476761163587679
234,,,,0.2666666666666666,-1.0666666666666667,1.8667312035722703,1.8724465829436667,0.000827582461215883
235,,,,0.3999999999999999,-1.0666666666666667,1.5924264910958197,1.5990336168324575,0.0006498847345424107
236,,,,0.5333333333333332,-1.0666666666666667,1.3092550127393914,1.3163993026246317,0.0004444391468973331
237,,,,0.6666666666666665,-1.0666666666666667,1.0806073889222847,1.0874367260548752,0.00024604697661245083
238,,,,0.7999999999999998,-1.0666666666666667,0.948577153970521,0.953822074458003,8.890909415210544e-05
239,,,,0.9333333333333331,-1.0666666666666667,0.9237160098473507,0.9258316949417349,1.328684406082956e-06
240,,,,1.0666666666666664,-1.0666666666666667,0.9852785168707805,0.9826388992223656,1.6543508739068603e-06
241,,,,1.2000000000000002,-1.0666666666666667,1.0912085280811936,1.0824467872735113,0.00010088231264206362
242,,,,1.3333333333333335,-1.0666666666666667,1.1939004623599503,1.1786487824865617,0.0003630455614128823
243,,,,1.4666666666666668,-1.0666666666666667,1.2560728054463426,1.2364801967669337,0.0012836825054889183
244,,,,1.6,-1.0666666666666667,1.261447558599254,1.2448144825466443,0.005312145183312794
245,,,,1.7333333333333334,-1.0666666666666667,1.217110610287006,1.2196592306409002,0.021278038429810683
246,,,,1.8666666666666667,-1.0666666666666667,1.1475617673010639,1.1987537893492117,0.07416390257352981
247,,,,2.0,-1.0666666666666667,1.0833756666911094,1.2294562495308128,0.22170201623796898
248,,,,-2.0,-0.9333333333333333,0.8167090000199055,1.0902193680522032,0.21768283966378582
249,,,,-1.8666666666666667,-0.9333333333333333,0.8808951006352714,1.0385637219296768,0.0724917938060771
250,,,,-1.7333333333333334,-0.9333333333333333,0.9504439436279739,1.0391582732554525,0.02064802005102375
251,,,,-1.6,-0.9333333333333333,0.9947808919454805,1.0448890773695894,0.0050828392464399765
252,,,,-1.4666666666666668,-0.9333333333333333,0.98940613879313,1.018308874918148,0.0011944859708098907
253,,,,-1.3333333333333335,-0.9333333333333333,0.927233795700305,0.943794782506302,0.00032613264720472224
254,,,,-1.2,-0.9333333333333333,0.8245418614080534,0.8329462042893283,8.837883817008934e-05
255,,,,-1.0666666666666667,-0.9333333333333333,0.7186118501802657,0.7210243181907572,2.8281022451816213e-07
256,,,,-0.9333333333333333,-0.9333333333333333,0.6570493431424261,0.6550418774131685,1.183131216153481e-14
257,,,,-0.8,-0.9333333333333333,0.681910487264404,0.6769797808956355,7.750621792878874e-05
258,,,,-0.6666666666666667,-0.9333333333333333,0.8139407222413131,0.8075208851369098,0.00021656668855243055
259,,,,-0.5333333333333334,-0.9333333333333333,1.0425883461263568,1.0358801903785206,0.0003921357717197168
260,,,,-0.3999999999999999,-0.9333333333333333,1.3257598246187514,1.3195652263821103,0.0005739470001527012
261,,,,-0.2666666666666666,-0.9333333333333333,1.600064537361588,1.5947079343022779,0.0007312024016544263
262,,,,-0.1333333333333333,-0.9333333333333333,1.7986658162959328,1.794024606468156,0.0008374804240619929
263,,,,0.0,-0.9333333333333333,0.8711111111111112,1.866746406944003,0.0008749955477270385
264,,,,0.1333333333333333,-0.9333333333333333,1.7986658151355006,1.7940246054786257,0.0008374804240856555
265,,,,0.2666666666666666,-0.9333333333333333,1.6000645369056037,1.5947079331090208,0.0007312024016899202
266,,,,0.3999999999999999,-0.9333333333333333,1.325759824429153,1.319565225916449,0.0005739470001645326
267,,,,0.5333333333333332,-0.9333333333333333,1.0425883460727248,1.0358801904076245,0.0003921357717315481
268,,,,0.6666666666666665,-0.9333333333333333,0.8139407222556182,0.8075208856025711,0.00021656668857609318
269,,,,0.7999999999999998,-0.9333333333333333,0.6819104873038544,0.6769797810993623,7.750621794062006e-05
270,,,,0.9333333333333331,-0.9333333333333333,0.6570493431806841,0.6550418776168954,0.0
271,,,,1.0666666666666664,-0.9333333333333333,0.7186118502041139,0.7210243142471882,2.8280994056666517e-07
272,,,,1.2000000000000002,-0.9333333333333333,0.8245418614145271,0.8329461681350949,8.837883045607369e-05
273,,,,1.3333333333333335,-0.9333333333333333,0.9272337956932836,0.9437946377001936,0.0003261325585172048
274,,,,1.4666666666666668,-0.9333333333333333,0.9894061387796759,1.0183084588570637,0.0011944853257430782
275,,,,1.6,-0.9333333333333333,0.9947808919325872,1.0448881125812477,0.005082835997798229
276,,,,1.7333333333333334,-0.9333333333333333,0.9504439436203392,1.0391563513221627,0.02064800742145275
277,,,,1.8666666666666667,-0.9333333333333333,0.8808951006343971,1.0385603152190015,0.07249175388469732
278,,,,2.0,-0.9333333333333333,0.8167090000244429,1.0902138752753672,0.21768273356638576
279,,,,-2.0,-0.8,0.5855978889087945,0.9695438925991766,0.22506280041992172
280,,,,-1.8666666666666667,-0.8,0.6497839895241604,0.8997202562750317,0.08016197060075925
281,,,,-1.7333333333333334,-0.8,0.7193328325168629,0.8827057504677214,0.027281009869175716
282,,,,-1.6,-0.8,0.7636697808343694,0.8715958761749789,0.010081460740091005
283,,,,-1.4666666666666668,-0.8,0.758295027682019,0.8291949018603191,0.0044589509352753855
284,,,,-1.3333333333333335,-0.8,0.6961226845891939,0.7402128545800224,0.002073056413573031
285,,,,-1.2,-0.8,0.5934307502969424,0.6166597838164307,0.0007325630623591158
286,,,,-1.0666666666666667,-0.8,0.4875007390691547,0.4942291417391971,7.196950414434689e-05
287,,,,-0.9333333333333333,-0.8,0.4259382320313151,0.4202881863457151,7.01672119851632e-05
288,,,,-0.8,-0.8,0.4507993761532929,0.436979420366697,0.0006807227402090151
289,,,,-0.6666666666666667,-0.8,0.582829611130202,0.5648620052379556,0.0017761608692683868
290,,,,-0.5333333333333334,-0.8,0.8114772350152456,0.7927093919715844,0.00315919330262588
291,,,,-0.3999999999999999,-0.8,1.0946487135076404,1.0773192869964987,0.004591395505346841
292,,,,-0.2666666666666666,-0.8,1.368953426250477,1.3539751752396114,0.0058301619993225
293,,,,-0.1333333333333333,-0.8,1.5675547051848215,1.5545877087279223,0.0066673580904464125
294,,,,0.0,-0.8,0.6400000000000001,1.6278112430591136,0.006962880571896851
295,,,,0.1333333333333333,-0.8,1.5675547040243896,1.5545877076219767,0.006667358090458243
296,,,,0.2666666666666666,-0.8,1.3689534257944926,1.3539751741336659,0.005830161999381657
297,,,,0.3999999999999999,-0.8,1.0946487133180418,1.077319286792772,0.004591395505240358
298,,,,0.5333333333333332,-0.8,0.8114772349616136,0.7927093924954534,0.0031591933026495424
299,,,,0.6666666666666665,-0.8,0.5828296111445072,0.5648620054125786,0.0017761608693393747
300,,,,0.7999999999999998,-0.8,0.45079937619274335,0.4369794205704238,0.0006807227401971839
301,,,,0.9333333333333331,-0.8,0.425938232069573,0.4202881870587589,7.016721200882583e-05
302,,,,1.0666666666666664,-0.8,0.4875007390930029,0.49422913808666635,7.196950388405802e-05
303,,,,1.2000000000000002,-0.8,0.5934307503034161,0.6166597479168558,0.0007325630556152678
304,,,,1.3333333333333335,-0.8,0.6961226845821725,0.7402127077803016,0.002073056318614918
305,,,,1.4666666666666668,-0.8,0.7582950276685648,0.82919448112807,0.004458950194185642
306,,,,1.6,-0.8,0.7636697808214762,0.8715949006000301,0.010081456983140584
307,,,,1.7333333333333334,-0.8,0.7193328325092282,0.882703806813879,0.027280995185724383
308,,,,1.8666666666666667,-0.8,0.6497839895232861,0.8997168113710359,0.08016192354302762
309,,,,2.0,-0.8,0.5855978889133319,0.9695383384832894,0.22506267414192316
310,,,,-2.0,-0.6666666666666667,0.39004233335323885,0.8674502676003613,0.23941704924418694
311,,,,-1.8666666666666667,-0.6666666666666667,0.45422843396860485,0.7822483144118451,0.09345965475537549
312,,,,-1.7333333333333334,-0.6666666666666667,0.5237772769613073,0.7503304464626126,0.038252525875708585
313,,,,-1.6,-0.6666666666666667,0.5681142252788138,0.72496771463193,0.01819075453640232
314,,,,-1.4666666666666668,-0.6666666666666667,0.5627394721264634,0.6691759025561623,0.00971572831648656
315,,,,-1.3333333333333335,-0.6666666666666667,0.5005671290336383,0.5679462201078422,0.004879131498507585
316,,,,-1.2,-0.6666666666666667,0.39787519474138683,0.43363669310929254,0.001766593524128684
317,,,,-1.0666666666666667,-0.6666666666666667,0.2919451835135991,0.302307911508251,0.0001870228270532642
318,,,,-0.9333333333333333,-0.6666666666666667,0.23038267647575952,0.22162888140883297,0.0001827737056459104
319,,,,-0.8,-0.6666666666666667,0.2552438205977373,0.23388040985446423,0.001648798344686613
320,,,,-0.6666666666666667,-0.6666666666666667,0.3872740555746464,0.35951772273983806,0.004279089433303296
321,,,,-0.5333333333333334,-0.6666666666666667,0.61592167945969,0.5869401752133854,0.0075999321944496155
322,,,,-0.3999999999999999,-0.6666666666666667,0.8990931579520849,0.8723431657417677,0.011038837507636018
323,,,,-0.2666666666666666,-0.6666666666666667,1.1733978706949215,1.150289761950262,0.014013278489663371
324,,,,-0.1333333333333333,-0.6666666666666667,1.371999149629266,1.3520063113537617,0.016023496201117097
325,,,,0.0,-0.6666666666666667,0.44444444444444453,1.4256571388687007,0.016733084541834534
326,,,,0.1333333333333333,-0.6666666666666667,1.3719991484688339,1.3520063104224391,0.016023496201128928
327,,,,0.2666666666666666,-0.6666666666666667,1.173397870238937,1.150289760553278,0.01401327848965154
328,,,,0.3999999999999999,-0.6666666666666667,0.8990931577624863,0.8723431655962486,0.011038837507612354
329,,,,0.5333333333333332,-0.6666666666666667,0.615921679406058,0.5869401756790467,0.007599932194508772
330,,,,0.6666666666666665,-0.6666666666666667,0.38727405558895156,0.359517723263707,0.0042790894333624525
331,,,,0.7999999999999998,-0.6666666666666667,0.25524382063718776,0.2338804101018468,0.0016487983447457696
332,,,,0.9333333333333331,-0.6666666666666667,0.2303826765140174,0.22162888223829214,0.00018277370558675383
333,,,,1.0666666666666664,-0.6666666666666667,0.2919451835374473,0.3023079069535015,0.00018702282697044502
334,,,,1.2000000000000002,-0.6666666666666667,0.39787519474786043,0.433636656118324,0.001766593515988741
335,,,,1.3333333333333335,-0.6666666666666667,0.5005671290266169,0.5679460718820337,0.00487913139487712
336,,,,1.4666666666666668,-0.6666666666666667,0.5627394721130092,0.6691754773964931,0.009715727505603906
337,,,,1.6,-0.6666666666666667,0.5681142252659206,0.7249667289688659,0.018190750295563055
338,,,,1.7333333333333334,-0.6666666666666667,0.5237772769536726,0.7503284830509074,0.03825250893105683
339,,,,1.8666666666666667,-0.6666666666666667,0.4542284339677305,0.782244834530502,0.09345960003556766
340,,,,2.0,-0.6666666666666667,0.39004233335777627,0.8674446579234427,0.23941690181335182
341,,,,-2.0,-0.5333333333333334,0.23004233335323887,0.7839394192560576,0.2568265844369094
342,,,,-1.8666666666666667,-0.5333333333333334,0.2942284339686049,0.6861527563887648,0.10909496436830904
343,,,,-1.7333333333333334,-0.5333333333333334,0.3637772769613073,0.6420401482610032,0.050972675337915316
344,,,,-1.6,-0.5333333333333334,0.4081142252788139,0.6050150851951912,0.02753572719645578
345,,,,-1.4666666666666668,-0.5333333333333334,0.4027394721264633,0.5382654688437469,0.01575924480858176
346,,,,-1.3333333333333335,-0.5333333333333334,0.34056712903363834,0.4270121942390688,0.008102599317518373
347,,,,-1.2,-0.5333333333333334,0.23787519474138685,0.28389831370441243,0.0029541673904537272
348,,,,-1.0666666666666667,-0.5333333333333334,0.13194518351359913,0.14528572786366567,0.00031915440146002016
349,,,,-0.9333333333333333,-0.5333333333333334,0.07038267647575955,0.05909155128756538,0.0003120927416267703
350,,,,-0.8,-0.5333333333333334,0.09524382059773731,0.06771082640625536,0.0027605541160711272
351,,,,-0.6666666666666667,-0.5333333333333334,0.22727405557464642,0.1915142624056898,0.0071534994431077786
352,,,,-0.5333333333333334,-0.5333333333333334,0.45592167945969003,0.41859483148436993,0.01269976026740064
353,,,,-0.3999999999999999,-0.5333333333333334,0.7390931579520849,0.7046540090814233,0.0184432014076527
354,,,,-0.2666666666666666,-0.5333333333333334,1.0133978706949214,0.9836637484258972,0.02341092382667384
355,,,,-0.1333333333333333,-0.5333333333333334,1.2119991496292661,1.1862887464812957,0.026768261782354145
356,,,,0.0,-0.5333333333333334,0.28444444444444456,1.2602910622954369,0.027953371200844054
357,,,,0.1333333333333333,-0.5333333333333334,1.211999148468834,1.1862887453171425,0.026768261782354145
358,,,,0.2666666666666666,-0.5333333333333334,1.013397870238937,0.9836637472326402,0.023410923826732995
359,,,,0.3999999999999999,-0.5333333333333334,0.7390931577624864,0.7046540088485926,0.018443201407605376
360,,,,0.5333333333333332,-0.5333333333333334,0.4559216794060581,0.41859483180451207,0.012699760267459797
361,,,,0.6666666666666665,-0.5333333333333334,0.22727405558895158,0.19151426237658598,0.007153499443095947
362,,,,0.7999999999999998,-0.5333333333333334,0.09524382063718781,0.06771082694467623,0.0027605541160947897
363,,,,0.9333333333333331,-0.5333333333333334,0.07038267651401742,0.05909155204426497,0.0003120927415321198
364,,,,1.0666666666666664,-0.5333333333333334,0.13194518353744733,0.1452857245094492,0.0003191544013298757
365,,,,1.2000000000000002,-0.5333333333333334,0.23787519474786045,0.2838982774410397,0.002954167382988169
366,,,,1.3333333333333335,-0.5333333333333334,0.340567129026617,0.42701204465993214,0.008102599202482524
367,,,,1.4666666666666668,-0.5333333333333334,0.4027394721130093,0.5382650396531972,0.01575924391366129
368,,,,1.6,-0.5333333333333334,0.40811422526592067,0.605014090462646,0.02753572236545883
369,,,,1.7333333333333334,-0.5333333333333334,0.3637772769536726,0.6420381671978248,0.05097265601434159
370,,,,1.8666666666666667,-0.5333333333333334,0.2942284339677305,0.6861492453317624,0.10909490178898408
371,,,,2.0,-0.5333333333333334,0.23004233335777627,0.7839337592886295,0.25682641527024974
372,,,,-2.0,-0.3999999999999999,0.10559788890879425,0.719003883888945,0.2739626285932566
373,,,,-1.8666666666666667,-0.3999999999999999,0.1697839895241602,0.6114282273920253,0.12427361930531329
374,,,,-1.7333333333333334,-0.3999999999999999,0.23933283251686266,0.5578307809191756,0.06324176575794821
375,,,,-1.6,-0.3999999999999999,0.2836697808343693,0.5117350628133863,0.03652389080890584
376,,,,-1.4666666666666668,-0.3999999999999999,0.27829502768201875,0.43646223872201517,0.02156557349128492
377,,,,-1.3333333333333335,-0.3999999999999999,0.21612268458919368,0.3174115914735012,0.011198396386786144
378,,,,-1.2,-0.3999999999999999,0.11343075029694222,0.16744805144844577,0.004094586011891667
379,,,,-1.0666666666666667,-0.3999999999999999,0.007500739069154494,0.023168445623014122,0.00044603682519348377
380,,,,-0.9333333333333333,-0.3999999999999999,-0.05406176796868509,-0.0673163800383918,0.0004362734827935617
381,,,,-0.8,-0.3999999999999999,-0.029200623846707324,-0.061521849187556654,0.003828134750521562
382,,,,-0.6666666666666667,-0.3999999999999999,0.10282961113020178,0.060857344476971775,0.00991369584910414
383,,,,-0.5333333333333334,-0.3999999999999999,0.3314772350152454,0.2876757013727911,0.01759694849012737
384,,,,-0.3999999999999999,-0.3999999999999999,0.6146487135076402,0.5742498424951918,0.025553355494896936
385,,,,-0.2666666666666666,-0.3999999999999999,0.8889534262504768,0.8540909306611866,0.03243515698031974
386,,,,-0.1333333333333333,-0.3999999999999999,1.0875547051848216,1.057425730919931,0.03708608781021145
387,,,,0.0,-0.3999999999999999,0.15999999999999992,1.131702605925966,0.03872782363702255
388,,,,0.1333333333333333,-0.3999999999999999,1.0875547040243894,1.0574257297557779,0.03708608781025878
389,,,,0.2666666666666666,-0.3999999999999999,0.8889534257944924,0.8540909295843448,0.03243515698031974
390,,,,0.3999999999999999,-0.3999999999999999,0.6146487133180417,0.5742498424369842,0.025553355494885105
391,,,,0.5333333333333332,-0.3999999999999999,0.3314772349616134,0.28767570192576386,0.017596948490151032
392,,,,0.6666666666666665,-0.3999999999999999,0.10282961114450695,0.06085734462249093,0.009913695849044984
393,,,,0.7999999999999998,-0.3999999999999999,-0.029200623807256826,-0.06152184895472601,0.0038281347505570557
394,,,,0.9333333333333331,-0.3999999999999999,-0.05406176793042722,-0.06731637884513475,0.0004362734827935617
395,,,,1.0666666666666664,-0.3999999999999999,0.007500739093002695,0.023168441257439554,0.0004460368249568575
396,,,,1.2000000000000002,-0.3999999999999999,0.11343075030341582,0.16744801442109747,0.004094586002757894
397,,,,1.3333333333333335,-0.3999999999999999,0.21612268458217238,0.3174114406647277,0.011198396267857793
398,,,,1.4666666666666668,-0.3999999999999999,0.2782950276685646,0.43646180588257266,0.0215655724924737
399,,,,1.6,-0.3999999999999999,0.283669780821476,0.5117340599645104,0.03652388545022052
400,,,,1.7333333333333334,-0.3999999999999999,0.239332832509228,0.5578287839143741,0.06324174400098115
401,,,,1.8666666666666667,-0.3999999999999999,0.1697839895232859,0.6114246886572801,0.12427354864582905
402,,,,2.0,-0.3999999999999999,0.10559788891333163,0.7189981793862898,0.2739624368648995
403,,,,-2.0,-0.2666666666666666,0.016709000019905412,0.6726326450007036,0.28815840104228446
404,,,,-1.8666666666666667,-0.2666666666666666,0.08089510063527137,0.558064641081728,0.13675711766450602
405,,,,-1.7333333333333334,-0.2666666666666666,0.15044394362797384,0.4976925569935702,0.07329765016094114
406,,,,-1.6,-0.2666666666666666,0.19478089194548043,0.4451180805917829,0.04387953117515692
407,,,,-1.4666666666666668,-0.2666666666666666,0.1894061387931299,0.3637572323787026,0.026314465640142348
408,,,,-1.3333333333333335,-0.2666666666666666,0.12723379570030485,0.23913657566299662,0.01372988229466145
409,,,,-1.2,-0.2666666666666666,0.024541861408053374,0.08427962055429816,0.005027073047752827
410,,,,-1.0666666666666667,-0.2666666666666666,-0.08138814981973434,-0.06404869892867282,0.0005497836418343976
411,,,,-0.9333333333333333,-0.2666666666666666,-0.1429506568575739,-0.1575987445539795,0.0005378109586758296
412,,,,-0.8,-0.2666666666666666,-0.11808951273559616,-0.15382162248715758,0.004701051321384896
413,,,,-0.6666666666666667,-0.2666666666666666,0.013940722241312951,-0.03245855786371976,0.012170594375522982
414,,,,-0.5333333333333334,-0.2666666666666666,0.24258834612635655,0.19417452451307327,0.021601176892983298
415,,,,-0.3999999999999999,-0.2666666666666666,0.5257598246187514,0.48111898463685066,0.031367034616685094
416,,,,-0.2666666666666666,-0.2666666666666666,0.800064537361588,0.7615562971914187,0.03981389944037081
417,,,,-0.1333333333333333,-0.2666666666666666,0.9986658162959327,0.9653998374706134,0.045522547695246586
418,,,,0.0,-0.2666666666666666,0.07111111111111108,1.0398734604241326,0.04753764806219447
419,,,,0.1333333333333333,-0.2666666666666666,0.9986658151355006,0.9653998365392908,0.045522547695246586
420,,,,0.2666666666666666,-0.2666666666666666,0.8000645369056036,0.7615562958817463,0.03981389944039447
421,,,,0.3999999999999999,-0.2666666666666666,0.5257598244291529,0.48111898425850086,0.03136703461661411
422,,,,0.5333333333333332,-0.2666666666666666,0.24258834607272461,0.1941745249205269,0.021601176892935975
423,,,,0.6666666666666665,-0.2666666666666666,0.013940722255618113,-0.032458557063364424,0.012170594375463825
424,,,,0.7999999999999998,-0.2666666666666666,-0.11808951269614566,-0.15382162237074226,0.0047010513213967264
425,,,,0.9333333333333331,-0.2666666666666666,-0.14295065681931607,-0.15759874354989734,0.0005378109586876609
426,,,,1.0666666666666664,-0.2666666666666666,-0.08138814979588614,-0.06404870295955334,0.0005497836415386147
427,,,,1.2000000000000002,-0.2666666666666666,0.024541861414526987,0.08427958342508646,0.005027073039565558
428,,,,1.3333333333333335,-0.2666666666666666,0.12723379569328352,0.23913642396655632,0.01372988215834107
429,,,,1.4666666666666668,-0.2666666666666666,0.18940613877967583,0.36375679645789205,0.026314464542776295
430,,,,1.6,-0.2666666666666666,0.19478089193258719,0.4451170705506229,0.04387952521641111
431,,,,1.7333333333333334,-0.2666666666666666,0.15044394362033917,0.4976905461608112,0.07329762593075655
432,,,,1.8666666666666667,-0.2666666666666666,0.08089510063439706,0.5580610781626092,0.13675703866613537
433,,,,2.0,-0.2666666666666666,0.016709000024442797,0.672626901955482,0.2881581862425252
434,,,,-2.0,-0.1333333333333333,-0.036624333313427904,0.6448149997740984,0.29746673140997293
435,,,,-1.8666666666666667,-0.1333333333333333,0.027561767301938066,0.5260515781701542,0.14491104176809608
436,,,,-1.7333333333333334,-0.1333333333333333,0.09711061029464052,0.4616148837376386,0.07985373172327473
437,,,,-1.6,-0.1333333333333333,0.1414475586121471,0.4051533369347453,0.048671215095399255
438,,,,-1.4666666666666668,-0.1333333333333333,0.13607280545979658,0.32013973459834233,0.029407036494803026
439,,,,-1.3333333333333335,-0.1333333333333333,0.07390046236697154,0.1921769492328167,0.015378254581272555
440,,,,-1.2,-0.1333333333333333,-0.02879147192527994,0.034383675549179316,0.005634241564700877
441,,,,-1.0666666666666667,-0.1333333333333333,-0.13472148315306764,-0.11637416773010045,0.0006173355721444095
442,,,,-0.9333333333333333,-0.1333333333333333,-0.19628399019090723,-0.2117635018657893,0.000603924267599409
443,,,,-0.8,-0.1333333333333333,-0.17142284606892946,-0.20919669489376247,0.005269427377222773
444,,,,-0.6666666666666667,-0.1333333333333333,-0.03939261109202036,-0.0884428154095076,0.013640113043112235
445,,,,-0.5333333333333334,-0.1333333333333333,0.18925501279302326,0.13807992107467726,0.02420842239410049
446,,,,-0.3999999999999999,-0.1333333333333333,0.4724264912854181,0.4252475748071447,0.0351524552682454
447,,,,-0.2666666666666666,-0.1333333333333333,0.7467312040282547,0.7060435877065174,0.04461836897504213
448,,,,-0.1333333333333333,-0.1333333333333333,0.9453324829625993,0.9101930704782717,0.051015721471583765
449,,,,0.0,-0.1333333333333333,0.01777777777777777,0.9847849959041923,0.05327392811278481
450,,,,0.1333333333333333,-0.1333333333333333,0.9453324818021672,0.9101930692850146,0.05101572147160743
451,,,,0.2666666666666666,-0.1333333333333333,0.7467312035722703,0.7060435868334025,0.04461836897505396
452,,,,0.3999999999999999,-0.1333333333333333,0.4724264910958196,0.42524757466162555,0.035152455268198074
453,,,,0.5333333333333332,-0.1333333333333333,0.1892550127393913,0.13807992148213089,0.024208422394053162
454,,,,0.6666666666666665,-0.1333333333333333,-0.0393926110777152,-0.08844281490019057,0.013640113043005752
455,,,,0.7999999999999998,-0.1333333333333333,-0.17142284602947896,-0.20919669458817225,0.005269427377210942
456,,,,0.9333333333333331,-0.1333333333333333,-0.19628399015264936,-0.21176350093446672,0.0006039242676112404
457,,,,1.0666666666666664,-0.1333333333333333,-0.13472148312921944,-0.11637417128804373,0.000617335571860458
458,,,,1.2000000000000002,-0.1333333333333333,-0.028791471918806325,0.03438363793247845,0.005634241556856717
459,,,,1.3333333333333335,-0.1333333333333333,0.07390046235995021,0.1921767962667218,0.015378254433215513
460,,,,1.4666666666666668,-0.1333333333333333,0.1360728054463425,0.3201392962473619,0.02940703527480542
461,,,,1.6,-0.1333333333333333,0.14144755859925387,0.4051523210218875,0.048671208528453
462,,,,1.7333333333333334,-0.1333333333333333,0.09711061028700585,0.46161286114329414,0.07985370490180792
463,,,,1.8666666666666667,-0.1333333333333333,0.02756176730106375,0.5260479947892236,0.1449109541361802
464,,,,2.0,-0.1333333333333333,-0.03662433330889052,0.6448092241453196,0.2974664931847949
465,,,,-2.0,0.0,-0.05440211109120567,0.6355433814460412,0.3007021884851844
466,,,,-1.8666666666666667,0.0,0.009783989524160297,0.5153814858058468,0.14774037937733206
467,,,,-1.7333333333333334,0.0,0.07933283251686275,0.4495899517205544,0.08212675365059623
468,,,,-1.6,0.0,0.12366978083436934,0.3918327487190254,0.05033190491906757
469,,,,-1.4666666666666668,0.0,0.1182950276820188,0.3056015764013864,0.03047869743903519
470,,,,-1.3333333333333335,0.0,0.05612268458919376,0.17652473191265017,0.015949433043815655
471,,,,-1.2,0.0,-0.04656924970305771,0.01775264466414228,0.005844628994926687
472,,,,-1.0666666666666667,0.0,-0.15249926093084543,-0.133815084642265,0.0006407426104365293
473,,,,-0.9333333333333333,0.0,-0.214061767968685,-0.2298175377654843,0.0006268328094111516
474,,,,-0.8,0.0,-0.18920062384670724,-0.22765414527384564,0.005466372314937151
475,,,,-0.6666666666666667,0.0,-0.05717038886979813,-0.10710324381943792,0.014149308117182027
476,,,,-0.5333333333333334,0.0,0.17147723501524548,0.11938284826464951,0.02511184514568057
477,,,,-0.3999999999999999,0.0,0.4546487135076403,0.4066250678151846,0.036464121229132486
478,,,,-0.2666666666666666,0.0,0.7289534262504769,0.6875408089836128,0.04628314014788479
479,,,,-0.1333333333333333,0.0,0.9275547051848215,0.8917923890403472,0.05291913189048018
480,,,,0.0,0.0,0.0,0.9664237911929376,0.05526157599449005
481,,,,0.1333333333333333,0.0,0.9275547040243894,0.891792388050817,0.05291913189053933
482,,,,0.2666666666666666,0.0,0.7289534257944925,0.6875408079358749,0.04628314014787296
483,,,,0.3999999999999999,0.0,0.4546487133180418,0.40662506758235395,0.036464121229132486
484,,,,0.5333333333333332,0.0,0.17147723496161352,0.1193828491086606,0.025111845145739727
485,,,,0.6666666666666665,0.0,-0.05717038885549297,-0.10710324312094599,0.014149308117146533
486,,,,0.7999999999999998,0.0,-0.18920062380725675,-0.22765414492459968,0.005466372314937151
487,,,,0.9333333333333331,0.0,-0.21406176793042714,-0.22981753706699237,0.0006268328093993203
488,,,,1.0666666666666664,0.0,-0.15249926090699722,-0.13381508820748422,0.0006407426102117342
489,,,,1.2000000000000002,0.0,-0.046569249696584096,0.01775260715658078,0.005844628985828408
490,,,,1.3333333333333335,0.0,0.05612268458217244,0.17652457807707833,0.015949432892800784
491,,,,1.4666666666666668,0.0,0.11829502766856473,0.3056011356638919,0.030478696130752332
492,,,,1.6,0.0,0.12366978082147609,0.39183172793127596,0.05033189773831282
493,,,,1.7333333333333334,0.0,0.07933283250922808,0.4495879194455483,0.08212672419764443
494,,,,1.8666666666666667,0.0,0.00978398952328598,0.5153778856320059,0.14774028326897887
495,,,,2.0,0.0,-0.05440211108666829,0.6355375793737039,0.3007019266438077
496,,,,-2.0,0.1333333333333333,-0.036624333313427904,0.6448150763171725,0.2974667537747145
497,,,,-1.8666666666666667,0.1333333333333333,0.027561767301938066,0.5260516286944039,0.14491104962419396
498,,,,-1.7333333333333334,0.1333333333333333,0.09711061029464052,0.4616149141220376,0.07985373401585179
499,,,,-1.6,0.1333333333333333,0.1414475586121471,0.4051533533493057,0.04867121561828411
500,,,,-1.4666666666666668,0.1333333333333333,0.13607280545979658,0.32013974303845316,0.02940703656362577
501,,,,-1.3333333333333335,0.1333333333333333,0.07390046236697154,0.19217695243423805,0.015378254595836902
502,,,,-1.2,0.1333333333333333,-0.02879147192527994,0.03438367659691721,0.005634241567220946
503,,,,-1.0666666666666667,0.1333333333333333,-0.13472148315306764,-0.11637416790472344,0.0006173355722745539
504,,,,-0.9333333333333333,0.1333333333333333,-0.19628399019090723,-0.2117635018657893,0.0006039242676940596
505,,,,-0.8,0.1333333333333333,-0.17142284606892946,-0.20919669489376247,0.005269427377210942
506,,,,-0.6666666666666667,0.1333333333333333,-0.03939261109202036,-0.08844281523488462,0.013640113043041246
507,,,,-0.5333333333333334,0.1333333333333333,0.18925501279302326,0.1380799213075079,0.024208422394076827
508,,,,-0.3999999999999999,0.1333333333333333,0.4724264912854181,0.4252475746907294,0.03515245526830456
509,,,,-0.2666666666666666,0.1333333333333333,0.7467312040282547,0.7060435878229327,0.044618368975006636
510,,,,-0.1333333333333333,0.1333333333333333,0.9453324829625993,0.9101930703036487,0.051015721471583765
511,,,,0.0,0.1333333333333333,0.01777777777777777,0.9847849959041923,0.05327392811278481
512,,,,0.1333333333333333,0.1333333333333333,0.9453324818021672,0.91019306940143,0.05101572147163109
513,,,,0.2666666666666666,0.1333333333333333,0.7467312035722703,0.7060435866005719,0.04461836897501847
514,,,,0.3999999999999999,0.1333333333333333,0.4724264910958196,0.42524757466162555,0.0351524552682454
515,,,,0.5333333333333332,0.1333333333333333,0.1892550127393913,0.13807992133661173,0.024208422394088658
516,,,,0.6666666666666665,0.1333333333333333,-0.0393926110777152,-0.088442814827431,0.013640113043017585
517,,,,0.7999999999999998,0.1333333333333333,-0.17142284602947896,-0.20919669470458757,0.00526942737718728
518,,,,0.9333333333333331,0.1333333333333333,-0.19628399015264936,-0.21176350094901863,0.000603924267634903
519,,,,1.0666666666666664,0.1333333333333333,-0.13472148312921944,-0.11637417102610925,0.0006173355717894702
520,,,,1.2000000000000002,0.1333333333333333,-0.028791471918806325,0.034383638310828246,0.005634241555827393
521,,,,1.3333333333333335,0.1333333333333333,0.07390046235995021,0.1921767978965363,0.015378254415030785
522,,,,1.4666666666666668,0.1333333333333333,0.1360728054463425,0.3201392997834773,0.029407035155297332
523,,,,1.6,0.1333333333333333,0.14144755859925387,0.40515232843972626,0.048671207798768636
524,,,,1.7333333333333334,0.1333333333333333,0.09711061028700585,0.461612874389175,0.07985370198777936
525,,,,1.8666666666666667,0.1333333333333333,0.02756176730106375,0.5260480156930498,0.1449109448012984
526,,,,2.0,0.1333333333333333,-0.03662433330889052,0.6448092540422294,0.297466468195395
527,,,,-2.0,0.2666666666666666,0.016709000019905412,0.6726327982614748,0.28815844573590693
528,,,,-1.8666666666666667,0.2666666666666666,0.08089510063527137,0.5580647416063584,0.1367571335342594
529,,,,-1.7333333333333334,0.2666666666666666,0.15044394362797384,0.49769261764595285,0.07329765472572175
530,,,,-1.6,0.2666666666666666,0.19478089194548043,0.445118113711942,0.04387953217394448
531,,,,-1.4666666666666668,0.2666666666666666,0.1894061387931299,0.36375724797835574,0.026314465794399
532,,,,-1.3333333333333335,0.2666666666666666,0.12723379570030485,0.23913658212404698,0.01372988230448144
533,,,,-1.2,0.2666666666666666,0.024541861408053374,0.08427962224232033,0.005027073047847477
534,,,,-1.0666666666666667,0.2666666666666666,-0.08138814981973434,-0.06404869869584218,0.0005497836416805905
535,,,,-0.9333333333333333,0.2666666666666666,-0.1429506568575739,-0.15759874472860247,0.0005378109587231549
536,,,,-0.8,0.2666666666666666,-0.11808951273559616,-0.15382162295281887,0.004701051321444052
537,,,,-0.6666666666666667,0.2666666666666666,0.013940722241312951,-0.03245855786371976,0.012170594375570307
538,,,,-0.5333333333333334,0.2666666666666666,0.24258834612635655,0.1941745244548656,0.021601176893054286
539,,,,-0.3999999999999999,0.2666666666666666,0.5257598246187514,0.481118984578643,0.031367034616720586
540,,,,-0.2666666666666666,0.2666666666666666,0.800064537361588,0.7615562969003804,0.0398138994404063
541,,,,-0.1333333333333333,0.2666666666666666,0.9986658162959327,0.9653998374124058,0.04552254769528208
542,,,,0.0,0.2666666666666666,0.07111111111111108,1.0398734604823403,0.047537648062158974
543,,,,0.1333333333333333,0.2666666666666666,0.9986658151355006,0.9653998365392908,0.045522547695234755
544,,,,0.2666666666666666,0.2666666666666666,0.8000645369056036,0.761556295765331,0.03981389944037081
545,,,,0.3999999999999999,0.2666666666666666,0.5257598244291529,0.48111898425850086,0.03136703461661411
546,,,,0.5333333333333332,0.2666666666666666,0.24258834607272461,0.1941745246294886,0.021601176893006963
547,,,,0.6666666666666665,0.2666666666666666,0.013940722255618113,-0.032458557179779746,0.012170594375534813
548,,,,0.7999999999999998,0.2666666666666666,-0.11808951269614566,-0.153821622414398,0.004701051321455883
549,,,,0.9333333333333331,0.2666666666666666,-0.14295065681931607,-0.15759874366631266,0.000537810958652167
550,,,,1.0666666666666664,0.2666666666666666,-0.08138814979588614,-0.06404870298865717,0.0005497836414676269
551,,,,1.2000000000000002,0.2666666666666666,0.024541861414526987,0.08427958437096095,0.005027073037080982
552,,,,1.3333333333333335,0.2666666666666666,0.12723379569328352,0.23913642711704597,0.013729882126775127
553,,,,1.4666666666666668,0.2666666666666666,0.18940613877967583,0.3637568041376653,0.02631446427891437
554,,,,1.6,0.2666666666666666,0.19478089193258719,0.44511708585196175,0.04387952375022755
555,,,,1.7333333333333334,0.2666666666666666,0.15044394362033917,0.4976905726489349,0.07329762005878157
556,,,,1.8666666666666667,0.2666666666666666,0.08089510063439706,0.5580611196010068,0.1367570200468205
557,,,,2.0,0.2666666666666666,0.016709000024442797,0.672626961531023,0.28815813654403283
558,,,,-2.0,0.3999999999999999,0.10559788890879425,0.7190041129360907,0.27396269541182355
559,,,,-1.8666666666666667,0.3999999999999999,0.1697839895241602,0.6114283776259981,0.12427364284463208
560,,,,-1.7333333333333334,0.3999999999999999,0.23933283251686266,0.5578308717813343,0.06324177250232867
561,,,,-1.6,0.3999999999999999,0.2836697808343693,0.5117351124645211,0.03652389232818832
562,,,,-1.4666666666666668,0.3999999999999999,0.27829502768201875,0.4364622622379102,0.021565573726952832
563,,,,-1.3333333333333335,0.3999999999999999,0.21612268458919368,0.3174116008449346,0.011198396407490941
564,,,,-1.2,0.3999999999999999,0.11343075029694222,0.16744805430062115,0.004094586011998149
565,,,,-1.0666666666666667,0.3999999999999999,0.007500739069154494,0.023168445681221783,0.00044603682527630294
566,,,,-0.9333333333333333,0.3999999999999999,-0.05406176796868509,-0.06731638027122244,0.0004362734827935617
567,,,,-0.8,0.3999999999999999,-0.029200623846707324,-0.06152184947859496,0.0038281347506753686
568,,,,-0.6666666666666667,0.3999999999999999,0.10282961113020178,0.060857344418764114,0.00991369584911597
569,,,,-0.5333333333333334,0.3999999999999999,0.3314772350152454,0.2876757013145834,0.01759694849012737
570,,,,-0.3999999999999999,0.3999999999999999,0.6146487135076402,0.5742498425533995,0.025553355494885105
571,,,,-0.2666666666666666,0.3999999999999999,0.8889534262504768,0.8540909304865636,0.0324351569803434
572,,,,-0.1333333333333333,0.3999999999999999,1.0875547051848216,1.057425730745308,0.03708608781028244
573,,,,0.0,0.3999999999999999,0.15999999999999992,1.1317026058095507,0.038727823636987055
574,,,,0.1333333333333333,0.3999999999999999,1.0875547040243894,1.0574257298139855,0.03708608781027061
575,,,,0.2666666666666666,0.3999999999999999,0.8889534257944924,0.8540909292933065,0.0324351569803434
576,,,,0.3999999999999999,0.3999999999999999,0.6146487133180417,0.5742498422623612,0.025553355494920597
577,,,,0.5333333333333332,0.3999999999999999,0.3314772349616134,0.28767570192576386,0.017596948490091874
578,,,,0.6666666666666665,0.3999999999999999,0.10282961114450695,0.060857344389660284,0.009913695849044984
579,,,,0.7999999999999998,0.3999999999999999,-0.029200623807256826,-0.061521849274868146,0.0038281347505570557
580,,,,0.9333333333333331,0.3999999999999999,-0.05406176793042722,-0.0673163793690037,0.0004362734827225738
581,,,,1.0666666666666664,0.3999999999999999,0.007500739093002695,0.023168441344751045,0.0004460368249213636
582,,,,1.2000000000000002,0.3999999999999999,0.11343075030341582,0.16744801575987367,0.004094585999965704
583,,,,1.3333333333333335,0.3999999999999999,0.21612268458217238,0.31741144549596356,0.011198396211434264
584,,,,1.4666666666666668,0.3999999999999999,0.2782950276685646,0.43646181753865676,0.02156557209760365
585,,,,1.6,0.3999999999999999,0.283669780821476,0.5117340830129251,0.036523883299678365
586,,,,1.7333333333333334,0.3999999999999999,0.239332832509228,0.5578288237229572,0.06324173526193608
587,,,,1.8666666666666667,0.3999999999999999,0.1697839895232859,0.6114247506257016,0.12427352075519021
588,,,,2.0,0.3999999999999999,0.10559788891333163,0.7189982686031726,0.2739623628268539
589,,,,-2.0,0.5333333333333332,0.23004233335323865,0.7839397236821242,0.25682667271989057
590,,,,-1.8666666666666667,0.5333333333333332,0.29422843396860465,0.6861529560410418,0.10909499545266867
591,,,,-1.7333333333333334,0.5333333333333332,0.3637772769613071,0.6420402688672766,0.05097268426899441
592,,,,-1.6,0.5333333333333332,0.4081142252788137,0.6050151510280557,0.02753572916364809
593,,,,-1.4666666666666668,0.5333333333333332,0.4027394721264631,0.5382655006251298,0.01575924510324059
594,,,,-1.3333333333333335,0.5333333333333332,0.3405671290336381,0.4270122067537159,0.00810259934210384
595,,,,-1.2,0.5333333333333332,0.23787519474138663,0.2838983176043257,0.0029541673904655585
596,,,,-1.0666666666666667,0.5333333333333332,0.1319451835135989,0.14528572844574228,0.0003191544014245262
597,,,,-0.9333333333333333,0.5333333333333332,0.07038267647575933,0.0590915511129424,0.0003120927415557824
598,,,,-0.8,0.5333333333333332,0.09524382059773709,0.0677108263480477,0.0027605541160119706
599,,,,-0.6666666666666667,0.5333333333333332,0.2272740555746462,0.19151426194002852,0.007153499443166934
600,,,,-0.5333333333333334,0.5333333333333332,0.4559216794596898,0.4185948315425776,0.01269976026738881
601,,,,-0.3999999999999999,0.5333333333333332,0.7390931579520846,0.704654008790385,0.018443201407676364
602,,,,-0.2666666666666666,0.5333333333333332,1.0133978706949212,0.9836637483094819,0.023410923826709333
603,,,,-0.1333333333333333,0.5333333333333332,1.211999149629266,1.186288746423088,0.026768261782318652
604,,,,0.0,0.5333333333333332,0.28444444444444433,1.2602910624118522,0.027953371200844054
605,,,,0.1333333333333333,0.5333333333333332,1.2119991484688337,1.1862887452589348,0.026768261782294987
606,,,,0.2666666666666666,0.5333333333333332,1.0133978702389368,0.983663747087121,0.02341092382675666
607,,,,0.3999999999999999,0.5333333333333332,0.7390931577624862,0.7046540087321773,0.018443201407629038
608,,,,0.5333333333333332,0.5333333333333332,0.4559216794060579,0.4185948320955504,0.01269976026738881
609,,,,0.6666666666666665,0.5333333333333332,0.22727405558895136,0.1915142625948647,0.007153499443084115
610,,,,0.7999999999999998,0.5333333333333332,0.09524382063718759,0.06771082675550133,0.0027605541160947897
611,,,,0.9333333333333331,0.5333333333333332,0.0703826765140172,0.05909155198605731,0.0003120927416031077
612,,,,1.0666666666666664,0.5333333333333332,0.1319451835374471,0.14528572484414326,0.00031915440146002016
613,,,,1.2000000000000002,0.5333333333333332,0.23787519474786023,0.2838982793982723,0.002954167377841548
614,,,,1.3333333333333335,0.5333333333333332,0.3405671290266168,0.42701205088815186,0.008102599138652593
615,,,,1.4666666666666668,0.5333333333333332,0.4027394721130091,0.5382650550964172,0.01575924338021108
616,,,,1.6,0.5333333333333332,0.40811422526592045,0.6050141208797868,0.027535719517803918
617,,,,1.7333333333333334,0.5333333333333332,0.3637772769536724,0.6420382199012238,0.05097264448570969
618,,,,1.8666666666666667,0.5333333333333332,0.2942284339677303,0.6861493279238857,0.10909486483301625
619,,,,2.0,0.5333333333333332,0.23004233335777605,0.783933877913114,0.2568263171102642
620,,,,-2.0,0.6666666666666665,0.39004233335323857,0.8674506461247802,0.23941715853774503
621,,,,-1.8666666666666667,0.6666666666666665,0.4542284339686046,0.7822485624928959,0.09345969326757499
622,,,,-1.7333333333333334,0.6666666666666665,0.523777276961307,0.7503305964055471,0.038252536901687166
623,,,,-1.6,0.6666666666666665,0.5681142252788136,0.7249677964719012,0.01819075697668148
624,,,,-1.4666666666666668,0.6666666666666665,0.562739472126463,0.6691759420209564,0.009715728694082895
625,,,,-1.3333333333333335,0.6666666666666665,0.500567129033638,0.567946235940326,0.0048791315233651725
626,,,,-1.2,0.6666666666666665,0.39787519474138655,0.4336366974748671,0.00176659352337148
627,,,,-1.0666666666666667,0.6666666666666665,0.2919451835135988,0.302307911508251,0.00018702282701777028
628,,,,-0.9333333333333333,0.6666666666666665,0.23038267647575925,0.22162888082675636,0.00018277370553942856
629,,,,-0.8,0.6666666666666665,0.255243820597737,0.23388040967984125,0.0016487983446274565
630,,,,-0.6666666666666667,0.6666666666666665,0.3872740555746461,0.35951772291446105,0.004279089433433441
631,,,,-0.5333333333333334,0.6666666666666665,0.6159216794596898,0.5869401752133854,0.00759993219448511
632,,,,-0.3999999999999999,0.6666666666666665,0.8990931579520846,0.8723431655671448,0.011038837507718837
633,,,,-0.2666666666666666,0.6666666666666665,1.173397870694921,1.150289761775639,0.014013278489710698
634,,,,-0.1333333333333333,0.6666666666666665,1.3719991496292658,1.3520063113537617,0.016023496201128928
635,,,,0.0,0.6666666666666665,0.44444444444444425,1.42565713863587,0.016733084541822704
636,,,,0.1333333333333333,0.6666666666666665,1.3719991484688336,1.3520063103933353,0.016023496201199916
637,,,,0.2666666666666666,0.6666666666666665,1.1733978702389367,1.1502897606696934,0.01401327848965154
638,,,,0.3999999999999999,0.6666666666666665,0.8990931577624861,0.8723431655962486,0.011038837507600523
639,,,,0.5333333333333332,0.6666666666666665,0.6159216794060578,0.586940175795462,0.0075999321944969405
640,,,,0.6666666666666665,0.6666666666666665,0.3872740555889513,0.35951772339467425,0.004279089433291465
641,,,,0.7999999999999998,0.6666666666666665,0.25524382063718754,0.23388041017460637,0.0016487983447812636
642,,,,0.9333333333333331,0.6666666666666665,0.23038267651401712,0.22162888206366915,0.00018277370558675383
643,,,,1.0666666666666664,0.6666666666666665,0.29194518353744703,0.30230790771747706,0.00018702282702960158
644,,,,1.2000000000000002,0.6666666666666665,0.39787519474786015,0.43363665908691473,0.0017665935119542634
645,,,,1.3333333333333335,0.6666666666666665,0.5005671290266167,0.5679460801657115,0.004879131314140244
646,,,,1.4666666666666668,0.6666666666666665,0.562739472113009,0.6691754966923327,0.009715726851864741
647,,,,1.6,0.6666666666666665,0.5681142252659204,0.7249667669693736,0.0181907467216667
648,,,,1.7333333333333334,0.6666666666666665,0.5237772769536724,0.7503285489219707,0.0382524946557976
649,,,,1.8666666666666667,0.6666666666666665,0.4542284339677302,0.7822449372979463,0.09345955438472105
650,,,,2.0,0.6666666666666665,0.39004233335777594,0.8674448051915533,0.23941678023944757
651,,,,-2.0,0.7999999999999998,0.585597888908794,0.969544343999587,0.22506293001913527
652,,,,-1.8666666666666667,0.7999999999999998,0.6497839895241599,0.8997205524356104,0.0801620163987164
653,,,,-1.7333333333333334,0.7999999999999998,0.7193328325168624,0.882705929223448,0.02728102307953401
654,,,,-1.6,0.7999999999999998,0.763669780834369,0.8715959739638492,0.010081463632539261
655,,,,-1.4666666666666668,0.7999999999999998,0.7582950276820185,0.8291949491249397,0.004458951360007668
656,,,,-1.3333333333333335,0.7999999999999998,0.6961226845891935,0.7402128730900586,0.0020730564466060553
657,,,,-1.2,0.7999999999999998,0.5934307502969419,0.6166597893461585,0.0007325630594012877
658,,,,-1.0666666666666667,0.7999999999999998,0.48750073906915425,0.494229142263066,7.196950381307014e-05
659,,,,-0.9333333333333333,0.7999999999999998,0.42593823203131465,0.4202881859964691,7.016721202065713e-05
660,,,,-0.8,0.7999999999999998,0.45079937615329246,0.436979420366697,0.0006807227401498585
661,,,,-0.6666666666666667,0.7999999999999998,0.5828296111302016,0.5648620052379556,0.0017761608692683868
662,,,,-0.5333333333333334,0.7999999999999998,0.8114772350152452,0.7927093920879997,0.003159193302590386
663,,,,-0.3999999999999999,0.7999999999999998,1.09464871350764,1.077319287287537,0.00459139550525219
664,,,,-0.2666666666666666,0.7999999999999998,1.3689534262504766,1.353975175297819,0.005830161999357994
665,,,,-0.1333333333333333,0.7999999999999998,1.567554705184821,1.5545877088443376,0.0066673580904937375
666,,,,0.0,0.7999999999999998,0.6399999999999997,1.6278112430591136,0.006962880571908683
667,,,,0.1333333333333333,0.7999999999999998,1.5675547040243891,1.5545877077092882,0.006667358090470075
668,,,,0.2666666666666666,0.7999999999999998,1.3689534257944922,1.3539751740172505,0.005830161999369826
669,,,,0.3999999999999999,0.7999999999999998,1.0946487133180414,1.0773192869964987,0.004591395505204865
670,,,,0.5333333333333332,0.7999999999999998,0.8114772349616132,0.7927093926409725,0.003159193302637711
671,,,,0.6666666666666665,0.7999999999999998,0.5828296111445067,0.5648620056745131,0.001776160869315712
672,,,,0.7999999999999998,0.7999999999999998,0.4507993761927429,0.43697942067228723,0.0006807227401380273
673,,,,0.9333333333333331,0.7999999999999998,0.42593823206957254,0.4202881868550321,7.016721209164501e-05
674,,,,1.0666666666666664,0.7999999999999998,0.48750073909300246,0.49422913863963913,7.196950397870851e-05
675,,,,1.2000000000000002,0.7999999999999998,0.5934307503034156,0.6166597511837608,0.0007325630505632974
676,,,,1.3333333333333335,0.7999999999999998,0.6961226845821721,0.740212717657414,0.0020730562255971406
677,,,,1.4666666666666668,0.7999999999999998,0.7582950276685644,0.8291945044657041,0.004458949435786689
678,,,,1.6,0.7999999999999998,0.7636697808214757,0.871594946269397,0.010081452797719187
679,,,,1.7333333333333334,0.7999999999999998,0.7193328325092277,0.8827038854724378,0.02728097820970782
680,,,,1.8666666666666667,0.7999999999999998,0.6497839895232856,0.899716933828131,0.08016186937785989
681,,,,2.0,0.7999999999999998,0.5855978889133314,0.9695385143540989,0.22506253022062206
682,,,,-2.0,0.9333333333333331,0.8167090000199051,1.0902198910480365,0.21768298876099032
683,,,,-1.8666666666666667,0.9333333333333331,0.880895100635271,1.0385640649474226,0.07249184637018433
684,,,,-1.7333333333333334,0.9333333333333331,0.9504439436279735,1.0391584804165177,0.0206480351018255
685,,,,-1.6,0.9333333333333331,0.99478089194548,1.0448891905834898,0.005082842575274358
686,,,,-1.4666666666666668,0.9333333333333331,0.9894061387931296,1.018308929167688,0.001194486471901463
687,,,,-1.3333333333333335,0.9333333333333331,0.9272337957003045,0.9437948045087978,0.0003261326856328248
688,,,,-1.2,0.9333333333333331,0.824541861408053,0.8329462104593404,8.837883683315105e-05
689,,,,-1.0666666666666667,0.9333333333333331,0.7186118501802653,0.7210243189474568,2.828100588797885e-07
690,,,,-0.9333333333333333,0.9333333333333331,0.6570493431424257,0.6550418767146766,7.098787466327475e-14
691,,,,-0.8,0.9333333333333331,0.6819104872644035,0.6769797806628048,7.750621791695743e-05
692,,,,-0.6666666666666667,0.9333333333333331,0.8139407222413126,0.8075208854279481,0.00021656668851693662
693,,,,-0.5333333333333334,0.9333333333333331,1.0425883461263563,1.0358801902621053,0.0003921357717315481
694,,,,-0.3999999999999999,0.9333333333333331,1.325759824618751,1.319565226440318,0.0005739470002118578
695,,,,-0.2666666666666666,0.9333333333333331,1.6000645373615876,1.5947079344186932,0.0007312024016189324
696,,,,-0.1333333333333333,0.9333333333333331,1.7986658162959324,1.7940246065845713,0.0008374804240501616
697,,,,0.0,0.9333333333333331,0.8711111111111107,1.866746406944003,0.0008749955477980264
698,,,,0.1333333333333333,0.9333333333333331,1.7986658151355002,1.7940246055077296,0.0008374804240974869
699,,,,0.2666666666666666,0.9333333333333331,1.6000645369056032,1.5947079334000591,0.000731202401642595
700,,,,0.3999999999999999,0.9333333333333331,1.3257598244291526,1.3195652259746566,0.0005739470001881952
701,,,,0.5333333333333332,0.9333333333333331,1.0425883460727243,1.0358801907859743,0.00039213577170788547
702,,,,0.6666666666666665,0.9333333333333331,0.8139407222556178,0.8075208854861557,0.00021656668855243055
703,,,,0.7999999999999998,0.9333333333333331,0.681910487303854,0.6769797810848104,7.750621794062006e-05
704,,,,0.9333333333333331,0.9333333333333331,0.6570493431806836,0.655041877515032,2.366262432306962e-14
705,,,,1.0666666666666664,0.9333333333333331,0.7186118502041134,0.721024314952956,2.8281003521716416e-07
706,,,,1.2000000000000002,0.9333333333333331,0.8245418614145267,0.8329461717730737,8.837882554607906e-05
707,,,,1.3333333333333335,0.9333333333333331,0.9272337956932831,0.9437946489379101,0.00032613245254414
708,,,,1.4666666666666668,0.9333333333333331,0.9894061387796754,1.0183084856616915,0.0011944844341827043
709,,,,1.6,0.9333333333333331,0.9947808919325868,1.0448881654392608,0.005082831163902602
710,,,,1.7333333333333334,0.9333333333333331,0.9504439436203388,1.039156442431704,0.020647987978086986
711,,,,1.8666666666666667,0.9333333333333331,0.8808951006343967,1.038560456995583,0.0724916917032239
712,,,,2.0,0.9333333333333331,0.8167090000244425,1.0902140789012265,0.21768256781126138
713,,,,-2.0,1.0666666666666664,1.0833756666865717,1.2294622684130445,0.22170227112312554
714,,,,-1.8666666666666667,1.0666666666666664,1.1475617673019376,1.1987575434613973,0.07416399487837634
715,,,,-1.7333333333333334,1.0666666666666664,1.21711061029464,1.2196613636915572,0.02127806599764399
716,,,,-1.6,1.0666666666666664,1.2614475586121467,1.2448155636084266,0.00531215169404849
717,,,,-1.4666666666666668,1.0666666666666664,1.256072805459796,1.236480669118464,0.0012836836431050955
718,,,,-1.3333333333333335,1.0666666666666664,1.1939004623669711,1.1786489504156634,0.00036304568854033357
719,,,,-1.2,1.0666666666666664,1.0912085280747197,1.0824468296486884,0.00010088232366884674
720,,,,-1.0666666666666667,1.0666666666666664,0.9852785168469319,0.9826389044173993,1.6543511105331087e-06
721,,,,-0.9333333333333333,1.0666666666666664,0.9237160098090923,0.9258316939231008,1.3286843942516438e-06
722,,,,-0.8,1.0666666666666664,0.9485771539310701,0.9538220737595111,8.89090941166115e-05
723,,,,-0.6666666666666667,1.0666666666666664,1.0806073889079792,1.08743672556011,0.00024604697671893266
724,,,,-0.5333333333333334,1.0666666666666664,1.309255012793023,1.3163993018097244,0.0004444391470038149
725,,,,-0.3999999999999999,1.0666666666666664,1.5924264912854176,1.5990336169488728,0.0006498847345305794
726,,,,-0.2666666666666666,1.0666666666666664,1.8667312040282542,1.8724465839914046,0.0008275824612513768
727,,,,-0.1333333333333333,1.0666666666666664,2.065332482962599,2.0702798920101486,0.0009476761163469367
728,,,,0.0,1.0666666666666664,1.1377777777777773,2.142427109880373,0.000990068055120774
729,,,,0.1333333333333333,1.0666666666666664,2.0653324818021668,2.0702798907877877,0.0009476761163942619
730,,,,0.2666666666666666,1.0666666666666664,1.8667312035722698,1.8724465828272514,0.0008275824612277142
731,,,,0.3999999999999999,1.0666666666666664,1.5924264910958192,1.5990336166287307,0.0006498847344832542
732,,,,0.5333333333333332,1.0666666666666664,1.309255012739391,1.3163993021589704,0.00044443914692099575
733,,,,0.6666666666666665,1.0666666666666664,1.0806073889222843,1.0874367260112194,0.0002460469766597761
734,,,,0.7999999999999998,1.0666666666666664,0.9485771539705206,0.9538220741669647,8.8909094211262e-05
735,,,,0.9333333333333331,1.0666666666666664,0.9237160098473503,0.9258316945924889,1.328684311432457e-06
736,,,,1.0666666666666664,1.0666666666666664,0.98527851687078,0.9826388995716115,1.6543507792563614e-06
737,,,,1.2000000000000002,1.0666666666666664,1.0912085280811932,1.0824467909624218,0.00010088231095018596
738,,,,1.3333333333333335,1.0666666666666664,1.1939004623599498,1.1786487953395408,0.00036304544733536855
739,,,,1.4666666666666668,1.0666666666666664,1.2560728054463421,1.2364802269730717,0.0012836815067841796
740,,,,1.6,1.0666666666666664,1.2614475585992535,1.2448145420494257,0.005312139765908672
741,,,,1.7333333333333334,1.0666666666666664,1.2171106102870055,1.2196593334610952,0.021278016648352802
742,,,,1.8666666666666667,1.0666666666666664,1.1475617673010634,1.198753950056016,0.07416383265927629
743,,,,2.0,1.0666666666666664,1.083375666691109,1.2294564798503416,0.22170183029236692
744,,,,-2.0,1.2000000000000002,1.3855978889087948,1.3872359115048312,0.24195676363421137
745,,,,-1.8666666666666667,1.2000000000000002,1.4497839895241607,1.3802554137073457,0.08923864868017284
746,,,,-1.7333333333333334,1.2000000000000002,1.5193328325168631,1.424160394235514,0.03236762299693927
747,,,,-1.6,1.2000000000000002,1.5636697808343698,1.4713127864524722,0.013083620901397754
748,,,,-1.4666666666666668,1.2000000000000002,1.558295027682019,1.4836395435850136,0.006214557509085997
749,,,,-1.3333333333333335,1.2000000000000002,1.4961226845891942,1.4446959928027354,0.00297592217726733
750,,,,-1.2,1.2000000000000002,1.3934307502969427,1.3650737181887962,0.0010617664969540391
751,,,,-1.0666666666666667,1.2000000000000002,1.2875007390691549,1.2789774075499736,0.00010856713390860167
752,,,,-0.9333333333333333,1.2000000000000002,1.2259382320313155,1.2325568265514448,0.00010594102995456768
753,,,,-0.8,1.2000000000000002,1.2507993761532932,1.2674033937510103,0.0009879497449171624
754,,,,-0.6666666666666667,1.2000000000000002,1.3828296111302023,1.4045081351068802,0.0025704291184682378
755,,,,-0.5333333333333334,1.2000000000000002,1.6114772350152458,1.6341700120829046,0.004568368630653235
756,,,,-0.3999999999999999,1.2000000000000002,1.8946487135076406,1.9156343177892268,0.00663733857737043
757,,,,-0.2666666666666666,1.2000000000000002,2.1689534262504773,2.1871076595853083,0.008426870147634217
758,,,,-0.1333333333333333,1.2000000000000002,2.367554705184822,2.3832750358851627,0.009636290345149961
759,,,,0.0,1.2000000000000002,1.4400000000000004,2.4547766382456757,0.010063204601409187
760,,,,0.1333333333333333,1.2000000000000002,2.36755470402439,2.383275034808321,0.009636290345185455
761,,,,0.2666666666666666,1.2000000000000002,2.168953425794493,2.1871076583047397,0.008426870147539565
762,,,,0.3999999999999999,1.2000000000000002,1.894648713318042,1.9156343172944617,0.006637338577027321
763,,,,0.5333333333333332,1.2000000000000002,1.611477234961614,1.634170012170216,0.004568368630215477
764,,,,0.6666666666666665,1.2000000000000002,1.3828296111445075,1.4045081349177053,0.002570429117616383
765,,,,0.7999999999999998,1.2000000000000002,1.2507993761927436,1.2674033932125894,0.000987949743876007
766,,,,0.9333333333333331,1.2000000000000002,1.2259382320695733,1.2325568267406197,0.00010594102954047175
767,,,,1.0666666666666664,1.2000000000000002,1.287500739093003,1.278977402340388,0.00010856713310407243
768,,,,1.2000000000000002,1.2000000000000002,1.3934307503034162,1.3650736788840732,0.001061766483087741
769,,,,1.3333333333333335,1.2000000000000002,1.496122684582173,1.4446958378066483,0.0029759219220304284
770,,,,1.4666666666666668,1.2000000000000002,1.5582950276685652,1.4836391028075013,0.006214555280883109
771,,,,1.6,1.2000000000000002,1.5636697808214766,1.471311769586464,0.013083608459175583
772,,,,1.7333333333333334,1.2000000000000002,1.5193328325092286,1.4241583740404167,0.032367571392848404
773,,,,1.8666666666666667,1.2000000000000002,1.4497839895232865,1.3802518383663482,0.08923847958633492
774,,,,2.0,1.2000000000000002,1.385597888913332,1.3872301527517266,0.24195630405749555
775,,,,-2.0,1.3333333333333335,1.7233756666865725,1.563477641902864,0.283590172260713
776,,,,-1.8666666666666667,1.3333333333333335,1.7875617673019384,1.5829800586216152,0.12203473905309947
777,,,,-1.7333333333333334,1.3333333333333335,1.8571106102946409,1.6525651182746515,0.05731708062469818
778,,,,-1.6,1.3333333333333335,1.9014475586121475,1.724278244713787,0.030859144838883117
779,,,,-1.4666666666666668,1.3333333333333335,1.8960728054597968,1.759670784813352,0.01757010852637149
780,,,,-1.3333333333333335,1.3333333333333335,1.833900462366972,1.7418089045677334,0.009007494996546366
781,,,,-1.2,1.3333333333333335,1.7312085280747205,1.6806880448712036,0.003281415253718319
782,,,,-1.0666666666666667,1.3333333333333335,1.6252785168469326,1.6098907734267414,0.0003556639118346341
783,,,,-0.9333333333333333,1.3333333333333335,1.5637160098090932,1.5750609042588621,0.00034773836044096163
784,,,,-0.8,1.3333333333333335,1.588577153931071,1.6175640414003283,0.0030651397699431506
785,,,,-0.6666666666666667,1.3333333333333335,1.72060738890798,1.7585764560499229,0.007940628401673288
786,,,,-0.5333333333333334,1.3333333333333335,1.9492550127930235,1.989038502855692,0.014096116844013169
787,,,,-0.3999999999999999,1.3333333333333335,2.2324264912854184,2.269220663118176,0.02047044401389377
788,,,,-0.2666666666666666,1.3333333333333335,2.506731204028255,2.538551882840693,0.025983844523335915
789,,,,-0.1333333333333333,1.3333333333333335,2.7053324829625995,2.7328762562246993,0.02970996902585587
790,,,,0.0,1.3333333333333335,1.7777777777777781,2.8036632364382967,0.03102525688929859
791,,,,0.1333333333333333,1.3333333333333335,2.7053324818021673,2.732876254915027,0.029709969025453604
792,,,,0.2666666666666666,1.3333333333333335,2.5067312035722704,2.538551881443709,0.025983844522590543
793,,,,0.3999999999999999,1.3333333333333335,2.23242649109582,2.2692206621868536,0.020470444012237386
794,,,,0.5333333333333332,1.3333333333333335,1.9492550127393917,1.9890385024482384,0.014096116841848038
795,,,,0.6666666666666665,1.3333333333333335,1.7206073889222853,1.7585764552495675,0.007940628397899099
796,,,,0.7999999999999998,1.3333333333333335,1.5885771539705213,1.6175640405563172,0.003065139767008985
797,,,,0.9333333333333331,1.3333333333333335,1.563716009847351,1.5750609042588621,0.0003477383576014467
798,,,,1.0666666666666664,1.3333333333333335,1.6252785168707808,1.6098907676714589,0.00035566391002444327
799,,,,1.2000000000000002,1.3333333333333335,1.731208528081194,1.6806880053773057,0.0032814152400058283
800,,,,1.3333333333333335,1.3333333333333335,1.8339004623599506,1.741808749793563,0.009007494723314038
801,,,,1.4666666666666668,1.3333333333333335,1.896072805446343,1.7596703461822472,0.01757010622613957
802,,,,1.6,1.3333333333333335,1.9014475585992543,1.7242772332811,0.030859131811046478
803,,,,1.7333333333333334,1.3333333333333335,1.8571106102870063,1.65256310975019,0.05731702695012765
804,,,,1.8666666666666667,1.3333333333333335,1.7875617673010642,1.582976505215811,0.12203456321772062
805,,,,2.0,1.3333333333333335,1.7233756666911098,1.5634719189311,0.28358969493437836
806,,,,-2.0,1.4666666666666668,2.096709000019906,1.7580891327816062,0.35194446526564493
807,,,,-1.8666666666666667,1.4666666666666668,2.160895100635272,1.8068132669432089,0.17703818264488863
808,,,,-1.7333333333333334,1.4666666666666668,2.2304439436279746,1.9047392445500009,0.09965851600626988
809,,,,-1.6,1.4666666666666668,2.274780891945481,2.0035584790166467,0.06119608667556001
810,,,,-1.4666666666666668,1.4666666666666668,2.2694061387931304,2.0644040514016524,0.03699481177699066
811,,,,-1.3333333333333335,1.4666666666666668,2.207233795700305,2.069800723809749,0.019333325793437713
812,,,,-1.2,1.4666666666666668,2.104541861408054,2.0290871847537346,0.007082440172165298
813,,,,-1.0666666666666667,1.4666666666666668,1.998611850180266,1.9751629435340874,0.0007791439263729361
814,,,,-0.9333333333333333,1.4666666666666668,1.9370493431424267,1.9531181387137622,0.0007621468342467867
815,,,,-0.8,1.4666666666666668,1.9619104872644044,2.0040733535424806,0.00662243916586292
816,,,,-0.6666666666666667,1.4666666666666668,2.0939407222413133,2.149411365564447,0.017136814845691527
817,,,,-0.5333333333333334,1.4666666666666668,2.322588346126357,2.380779303552117,0.030411612795126396
818,,,,-0.3999999999999999,1.4666666666666668,2.605759824618752,2.6595748110557906,0.04415835404882216
819,,,,-0.2666666666666666,1.4666666666666668,2.8800645373615885,2.9265694441855885,0.05604843903661998
820,,,,-0.1333333333333333,1.4666666666666668,3.078665816295933,3.1188797678332776,0.06408412162822433
821,,,,0.0,1.4666666666666668,2.1511111111111116,3.1888853462587576,0.06692064409739984
822,,,,0.1333333333333333,1.4666666666666668,3.0786658151355013,3.1188797662616707,0.06408412162660343
823,,,,0.2666666666666666,1.4666666666666668,2.8800645369056044,2.926569442177424,0.05604843903317707
824,,,,0.3999999999999999,1.4666666666666668,2.6057598244291533,2.659574809600599,0.0441583540444564
825,,,,0.5333333333333332,1.4666666666666668,2.3225883460727252,2.380779302562587,0.030411612788701994
826,,,,0.6666666666666665,1.4666666666666668,2.093940722255619,2.1494113641238073,0.017136814838474426
827,,,,0.7999999999999998,1.4666666666666668,1.9619104873038549,2.0040733518399065,0.006622439156847459
828,,,,0.9333333333333331,1.4666666666666668,1.9370493431806846,1.9531181371421553,0.0007621468241665086
829,,,,1.0666666666666664,1.4666666666666668,1.9986118502041144,1.9751629373131436,0.0007791439179727043
830,,,,1.2000000000000002,1.4666666666666668,2.1045418614145275,2.0290871440738556,0.007082440151779947
831,,,,1.3333333333333335,1.4666666666666668,2.207233795693284,2.0698005690064747,0.019333325502789694
832,,,,1.4666666666666668,1.4666666666666668,2.2694061387796762,2.0644036146768485,0.03699480937633457
833,,,,1.6,1.4666666666666668,2.2747808919325876,2.0035574736029957,0.06119607318106091
834,,,,1.7333333333333334,1.4666666666666668,2.23044394362034,1.9047372496061143,0.09965846028550937
835,,,,1.8666666666666667,1.4666666666666668,2.1608951006343977,1.806809738613083,0.17703800066458641
836,,,,2.0,1.4666666666666668,2.0967090000244433,1.7580834511345529,0.35194397168916847
837,,,,-2.0,1.6,2.505597888908795,1.97092906277976,0.4524467355091343
838,,,,-1.8666666666666667,1.6,2.569783989524161,2.0515873322146945,0.25880705322481895
839,,,,-1.7333333333333334,1.6,2.6393328325168635,2.180490692029707,0.16298115197196048
840,,,,-1.6,1.6,2.6836697808343697,2.308938219153788,0.10669338466044113
841,,,,-1.4666666666666668,1.6,2.678295027682019,2.3976015320513397,0.06616005760260826
842,,,,-1.3333333333333335,1.6,2.616122684589194,2.4284118360374123,0.03484352625340414
843,,,,-1.2,1.6,2.513430750296943,2.4099913014215417,0.012793108662562901
844,,,,-1.0666666666666667,1.6,2.407500739069155,2.3744968779501505,0.001416254140471333
845,,,,-0.9333333333333333,1.6,2.3459382320313154,2.3664189035771415,0.0013856231026020053
846,,,,-0.8,1.6,2.3707993761532933,2.4266149571049027,0.011967115706418785
847,,,,-0.6666666666666667,1.6,2.502829611130202,2.576695900526829,0.03095214359131658
848,,,,-0.5333333333333334,1.6,2.731477235015246,2.809080147941131,0.054921464541171784
849,,,,-0.3999999999999999,1.6,3.0146487135076407,3.086392494966276,0.07974293975963308
850,,,,-0.2666666666666666,1.6,3.2889534262504774,3.3508646874688566,0.10121198858740052
851,,,,-0.1333333333333333,1.6,3.487554705184822,3.540996429277584,0.11572142766788879
852,,,,0.0,1.6,2.5600000000000005,3.610156243899837,0.12084312702992364
853,,,,0.1333333333333333,1.6,3.48755470402439,3.540996427589562,0.11572142766251736
854,,,,0.2666666666666666,1.6,3.2889534257944932,3.35086468514055,0.10121198857847971
855,,,,0.3999999999999999,1.6,3.014648713318042,3.0863924928125925,0.07974293974556564
856,,,,0.5333333333333332,1.6,2.731477234961614,2.809080145903863,0.05492146452214703
857,,,,0.6666666666666665,1.6,2.5028296111445076,2.5766958976601018,0.030952143569381325
858,,,,0.7999999999999998,1.6,2.370799376192744,2.426614954136312,0.011967115679336912
859,,,,0.9333333333333331,1.6,2.345938232069573,2.3664189003175125,0.001385623075733095
860,,,,1.0666666666666664,1.6,2.4075007390930034,2.3744968704268103,0.0014162541180391646
861,,,,1.2000000000000002,1.6,2.5134307503034163,2.409991259686649,0.01279310862342492
862,,,,1.3333333333333335,1.6,2.616122684582173,2.428411680539284,0.034843525944973655
863,,,,1.4666666666666668,1.6,2.678295027668565,2.3976010972655786,0.066160055065407
864,,,,1.6,1.6,2.6836697808214764,2.3089372208469285,0.1066933706346688
865,,,,1.7333333333333334,1.6,2.6393328325092287,2.180488712261649,0.16298109445308895
866,,,,1.8666666666666667,1.6,2.5697839895232866,2.0515838320261537,0.25880686545052195
867,,,,2.0,1.6,2.505597888913332,1.9709234279507655,0.45244622681674834
868,,,,-2.0,1.7333333333333334,2.950042333353239,2.201805130869616,0.5904948749413864
869,,,,-1.8666666666666667,1.7333333333333334,3.014228433968605,2.3170759901986457,0.3718757853864299
870,,,,-1.7333333333333334,1.7333333333333334,3.0837772769613077,2.4795614542090334,0.25085608074445825
871,,,,-1.6,1.7333333333333334,3.128114225278814,2.640129222185351,0.16993719102292335
872,,,,-1.4666666666666668,1.7333333333333334,3.1227394721264634,2.758945837500505,0.1067293611001172
873,,,,-1.3333333333333335,1.7333333333333334,3.0605671290336383,2.817297030996997,0.05642444647215889
874,,,,-1.2,1.7333333333333334,2.957875194741387,2.8230296997353435,0.0207408815347019
875,,,,-1.0666666666666667,1.7333333333333334,2.851945183513599,2.8075003314297646,0.0023049630426931057
876,,,,-0.9333333333333333,1.7333333333333334,2.7903826764757595,2.8145550682093017,0.002255341817165194
877,,,,-0.8,1.7333333333333334,2.8152438205977375,2.8847717705066316,0.01940571638066171
878,,,,-0.6666666666666667,1.7333333333333334,2.9472740555746464,3.0400112158968113,0.05017647294979563
879,,,,-0.5333333333333334,1.7333333333333334,3.17592167945969,3.27352657209849,0.08902573282672757
880,,,,-0.3999999999999999,1.7333333333333334,3.459093157952085,3.5492675061686896,0.12925615972106771
881,,,,-0.2666666666666666,1.7333333333333334,3.7333978706949216,3.811040523345582,0.16405300532080386
882,,,,-0.1333333333333333,1.7333333333333334,3.931999149629266,3.998836116224993,0.18756977723473603
883,,,,0.0,1.7333333333333334,3.0044444444444447,4.067088398674969,0.19587098287730276
884,,,,0.1333333333333333,1.7333333333333334,3.931999148468834,3.9988361141295172,0.18756977722299936
885,,,,0.2666666666666666,1.7333333333333334,3.733397870238937,3.811040520260576,0.164053005295544
886,,,,0.3999999999999999,1.7333333333333334,3.4590931577624864,3.5492675026180223,0.12925615968725385
887,,,,0.5333333333333332,1.7333333333333334,3.1759216794060583,3.2735265682276804,0.08902573278234832
888,,,,0.6666666666666665,1.7333333333333334,2.947274055588952,3.040011211356614,0.0501764728982821
889,,,,0.7999999999999998,1.7333333333333334,2.815243820637188,2.884771765151527,0.01940571632494806
890,,,,0.9333333333333331,1.7333333333333334,2.7903826765140174,2.814555063829175,0.002255341755796177
891,,,,1.0666666666666664,1.7333333333333334,2.8519451835374476,2.8075003206467954,0.0023049629818564974
892,,,,1.2000000000000002,1.7333333333333334,2.9578751947478605,2.823029655868595,0.020740881467381733
893,,,,1.3333333333333335,1.7333333333333334,3.060567129026617,2.8172968747203413,0.05642444611996438
894,,,,1.4666666666666668,1.7333333333333334,3.1227394721130093,2.758945404562837,0.10672935843970464
895,,,,1.6,1.7333333333333334,3.1281142252659206,2.640128230999835,0.1699371765826883
896,,,,1.7333333333333334,1.7333333333333334,3.083777276953673,2.4795594913048262,0.25085602147407926
897,,,,1.8666666666666667,1.7333333333333334,3.0142284339677308,2.3170725216214123,0.3718755923943467
898,,,,2.0,1.7333333333333334,2.9500423333577763,2.201799548026429,0.5904943527619078
899,,,,-2.0,1.8666666666666667,3.430042333353239,2.4504660974489525,0.7713445623842539
900,,,,-1.8666666666666667,1.8666666666666667,3.494228433968605,2.6029853940708563,0.5206605238684973
901,,,,-1.7333333333333334,1.8666666666666667,3.5637772769613076,2.801617512537632,0.36676194939993517
902,,,,-1.6,1.8666666666666667,3.608114225278814,2.9967591633321717,0.25344728754426893
903,,,,-1.4666666666666668,1.8666666666666667,3.6027394721264634,3.148027945542708,0.16032417503300855
904,,,,-1.3333333333333335,1.8666666666666667,3.5405671290336382,3.2360126167186536,0.08494082080710576
905,,,,-1.2,1.8666666666666667,3.437875194741387,3.2677272394066676,0.031246302514100682
906,,,,-1.0666666666666667,1.8666666666666667,3.331945183513599,3.273671697708778,0.003483931015813506
907,,,,-0.9333333333333333,1.8666666666666667,3.2703826764757595,3.2970054051838815,0.0034091783454108632
908,,,,-0.8,1.8666666666666667,3.2952438205977375,3.3780110757797956,0.02923838329870946
909,,,,-0.6666666666666667,1.8666666666666667,3.4272740555746464,3.538821420748718,0.07558051630694645
910,,,,-0.5333333333333334,1.8666666666666667,3.65592167945969,3.7735865771537647,0.13408925182508388
911,,,,-0.3999999999999999,1.8666666666666667,3.939093157952085,4.047676243993919,0.19467809405539693
912,,,,-0.2666666666666666,1.8666666666666667,4.213397870694921,4.30658290249994,0.24708372077105886
913,,,,-0.1333333333333333,1.8666666666666667,4.411999149629266,4.491892154561356,0.28250104667037645
914,,,,0.0,1.8666666666666667,3.4844444444444447,4.559177892951993,0.2950030394150685
915,,,,0.1333333333333333,1.8666666666666667,4.411999148468834,4.491892151650973,0.2825010466445132
916,,,,0.2666666666666666,1.8666666666666667,4.213397870238937,4.306582897959743,0.2470837207182084
917,,,,0.3999999999999999,1.8666666666666667,3.9390931577624864,4.047676238842541,0.19467809397538177
918,,,,0.5333333333333332,1.8666666666666667,3.6559216794060583,3.77358657111472,0.1340892517268485
919,,,,0.6666666666666665,1.8666666666666667,3.427274055588952,3.538821414054837,0.07558051619288077
920,,,,0.7999999999999998,1.8666666666666667,3.295243820637188,3.3780110678926576,0.029238383167949796
921,,,,0.9333333333333331,1.8666666666666667,3.2703826765140174,3.297005396321765,0.003409178210829685
922,,,,1.0666666666666664,1.8666666666666667,3.3319451835374476,3.2736716844301554,0.0034839308868995266
923,,,,1.2000000000000002,1.8666666666666667,3.4378751947478605,3.267727192665916,0.031246302372053947
924,,,,1.3333333333333335,1.8666666666666667,3.540567129026617,3.2360124585102312,0.08494082035645106
925,,,,1.4666666666666668,1.8666666666666667,3.6027394721130093,3.1480275135400007,0.1603241722119386
926,,,,1.6,1.8666666666666667,3.6081142252659206,2.9967581790715485,0.2534472726035457
927,,,,1.7333333333333334,1.8666666666666667,3.563777276953673,2.801615567168483,0.3667618885416639
928,,,,1.8666666666666667,1.8666666666666667,3.4942284339677308,2.6029819592968124,0.5206603261247815
929,,,,2.0,1.8666666666666667,3.4300423333577763,2.4504605713809724,0.7713440285265245
930,,,,-2.0,2.0,3.9455978889087944,2.716594030003762,1.0000000000000002
931,,,,-1.8666666666666667,2.0,4.00978398952416,2.908945321512874,0.7093676791454728
932,,,,-1.7333333333333334,2.0,4.0793328325168625,3.146239000139758,0.5140132561457449
933,,,,-1.6,2.0,4.123669780834369,3.3783608053345233,0.3596255072445767
934,,,,-1.4666666666666668,2.0,4.118295027682019,3.564335464790929,0.22849114287828745
935,,,,-1.3333333333333335,2.0,4.056122684589194,3.6840038765221834,0.12121887654395347
936,,,,-1.2,2.0,3.9534307502969424,3.7434911039308645,0.04461750665034973
937,,,,-1.0666666666666667,2.0,3.8475007390691545,3.7723862350103445,0.004992920706007175
938,,,,-0.9333333333333333,2.0,3.785938232031315,3.813121373998001,0.004886129325772285
939,,,,-0.8,2.0,3.810799376153293,3.905669990752358,0.041753771081938805
940,,,,-0.6666666666666667,2.0,3.9428296111302017,4.0724588123266585,0.10790089065045629
941,,,,-0.5333333333333334,2.0,4.171477235015246,4.308595699258149,0.19141421967077618
942,,,,-0.3999999999999999,2.0,4.45464871350764,4.580962668813299,0.27789663490798056
943,,,,-0.2666666666666666,2.0,4.728953426250477,4.836845692829229,0.35269861901542626
944,,,,-0.1333333333333333,2.0,4.927554705184821,5.019526153162587,0.4032520913908511
945,,,,0.0,2.0,4.0,5.085789241362363,0.4210970061833646
946,,,,0.1333333333333333,2.0,4.92755470402439,5.019526149670128,0.40325209134027223
947,,,,0.2666666666666666,2.0,4.728953425794493,4.836845686950255,0.35269861891303805
948,,,,0.3999999999999999,2.0,4.454648713318042,4.580962661129888,0.2778966347524698
949,,,,0.5333333333333332,2.0,4.171477234961613,4.308595690235961,0.19141421946640208
950,,,,0.6666666666666665,2.0,3.942829611144507,4.072458801791072,0.10790089041984034
951,,,,0.7999999999999998,2.0,3.8107993761927434,3.9056699786451645,0.041753770829375786
952,,,,0.9333333333333331,2.0,3.7859382320695727,3.813121362196398,0.004886129057627422
953,,,,1.0666666666666664,2.0,3.847500739093003,3.772386216754967,0.004992920432384414
954,,,,1.2000000000000002,2.0,3.953430750303416,3.74349105283909,0.04461750636549905
955,,,,1.3333333333333335,2.0,4.0561226845821725,3.684003715770814,0.12121887598295997
956,,,,1.4666666666666668,2.0,4.118295027668565,3.564335033086536,0.2284911398471289
957,,,,1.6,2.0,4.123669780821476,3.3783598281806917,0.3596254917458651
958,,,,1.7333333333333334,2.0,4.079332832509228,3.146237073402517,0.5140131936710443
959,,,,1.8666666666666667,2.0,4.009783989523286,2.908941923218663,0.7093674772455236
960,,,,2.0,2.0,3.9455978889133316,2.7165885653384976,0.999999455552489
